GMC,GMN,YEAR,Total_All_Pop,Total_ICPCPat_Pop,Gender_Mannen,Gender_Vrouwen,0to20,21to40,41to60,61to80,Above80,MajorEthnicity_NativeDutch,MajorEthnicity_Western,MajorEthnicity_NonWestern,MajorEthnicity_Other,MinorEthnicity_Marokko,MinorEthnicity_Suriname,MinorEthnicity_Turkije,MinorEthnicity_VoormaligeNederlandseAntillenenAruba,Multiperson_Household,HouseholdType_Institutional,Employee,Unemployment_benefit_user,Welfare_benefit_user,Other_social_benefit_user,Sickness_benefit_user,Pension_benefit_user,Moving_count_above_1,Lifeevents_count_above_2,Low_Income,Debt_Mortgage,Debt_Poor,Wanbet,WMO_user,WLZ_user,ZVWKHUISARTS_user,ZVWKFARMACIE_user,ZVWKZIEKENHUIS_user,ZVWKOSTENPSYCHO_user,HVZ_Medication_user,UniqueMed_Count_5,UniqueMed_Count_10,DIAB_Medication_user,BLOEDDRUKV_Medication_user,CHOL_Medication_user,DIURETICS_Medication_user,DIURETICS_RAAS_BETA_Medication_user,OPIOID_Medication_user,OPIOID_MULYEARS_Medication_user,Opioid_user_no_death,Opioid_user_no_death_primary,Opioid_user_2Years_no_death,Opioid_user_2Years_no_death_primary,ICU_Referral,Ambulance_Referral,Cardiologist_Referral,Lab_Referral,Physiologie_Referral,Hypertensie_patients,COPD_patients,Diabetes_I_patients,Diabetes_II_patients,Hartfalen_patients,ICPC_Hartfalen_patients,OMA_patients,Morbus_Parkinson_patients,Heupfractuur_patients,BMIUP45_patients,Lung_Cancer_patients,Colon_Cancer_patients,Back_pain_patients,Medication_Dependency_patients,Medication_Dependency_3Years_patients,Medication_Dependency_5Years_patients,Alcohol_Dependency_patients,Alcohol_Dependency_3Years_patients,Alcohol_Dependency_5Years_patients,Loneliness_patients,Loneliness_3Years_patients,Loneliness_5Years_patients,ICPC_Obesitas_patients,BMI_NormalWeight,BMI_Obese,BMI_OverWeight,BMI_UnderWeight,Primary_care_patients_in_Secondary_care,HBOPL_Low,HBOPL_Mid,HBOPL_High,HGOPL_Low,HGOPL_Mid,HGOPL_High
GM0484,Alphen aan den Rijn,2009,109189,0.6770187473097107,0.4966159594830981,0.5033474067900613,0.24874300524778137,0.26055738215387997,0.2885363910284003,0.1614173588914634,0.029123812838289572,0.8272353442196558,0.08036523825660094,0.09240857595545339,0.17277381421205432,0.026055738215387998,0.0137834397237817,0.009295808185806262,0.007967835587833939,20995,0.013371310296824772,,,,,,,0.004716592330729286,0.007464121843775472,,,0.0024269844031907977,,,,0.9601241883339897,0.7121138576230206,0.5400727179477787,0.036450558206412735,22700.0,0.2015770819404885,0.04538002912381284,0.030589161911914204,0.17185797104103892,0.08471549331892407,0.015202996638855562,0.018500032054510986,0.04048026815888047,,4145.0,0.040068138731923546,,0.015111412321754022,,,,,,,,,,,,,,,,,,,,,,,,,,,,,0.006319317880006228,0.009158431710153953,0.011127494527837054,0.0004579215855076977,,,,,,,
GM0484,Alphen aan den Rijn,2010,109177,0.6792273097813643,0.49657894977879957,0.503402731344514,0.2474880240343662,0.2536248477243375,0.28948404883812523,0.16720554695586068,0.0300429577658298,0.8252653947259954,0.08138160967969445,0.09338047390933987,0.17476208358903433,0.026424979620249686,0.013739157514861189,0.0092510327266732,0.007831319783470878,20435,0.013326982789415354,,,,,,,0.0046255163633366,0.01085393443674034,,,0.0019692792437967705,0.011540892312483399,,,0.9534059371479341,0.7086657446165401,0.5470016578583401,0.03883601857534096,23400.0,0.2069117121738095,0.047949659726865546,0.03187484543447796,0.17627339091566904,0.0900830761057732,0.015067276074631104,0.02024235873856215,0.04373631808897478,0.015342059224928328,4500.0,0.04240819952920487,0.014426115390604248,0.015800031142090366,0.0008091051297265225,,0.0455795889745941,0.0541426182641998,0.1182641997950267,,0.0002289859585810198,0.00018318876686481585,0.00018318876686481585,,225.0,,9.159438343240793e-05,,,,9.159438343240793e-05,,0.0003205803420134277,0.0003205803420134277,0.0003205803420134277,0.0015113073266347307,0.0015113073266347307,0.0015113073266347307,9.159438343240793e-05,9.159438343240793e-05,9.159438343240793e-05,0.00242725116095881,0.011632486695915807,0.01570843675865796,0.019051631753940847,0.0007785522591754674,0.00667511732024381,,,,,,
GM0484,Alphen aan den Rijn,2011,109223,0.6805526308561384,0.49650714593080214,0.5035111652307664,0.24587312196149164,0.24807046134971572,0.2911016910357708,0.17203336293637786,0.031632531609642654,0.8229951566977651,0.08249178286624612,0.09453137159755728,0.1770231544638034,0.026917407505745127,0.01368759327247924,0.009384470303873725,0.007507576243098981,92965,0.011352920172491142,0.406095785686165,0.008514690129368356,0.010437362094064437,0.009979583054851084,0.020874724188128874,0.16658579236973897,0.004486234584290855,0.011490253884255147,4010.0,0.5119342995522921,0.002151561484302757,0.012268478250917847,,,0.9770378033930582,0.6984334801278119,0.5667304505461304,0.0484330223487727,23960.0,0.20741968266757002,0.04921124671543539,0.033509425670417405,0.1802733856422182,0.09512648434853464,0.015244042005804639,0.020600056764600864,0.047654797982109996,0.017075158162658047,4905.0,0.04536590278604323,0.015884932660703333,0.01734982558618606,0.0007399235860732928,,0.04890222246138944,0.053610827100037665,0.1274013883657106,,0.00022888951960667626,0.00013733371176400576,0.00022888951960667626,,255.0,,0.00013733371176400576,,,,0.000183111615685341,,0.0004577790392133525,0.000732446462741364,0.000732446462741364,0.0015564487333253984,0.0028382300431227855,0.0028382300431227855,0.00013733371176400576,0.000183111615685341,0.000183111615685341,0.0027008963313587798,0.012588923578367195,0.01638848960383802,0.02082894628420754,0.0007782243666626992,0.01116611957165151,,,,,,
GM0484,Alphen aan den Rijn,2012,109116,0.681513251952051,0.4962150372081088,0.5038216210271638,0.24331903662157703,0.2429982770629422,0.2923036035045273,0.17802155504234027,0.03253418380439166,0.8216026980461161,0.08316837127460684,0.09521976612045896,0.1783881373950658,0.027310385278052716,0.013655192639026358,0.009393672788591958,0.007560761024964258,92895,0.011638989699035889,0.4026448916749148,0.010264305876315114,0.010447597052677884,0.010447597052677884,0.020803548517174385,0.1717438322519154,0.004719747791341325,0.012097217639942813,4540.0,0.5088163055830492,0.002336962498625316,0.011822280875398659,,,0.9789123501594633,0.6920616591517285,0.5657282158436893,0.04256937571025331,24410.0,0.20189523076359103,0.04770152864841087,0.034779500714835584,0.1833828219509513,0.09943546317680267,0.01498405366765644,0.020299497782176767,0.048251402177499174,0.0188789911653653,4960.0,0.044173173503427546,0.01759595293082591,0.01846658601854907,0.0006723683502770157,,0.048410521219945137,0.05930288849443279,0.12028669786455812,70.0,0.0029784816158950106,0.0021536713222625463,0.0045364566149785545,0.0024286080868067012,270.0,0.005315444114520327,0.0013288610286300818,,0.0001832911763627699,0.0007789874995417721,0.0017870889695370065,0.0015121522049928516,0.0005498735290883097,0.0012372154404486969,0.0012372154404486969,0.001741266175446314,0.00407822867407163,0.00407822867407163,9.164558818138495e-05,0.00027493676454415486,0.00027493676454415486,0.0026577220572601636,0.01168481249312658,0.016954433813556217,0.02094101689944646,0.0007789874995417721,0.25227260502393634,,,,,,
GM0484,Alphen aan den Rijn,2013,108586,0.6830991103825539,0.49656493470613156,0.5034258560035364,0.24165177831396312,0.2379220157294679,0.2920726428821395,0.18423185309340062,0.03375204906709889,0.8203635827823108,0.08362035621535005,0.09600685171200707,0.17962720792735712,0.027766010351242335,0.013721842594809644,0.009255336783747445,0.007459525168990478,92655,0.010774869688541801,0.3945720442782679,0.013998121304772255,0.011465566463448327,0.011189287753485716,0.020444624537233162,0.17529884147127622,0.013813935498130514,0.02352973679848231,5100.0,0.5165030482751,0.0022562761313613174,0.011695798721750502,,,0.9799145377857182,0.6762842355368095,0.5561490431547345,0.04655296262869983,24535.0,0.1991509034313816,0.04839482069511723,0.03573204648849759,0.1846002247066841,0.10240730849280755,0.015103236144622695,0.020674856795535337,0.0420404103659772,0.016024165177831395,4255.0,0.03761995100657543,0.015011143241301825,0.016484629694435746,0.0005392652510953826,,0.048264239973036735,0.059453993933265926,0.11890798786653185,180.0,0.0033153445195513234,0.002026043873059142,0.004374412907741329,0.0048809238760061146,255.0,0.008979058073784834,0.0013813935498130515,0.00036837161328348036,0.00041441806494391543,0.001105114839850441,0.002026043873059142,0.002210229679700882,0.00046046451660435045,0.0013353470981526164,0.0015655793564547916,0.0018418580664174018,0.004420459359401764,0.005433481295931335,0.00013813935498130513,0.00032232516162304534,0.00036837161328348036,0.0033153445195513234,0.013353470981526163,0.019569741955684894,0.02389810841176579,0.000966975484869136,0.3955510616784631,33265.0,0.1778774427642606,0.11801705560569503,0.249894093161181,0.18031790470226364,0.17060210340191184
GM0484,Alphen aan den Rijn,2014,109870,0.6812414671884955,0.4964958587421498,0.5035041412578501,0.2386001638299809,0.23819058887776462,0.290070082825157,0.1878128697551652,0.0350869209065259,0.8170565213434059,0.08514608173295714,0.09779739692363702,0.18294347865659416,0.02835168835896969,0.013561481751160462,0.00937471557294985,0.007554382451988714,93120,0.009829798853190134,0.38827705470101026,0.014562664967689086,0.012560298534631838,0.011832165286247384,0.020842814235005006,0.17807408755802312,0.004687357786474925,0.012651315190679895,5100.0,0.5047783744425229,0.0020478747610812777,0.012651315190679895,,,0.9802038773095476,0.6732957131155002,0.5556111768453627,0.053290252116137256,24855.0,0.19859834349685992,0.050059160826431234,0.03572403749886229,0.1833530536088104,0.10557932101574588,0.014335123327568946,0.020114680986620552,0.0455083280240284,0.01620096477655411,4645.0,0.03731682897970329,0.0150632565759534,0.014699189951761173,0.0008016246259085079,,0.05330803762291578,0.05925342026507054,0.123116182129115,160.0,0.002867024665513789,0.0020478747610812777,0.0032765996177300445,0.004687357786474925,220.0,0.008145990716301083,0.0012287248566487667,0.0005005916082643124,0.00040957495221625556,0.0012742331846727951,0.0020478747610812777,0.0012742331846727951,0.00045508328024028395,0.0012742331846727951,0.0018658414489851642,0.0017748247929371074,0.00455083280240284,0.006553199235460089,9.101665604805679e-05,0.0003185582961681988,0.00045508328024028395,0.002730499681441704,0.015199781560025485,0.021935014107581686,0.026485846909984526,0.0010921998725766816,0.3906584010260795,33715.0,0.18262492036042596,0.12269045235278056,0.2490215709474834,0.18576499499408392,0.1759807044689178
GM0484,Alphen aan den Rijn,2015,110404,0.6836165356327669,0.4971740154342234,0.5027897539944205,0.2362686134560342,0.23776312452447376,0.2876707365675157,0.19215789282996992,0.03604941849932974,0.8131951740878953,0.08704394768305496,0.0997699358718887,0.18681388355494366,0.028622151371327127,0.013677040686931633,0.009465236766783812,0.00760841998478316,93405,0.009691677837759502,0.3874859606535995,0.01354117604434622,0.014084634614687874,0.012091953190101808,0.020153255316836347,0.17974892214050214,0.0054345857034165425,0.012771276403028876,4785.0,0.49663055686388174,0.0019926814245860656,0.01204666497590667,255.0,0.017888844607079454,0.979312343755661,0.6687257708054056,0.5554146588891706,0.03659287706967139,25080.0,0.19994746567153365,0.05244375203796964,0.03577768921415891,0.18319082641933263,0.10796710264120865,0.013858193543712184,0.02006267888844607,0.0490471359733343,0.017888844607079454,5055.0,0.03781565885294011,0.01671135103800587,0.015171551755371182,0.0007949757532395262,,0.05650952645944299,0.05710575827437263,0.1335559265442404,125.0,0.0034419042788304773,0.002219122495561755,0.0029890221368790984,0.004302380348538097,235.0,0.00760841998478316,0.0014945110684395492,0.000317017499365965,0.0005434585703416542,0.0011774935690735842,0.0020832578529763413,0.0013133582116589978,0.0004981703561465164,0.001222781783268722,0.0019926814245860656,0.0015397992826346873,0.00443824499112351,0.006521502844099852,0.00018115285678055142,0.00036230571356110283,0.0004981703561465164,0.002807869280098547,0.01861345603420166,0.023821600666642514,0.030841273866888883,0.001585087496829825,0.3892068791901847,33870.0,0.18672330712655338,0.12843737545741096,0.2484511430745263,0.1899840585486033,0.1820586210644542
GM0484,Alphen aan den Rijn,2016,111453,0.6841987205369079,0.4979677532233318,0.5020053296008182,0.23413456793446566,0.23763380079495391,0.2851874781297946,0.19595704018734356,0.037055978753375865,0.8067974841412973,0.08900612814370183,0.10421433249890089,0.1932204606426027,0.029070549917902613,0.013638035763954313,0.009690183305967538,0.007671395117224301,94205,0.010228526822965734,0.38917750082994623,0.011170627977712578,0.014490412999201457,0.01274079656895732,0.019918710128933273,0.181197455429643,0.00637039828447866,0.015432514153948302,4505.0,0.4794846258063937,0.0016598925107444394,0.011036042098463029,245.0,0.01700268274519304,0.9779458605869739,0.669250715548258,0.5688945115878442,0.03687653091437646,25375.0,0.20255174827057146,0.05190528743057612,0.03597929171937947,0.1831713816586364,0.10874539043363571,0.014714722797950705,0.019380366611935075,0.04979677532233318,0.018572851336437782,5195.0,0.03737001247162481,0.017361578423191838,0.015118480435699353,0.0003934116659672681,,0.058224926563155685,0.06288029794376836,0.13841533780948384,140.0,0.0035440948202381272,0.0026019936654912835,0.003319785021488879,0.004979677532233318,225.0,0.008254600593972348,0.0017944783899939885,0.0004934815572483468,0.0007626533157474451,0.0015253066314948902,0.002691717584990983,0.0009869631144966936,0.0003588956779987977,0.0010766870339963932,0.0017944783899939885,0.0017944783899939885,0.004396472055485272,0.006774155922227306,0.00022430979874924856,0.0004486195974984971,0.0005832054767480463,0.002826303464240532,0.020412191686181618,0.025750764896413734,0.033467021973387884,0.0017944783899939885,0.44724349559378934,34265.0,0.19393825199860032,0.1331951584973038,0.2468305025436731,0.19828986209433572,0.18792674939212045
GM0484,Alphen aan den Rijn,2017,112310,0.685495503517051,0.49813017540735466,0.5018698245926454,0.23225892618644822,0.23844715519544118,0.2820763956904995,0.19931439764936337,0.038019766717122254,0.8012198379485354,0.09148784614014781,0.1072923159113169,0.1987801620514647,0.029249398984952366,0.013533968480099724,0.009927878194283679,0.007790935802688986,94695,0.010462113792182353,0.39284124298815776,0.009126524797435668,0.01584898940432731,0.012599056183777047,0.020256433086991363,0.18350992787819428,0.006766984240049862,0.015670910871694418,4470.0,0.47097319918083874,0.0013801086279049061,0.010061437093758348,3860.0,0.0170064998664411,0.9780963404861543,0.6666815065443861,0.5722553646157955,0.03659513845605912,25800.0,0.2007835455435847,0.053022883091443325,0.036283501023951566,0.18297569228029562,0.10974089573501915,0.014290802243789511,0.01927700115751046,0.051687294096696645,0.019187961891194018,5470.0,0.03868756121449559,0.018074971062238446,0.015270234173270412,0.0006494518626279421,,0.06124331064581493,0.06299683067491038,0.14716579207149166,190.0,0.0031163743210755944,0.002582138723176921,0.002804736888968035,0.0049416792805627285,270.0,0.008102573234796545,0.0018698245926453566,0.0005342355978986733,0.0006232748642151189,0.00160270679369602,0.0022705012910693616,0.0010239515626391238,0.0003561570652657822,0.0009794319294809011,0.0015581871605377972,0.0016472264268542428,0.004362924049505832,0.006677944973733417,0.0001780785326328911,0.0004897159647404506,0.0006232748642151189,0.0023150209242275843,0.021903659513845607,0.026088505030718547,0.033478764134983525,0.0014246282610631288,0.44182210214578893,34200.0,0.2018965363725403,0.14041492298103464,0.2439230700739026,0.20381088059834387,0.197444573056718
GM0484,Alphen aan den Rijn,2018,113604,0.6856272666455406,0.4989701066863843,0.5010386958205697,0.22939333122073166,0.24132072814337524,0.2795236083236506,0.2013133340375339,0.03886306820182388,0.7944262525967396,0.09506707510298933,0.1105154748072251,0.20558254991021443,0.029488398295834654,0.01355586070912996,0.010210908066617373,0.007922256258582444,95405,0.010651033414316398,0.39857751487623677,0.00695398049364459,0.015096299426076546,0.012059434526953277,0.02068589134185416,0.1819478187387768,0.005589591915777613,0.014524136474067815,4620.0,0.44536283933664306,0.0011883384387873666,0.009198619766909616,3755.0,0.01764902644273089,0.9750536952924193,0.6657336009295447,0.5710626386394845,0.039303193549522907,25995.0,0.2033819231717193,0.053783317488820814,0.035958240907010317,0.18124361818245838,0.10941516143797754,0.014392098869758107,0.019189465159677475,0.0499982394986092,0.019937678250765818,5325.0,0.03622231611562973,0.01870532727720855,0.015316362099926059,0.0021825651559892155,,0.057902169726537424,0.06438567210168186,0.137629991012967,195.0,0.0013203760430970741,0.0007042005563184395,0.0003961128129291222,0.00374106545544171,285.0,0.005413541776698004,0.00048413788246892713,0.0005281504172388297,0.0006601880215485371,0.0008802506953980493,0.0007482130910883419,0.0005281504172388297,0.0003961128129291222,0.0009242632301679518,0.0015404387169465864,0.0018045139255660012,0.004533291081299954,0.006689905285025175,8.802506953980494e-05,0.0003961128129291222,0.0005721629520087321,0.002904827294813563,0.022886518080349284,0.02658357100102109,0.03547410302454139,0.0015404387169465864,0.36365387084349726,34100.0,0.20835533960071828,0.14748600401394318,0.23916411393965,0.2088834900179571,0.20624273793176295
GM0484,Alphen aan den Rijn,2019,114515,0.6864078941623368,0.49901759594812906,0.5009824040518709,0.22625856874645242,0.242631969610968,0.277692878662184,0.20403440597301664,0.03947081168405886,0.7901584945203685,0.09623193468104616,0.11360957079858534,0.20984150547963148,0.029734095969960267,0.01362266951927695,0.010347989346373838,0.007946557219578222,95855,0.010042352530236213,0.4055800550146269,0.005545125092782605,0.014233943151552199,0.012007160633978081,0.021219927520412175,0.18176658079727548,0.004278915425926734,0.0138846439331092,4225.0,0.4290704274549186,0.0009169104484128717,0.008863467667991093,4090.0,0.017814260140592935,0.9742391826398289,0.665109374317775,0.5745972143387329,0.039077850063310486,26140.0,0.20119634982316728,0.05156529712264769,0.03545387067196437,0.18071868314194647,0.10854473213116185,0.01414661834694145,0.019604418635113304,0.0480723049382177,0.018905820198227306,5135.0,0.031174955246037635,0.017639610531371436,0.013142383093917827,0.0018446898376672943,0.00025443997760928196,0.05635845504045596,0.06526385425678083,0.1400055976795074,180.0,0.0014408592760773698,0.0009169104484128717,0.0005239488276644981,0.0032310177705977385,275.0,0.00541413788586648,0.00034929921844299873,0.0004366240230537484,0.0005239488276644981,0.0006985984368859975,0.0007422608391913723,0.0005239488276644981,0.0012225472645504955,0.0017901584945203685,0.0023577697244902412,0.0017028336899096188,0.004453565035148234,0.0066366851504169756,0.00013098720691612453,0.00034929921844299873,0.000567611229969873,0.0034056673798192375,0.025935466969392657,0.02960310876304414,0.03833558922411911,0.0019648081037418677,0.3632766780316523,34205.0,0.21446972012400123,0.15338601929878182,0.23625725887438326,0.21315984805483998,0.2148626817447496
GM0484,Alphen aan den Rijn,2020,115238,0.6860931290025859,0.499140908380916,0.5008764470053281,0.22236588625279854,0.24427706138600114,0.275560145091029,0.2071365348235825,0.04082854613929433,0.786329162255506,0.0964091705860914,0.11727902254464673,0.2136881931307381,0.029677710477446675,0.014535135979451223,0.010803727936965237,0.00824380846595741,96470,0.010586785608913726,0.4045974418160676,0.006681823703986532,0.014535135979451223,0.013580589736024575,0.02191117513320259,0.18448775577500479,0.004512400423471424,0.014708689841892431,3825.0,0.4081552959961124,0.0006508269841545324,0.007766535344244086,4280.0,0.01852687481559902,0.9746351030042174,0.6346864749475,0.5238723337787883,0.03839879206511741,26140.0,0.18934726392335863,0.0462521043405821,0.03505788021312414,0.1791509745049376,0.10790711397282146,0.01327687047675246,0.01770249396900328,0.04711987365278814,0.018266544021937208,5065.0,0.030241760530380603,0.017008278519238446,0.012409101164546417,0.0018971972073257108,0.007462309015481129,0.04698725083476677,0.06222806840028332,0.11749974704037236,130.0,0.0009111577778163453,0.0006942154497648345,0.0003037192592721151,0.0029504156615005467,240.0,0.003297523386382964,0.00043388465610302157,0.0005206615873236259,0.00013016539683090647,0.0007376039153751367,0.0006074385185442302,0.00034710772488241726,0.00047727312171332373,0.0017789270900223884,0.0022995886773460143,0.001388430899529669,0.004165292698589007,0.006378104444714417,0.00017355386244120863,0.00034710772488241726,0.000564050052933928,0.002776861799059338,0.020869851958555338,0.025642583175688575,0.03375622624481508,0.0014318193651399712,0.3129110593949206,33960.0,0.22154150540620282,0.15979971884274285,0.23295267186171228,0.21781009736371684,0.2232336555650046
GM0484,Alphen aan den Rijn,2021,115567,0.6849187051666998,0.4989746207827494,0.5010080732389004,0.21931001064317668,0.24423061946749505,0.27395363728399974,0.2101378421175595,0.04183720266165947,0.7819273668088641,0.09777877767874912,0.12031981447991208,0.2180985921586612,0.02985281265413137,0.014926406327065685,0.010989296252390389,0.00830686960810612,96410,0.004023639966426402,0.4059117222044355,0.005710972855572958,0.0143639620306835,0.013368868275545787,0.021632472937776356,0.187553540370521,0.003720785345297533,0.01133541581939481,3390.0,0.3962203743283117,0.0005191793505066325,0.007830955203475041,4560.0,0.01946922564399872,0.9746294357385759,0.6407538484169356,0.551238675400417,0.0391547760173752,26665.0,0.19278859882146288,0.04802408992186351,0.036645409156593145,0.1813233881644414,0.11010928725328165,0.012243979682781417,0.018603926726487665,0.04854326927237014,0.017911687592478822,5235.0,0.030588316734015766,0.0167435340538389,0.0119843900075281,0.002526720064684034,0.017687040452788235,0.05508249741011193,0.06316800161710084,0.12930489931020542,220.0,0.0011248885927643705,0.0009518288092621596,0.0003461195670044217,0.003374665778293111,285.0,0.003590990507670875,0.0005191793505066325,0.0003893845128799744,0.00025958967525331627,0.0008220339716355014,0.0007355040798843961,0.0004759144046310798,0.0006057092422577379,0.001946922564399872,0.0024228369690309517,0.0015142731056443448,0.00398037502055085,0.006143622314328485,0.00017305978350221085,0.0003893845128799744,0.0005191793505066325,0.004283229641679718,0.02219491723415854,0.031237290922149056,0.03703479366947312,0.0013844782680176868,0.34830836091669404,33480.0,0.22848217916879385,0.1648827087317314,0.22943400797805602,0.2219491723415854,0.22943400797805602
GM0484,Alphen aan den Rijn,2022,117070,0.6808405227641582,0.49867600580849064,0.5013239941915093,0.2176902707781669,0.24690356197147006,0.27099171435893055,0.21179636115144784,0.042837618518834886,0.7709917143589305,0.10493721704962843,0.12407106859144101,0.22900828564106945,0.029853933544033484,0.014991031007089775,0.011488852823097292,0.008328350559494319,97165,0.004569915435209703,0.4075339540445887,0.0036303066541385496,0.01409413171606731,0.01370974630562911,0.021824549414879987,0.18587170069189374,0.004014692064576749,0.012855556504655334,2725.0,0.40638079781327413,0.0003843854104381994,0.007132484838131033,4635.0,0.0206286836935167,0.9670709831724609,0.6484581874092423,0.5637652686426924,,27045.0,0.19535320748270266,0.04937217049628428,0.03792602716323567,0.17933714871444434,0.11066028871615273,0.01157427180319467,0.017937985820449302,0.049329461006235586,0.017596309900059795,5340.0,0.030152899974374307,0.016315025198599127,0.011446143333048603,0.0028228740621785062,0.02013650164354001,0.053007301834240836,0.04892981707776077,0.1204426266529496,170.0,0.0012385752114119758,0.0007687708208763988,0.00034167592038951053,0.0038865635944306826,300.0,0.00469804390535577,0.00042709490048688817,0.0003843854104381994,0.0002562569402921329,0.0008541898009737763,0.0005125138805842658,0.000469804390535577,0.0005979328606816435,0.001409413171606731,0.0024771504228239516,0.0014521226616554198,0.0036730161441872384,0.006022038096865123,0.00012812847014606645,0.0003843854104381994,0.000469804390535577,0.0035875971640898607,0.023661057486973607,0.030451866404715127,0.037029127872213206,0.0017937985820449304,0.34545705467593407,33715.0,0.2288801571709234,0.16746391048090886,0.22981976595199452,0.2216195438626463,0.23058853677287094
GM0484,Alphen aan den Rijn,2023,117453,0.6759640026223255,0.49832699037061634,0.5016474674976373,0.21578844303678918,0.24861008233080467,0.267255838505615,0.21489446842566814,0.043506764407890815,0.7661362417307348,0.10459502950116217,0.12924318663635667,0.23383821613751885,0.029969434582343576,0.015197568389057751,0.012004801920768308,0.008130911939243783,97550,0.004342162396873643,0.41391024494904344,0.002724494052940325,0.014005602240896359,0.01336704894723847,0.022519646156334873,0.1859041488936,0.0037036091032157546,0.012728495653580581,2170.0,0.41825240734591707,0.0003405617566175406,0.00676866491277362,4455.0,0.020987118251555942,,,,,27275.0,0.1933113671000315,0.04537985406928729,0.040143717061292605,0.17968889683532988,0.11136369441393579,0.010983116650915685,0.017709211344112113,0.04921117383123462,0.018092343320306847,5395.0,0.030012004801920768,0.01685780695256826,0.011579099724996381,0.002959921404640149,0.02456104995339698,0.056679346046300726,0.04420988991611457,0.11738922336700507,150.0,0.0013622470264701625,0.0006385532936578887,0.0003405617566175406,0.0037887495423701394,260.0,0.00510842634926311,0.0005534128545035035,0.00042570219577192577,0.00025542131746315546,0.0006811235132350812,0.0006385532936578887,0.0005108426349263109,0.0003831319761947332,0.0012771065873157775,0.0023839322963227845,0.0013622470264701625,0.0037036091032157546,0.00561926898418942,0.00012771065873157773,0.0003831319761947332,0.0005108426349263109,0.003448187785752599,0.025840123283355894,0.03120397095008216,0.03814291674116455,0.0015325279047789329,0.32533944630576617,33875.0,0.23187998603696797,0.1721539679701668,0.22983661549726273,0.22515389134377156,0.23498761206610302
GM0484,Alphen aan den Rijn,2024,115810,0.6595199032898713,0.49909334254382176,0.5009066574561782,0.2131076763664623,0.2450997323201796,0.26517571884984026,0.2201018910284086,0.04606683360676971,0.7628443139625248,0.10521543908125378,0.1319834211208013,0.23719886020205508,0.030135566876780935,0.015154131767550297,0.012261462740695967,0.00803039461186426,97280,0.015024609273810552,,,,,,,0.030135566876780935,0.03043778602884034,,,0.00030221915205940766,,4340.0,,,,,,,,,,,,,,,,,,,,,,,,,,,,,,,,,,,,,,,0.0008203091270183922,0.0015110957602970383,,0.002504101545635092,0.004360590622571453,,0.00021587082289957688,0.00043174164579915376,,,,,,,,,,,,
GM0503,Delft,2009,101988,0.03844569949405813,0.528787700513786,0.4712319096364278,0.20517119661136604,0.35406126210926775,0.25145115111581756,0.14212456367415774,0.03789661528807311,0.6867964858610817,0.1308977526767855,0.18232537161234655,0.31322312428913207,0.013285876769816057,0.023532180256500765,0.0253461191512727,0.017060830685963053,20155,0.01093265874416598,,,,,,,0.007844060085500254,0.014707612660312978,,,0.0032847001608032316,,,,0.8985370827940542,0.6443405106483115,0.5136878848491979,0.04789779189708593,19270.0,0.19448366474487194,0.0483880456524297,0.036131701768835546,0.1508510805192768,0.08221555477114954,0.014168333529434836,0.018825744205200612,0.03784758991253873,,3570.0,0.00039220300427501273,,0.00019610150213750636,,,,,,,,,,,,,,,,,,,,,,,,,,,,,9.805075106875318e-05,9.805075106875318e-05,9.805075106875318e-05,,,,,,,,
GM0503,Delft,2010,102867,0.03873934303518135,0.5308796795862619,0.46910087783254106,0.2053622638941546,0.355313171376632,0.24871921996364238,0.14300018470452136,0.03801024624029086,0.6800042773678634,0.13308446829401072,0.18694041820992155,0.32002488650393224,0.013707019743941206,0.023476916795473767,0.02561560072715254,0.016769226282481262,21325,0.009526864786569065,,,,,,,0.008797767991678576,0.024886503932262046,,,0.0030136000855473574,0.015797097222627277,,,0.8869219477577843,0.6377652697172077,0.5150339759106419,0.049092517522626306,19455.0,0.1970019539794103,0.05093956273634888,0.036843691368466075,0.15014533329444818,0.0845266217543041,0.013463987478977708,0.019199548932116228,0.039274014018101044,0.014727755256787892,3780.0,0.00038885162394159447,0.013755626196933905,0.00014581935897809792,,,0.0037641154328732747,0.020075282308657464,0.00878293601003764,,0.00029163871795619584,9.721290598539862e-05,0.00034024517094889516,9.721290598539862e-05,,,0.00014581935897809792,,,9.721290598539862e-05,,,,,,,,,,,,9.721290598539862e-05,0.00014581935897809792,0.00014581935897809792,0.00014581935897809792,,0.0037641154328732747,,,,,,
GM0503,Delft,2011,103325,0.03899346721509799,0.5328816840067747,0.4671183159932253,0.20532300992015484,0.35475441567868377,0.24722961529155577,0.14512460682313089,0.038567626421485604,0.6769416888458747,0.13413984998790224,0.18887007016694896,0.3230099201548512,0.013694652794580209,0.023324461650133074,0.02550205661746915,0.016646503750302445,71485,0.008178078877328817,0.3472054197919187,0.008613597870796031,0.02966368255504476,0.009194289862085652,0.024389063634164047,0.15185095572223567,0.009049116864263247,0.028357125574643115,6290.0,0.48507137672392936,0.003048632954270506,0.017807887732881684,,,0.9056375514154368,0.6252117106218243,0.5290104040648439,0.060343576094846356,19815.0,0.19535446406968304,0.052117106218243406,0.03750302443745463,0.15262521171062182,0.08642632470360513,0.013065569804016453,0.01940479070892814,0.04248729736269054,0.01640454875393177,4110.0,0.0004355189934672151,0.015291555770626663,0.00014517299782240502,,,0.0037230081906180195,0.018615040953090096,0.0062050136510300325,,0.0003387369949189451,9.678199854827002e-05,0.0003387369949189451,0.00014517299782240502,,9.678199854827002e-05,0.00014517299782240502,,,9.678199854827002e-05,0.00019356399709654005,,,,,,9.678199854827002e-05,9.678199854827002e-05,,,,9.678199854827002e-05,0.00019356399709654005,0.00019356399709654005,0.00014517299782240502,,0.011169024571854059,,,,,,
GM0503,Delft,2012,103580,0.038916779301023365,0.533548947673296,0.466451052326704,0.20317628885885305,0.3566325545472099,0.24493145394863874,0.14833944776983973,0.03794168758447577,0.6741648966982043,0.13603012164510522,0.1898049816566905,0.3258351033017957,0.01399884147518826,0.023315311836261825,0.02558408959258544,0.016508978567290982,71060,0.007771770612087276,0.3388202355667117,0.010185363969878354,0.030218188839544313,0.009654373431164317,0.02307395250048272,0.1536493531569801,0.008882023556671172,0.02741842054450666,7110.0,0.48334620583124155,0.0029928557636609383,0.01790886271480981,,,0.9107935894960417,0.6178798995945163,0.5251496427881831,0.04735470167986098,19785.0,0.1880671944390809,0.0505406449121452,0.03803823131878741,0.15215292527514965,0.08935122610542576,0.012647229194825256,0.019067387526549528,0.04407221471326511,0.01761923151187488,4300.0,0.0005309905387140374,0.016557250434446804,0.00019308746862328635,,,0.004961548002976929,0.019846192011907716,0.012403870007442322,200.0,0.005454720988607839,0.0008688936088047886,0.008640664220892064,0.003137671365128403,,0.003910021239621549,0.0011585248117397182,,0.00019308746862328635,0.0012067966788955396,0.0014481560146746477,0.0009171654759606102,,,,,9.654373431164318e-05,9.654373431164318e-05,,,,,0.00024135933577910793,0.00014481560146746477,0.00014481560146746477,,0.2158273381294964,,,,,,
GM0503,Delft,2013,104112,0.03817043184263101,0.5362494236975565,0.46373136622099276,0.20098547717842324,0.35913247272168436,0.24151874903949594,0.15089518979560473,0.03793991086522207,0.6718725987398186,0.13672775472568005,0.19142846165667743,0.3281562163823575,0.014215460273551559,0.023196173351775012,0.025501383125864453,0.01604041801137237,71025,0.006915629322268326,0.33103772859996927,0.011478023666820348,0.030399953895804518,0.010565544797909943,0.0224277700937452,0.15372867680958968,0.007299830951283234,0.028334870139849394,7745.0,0.48635123712924544,0.0027854618103580757,0.019017980636237896,,,0.9114223144306132,0.6094878592285231,0.5145420316582142,0.05095474104810204,19895.0,0.18432073151990164,0.05018633779007223,0.03875633932687875,0.15151951744275396,0.09067158444751806,0.011862225295835254,0.018585753803596127,0.04110957430459505,0.015416090364223145,4015.0,0.0004802520362686338,0.014551636698939604,0.00019210081450745352,,,0.00754906894816306,0.020130850528434826,0.010065425264217413,280.0,0.005955125249731059,0.0018729829414476718,0.0077320577839250035,0.004850545566313202,,0.0067715537113877365,0.0013447057015521745,0.0004322268326417704,0.0004322268326417704,0.0014407561088059014,0.0017289073305670815,0.002017058552328262,,,,,9.605040725372676e-05,0.00014407561088059014,,,,9.605040725372676e-05,0.0003361764253880436,0.0002401260181343169,0.0002401260181343169,,0.3459989934574736,24005.0,0.21006224066390042,0.21985938220378054,0.185953588443215,0.13115683110496387,0.34169932380513296
GM0503,Delft,2014,105105,0.03735312306740878,0.5373198230341087,0.46268017696589125,0.2026544883687741,0.36054421768707484,0.23800009514295228,0.15265686694258124,0.03724846581989439,0.668997668997669,0.1383854240997098,0.19261690690262118,0.331002331002331,0.014176299890585605,0.023072165929308785,0.025403168260311117,0.015698587127158554,71680,0.007706579135150563,0.32339089481946626,0.012463726749441035,0.029970029970029972,0.011512297226582941,0.022644022644022644,0.15289472432329576,0.008515294229579943,0.030969030969030968,7625.0,0.4751914751914752,0.0025212882355739497,0.020503306217591933,,,0.9120879120879121,0.6049664621093193,0.5145330859616574,0.052899481470910045,20005.0,0.18229389657961087,0.05056847913990771,0.03848532419960991,0.1495171495171495,0.0919080919080919,0.011988011988011988,0.01788687502973217,0.040911469482898054,0.01645973074544503,4025.0,0.00042814328528614244,0.015175300889586603,0.00014271442842871414,,,0.007641365257259297,0.02292409577177789,0.014009169638308712,255.0,0.0055658627087198514,0.0027115741401455688,0.006136720422434708,0.0045668617097188524,,0.005470719756434042,0.001332001332001332,0.00047571476142904717,0.00047571476142904717,0.0014747157604300461,0.0018077160934303791,0.0013795728081442368,,,,9.514295228580943e-05,0.00019028590457161886,0.00023785738071452358,,,,9.514295228580943e-05,0.00023785738071452358,0.0002854288568574283,0.0002854288568574283,,0.33622007131940906,24125.0,0.21112221112221113,0.2271062271062271,0.18548118548118547,0.1322011322011322,0.34869892012749154
GM0503,Delft,2015,105558,0.03707914132514826,0.5369559862824229,0.463015593323102,0.19761647625002368,0.3665757214043464,0.23522613160537334,0.15522272115803634,0.03642547225222153,0.6616267833797533,0.1415809318100002,0.19681123173989654,0.33839216354989676,0.014304931885787908,0.022925784876560752,0.024820477841565776,0.01586805358191705,71050,0.007152465942893954,0.3239924970158586,0.011604994410655753,0.030551924060705962,0.011889198355406506,0.021883703745807993,0.15204911044165292,0.007531404535894958,0.02984141419882908,7275.0,0.47395744519600597,0.0027473047992572805,0.019231133594800963,6895.0,0.013689156672161275,0.9058527065689005,0.5967335493283313,0.5068303681388431,0.044430550029367744,19995.0,0.18179578999223175,0.05163038329638682,0.03813069592072604,0.14854392845639364,0.0924136493681199,0.011604994410655753,0.01757327725042157,0.04192008185073609,0.016436461471418556,4170.0,0.0006157752136266318,0.015489114988916046,0.0002368366206256276,,,0.007664793050587634,0.019161982626469086,0.01788451711803781,190.0,0.0055419769226396865,0.0021315295856306486,0.00539987495026431,0.0043577938195115485,,0.0066314253775175734,0.0013736523996286402,0.0005210405653763808,0.0004736732412512552,0.0013262850755035146,0.0017052236685045187,0.0012315504272532637,,,,,0.0001894692965005021,0.0002842039447507531,,,,0.00014210197237537656,0.0002368366206256276,0.0002842039447507531,0.0002842039447507531,,0.3270311701584057,24215.0,0.2102635517914322,0.23356827526099397,0.18567991057049205,0.13485477178423236,0.351323443036056
GM0503,Delft,2016,105545,0.03606992278175186,0.5346060921881662,0.4653939078118338,0.19366147141029894,0.3701738594912123,0.23189161021365295,0.1590316926429485,0.03571936140982519,0.6547917949689706,0.14557771566630348,0.19963048936472594,0.3452082050310294,0.01473305225259368,0.023070728125444123,0.02472878866834052,0.016201620162016202,71020,0.007058600596901795,0.3268274195840637,0.010422094841063054,0.03093467241460988,0.01231702117580179,0.021886399166232414,0.1521625846795206,0.007153346913638732,0.027476431853711687,7095.0,0.4448339570799185,0.002463404235160358,0.017054337012648635,6845.0,0.012743379601118007,0.9064853853806434,0.6004547823203373,0.5210573688947843,0.046473068359467525,20040.0,0.18551328817092236,0.05244208631389455,0.03789852669477474,0.1489885830688332,0.09327774882751433,0.01174854327538017,0.017291202804490976,0.04519399308351888,0.017291202804490976,4480.0,0.0006158510587900895,0.016059500686910796,0.00023686579184234213,,,0.007880220646178092,0.024954032046230628,0.019700551615445233,155.0,0.005874271637690085,0.0027476431853711686,0.005258420578899995,0.004168837936425221,,0.007058600596901795,0.0016106873845279264,0.0007579705338954948,0.0007579705338954948,0.001658060542896395,0.0021791652849495477,0.0009474631673693685,,,,9.474631673693685e-05,0.0001894926334738737,0.00028423895021081056,,,,9.474631673693685e-05,0.00023686579184234213,0.00023686579184234213,0.0003789852669477474,,0.3900709219858156,24640.0,0.21166327159031692,0.23738689658439527,0.18892415557345207,0.13780851769387464,0.35439859775451227
GM0503,Delft,2017,106324,0.03528836386892893,0.5348275083706406,0.4651818968436101,0.19299499642601858,0.37550317896241675,0.22619540273127423,0.1618167111846808,0.035316579511681274,0.6447274368910124,0.14944885444490424,0.20583311387833414,0.3552819683232384,0.014813212444979497,0.023089800985666452,0.02501786990707648,0.016741281366389527,71760,0.008041458184417441,0.3283360294947519,0.008511718896956472,0.03183665023889244,0.012085700312253114,0.022055227418080584,0.15264662729016967,0.011145178887175049,0.03465821451412663,7120.0,0.39158609533125166,0.002069147135171739,0.014437003874948272,6880.0,0.01293216959482337,0.903747037357511,0.5936100974380196,0.5205315827094541,0.0475433580376961,20205.0,0.18269628682141378,0.051916782664309095,0.03790301343064595,0.148602385162334,0.0950396900041383,0.011380309243444566,0.017164516007674654,0.04585041947255558,0.017587750648959784,4605.0,0.0006113389263007411,0.01678830743764343,0.00023513035626951582,,,0.009328358208955223,0.0226545842217484,0.015991471215351813,160.0,0.005313946051691058,0.002868590346488093,0.004890711410405929,0.0035269553440427375,,0.006912832474323765,0.0015048342801249012,0.00047026071253903164,0.0007524171400624506,0.0015518603513788045,0.0019280689214100297,0.0005172867837929348,,,,,0.0001410782137617095,0.000282156427523419,,,,0.0001410782137617095,0.00023513035626951582,0.00032918249877732215,0.00032918249877732215,,0.3797974413646055,24540.0,0.2153794063428765,0.24716903051051503,0.18659945073548775,0.13891501448402996,0.36619201685414393
GM0503,Delft,2018,107197,0.03528083808315531,0.5336903084974393,0.4662910342640186,0.19086355028592217,0.3788352285978152,0.22225435413304476,0.1639971267852645,0.0353088239409685,0.6342994673358396,0.1528960698527011,0.21278580557291715,0.36568187542561825,0.015252292508185864,0.023508120563075458,0.0259335615735515,0.017024730169687585,71630,0.008209184958534288,0.3338246406149426,0.007136393742362193,0.030364655727305803,0.011287629317984644,0.02229540005783744,0.15126356148026532,0.0066233196824538,0.02821907329496161,7035.0,0.3676875285688965,0.0018657238542123381,0.013153353172196984,6775.0,0.01296678078677575,0.8988591098631492,0.5945595492411169,0.5259475545024581,0.048089032342323014,20290.0,0.18344729796542814,0.05363956080860472,0.037547692566023305,0.14781197234997248,0.09594484920286948,0.011054413836208104,0.017584447325951286,0.04431094153754303,0.01772437661501721,4450.0,0.00046643096355308453,0.01660494230248981,0.0001865723854212338,,,0.010576414595452142,0.026441036488630356,0.01718667371760973,95.0,0.0015858652760804874,0.0007929326380402437,0.0006063602526190098,0.002798585781318507,,0.00391802009384591,0.00023321548177654227,0.0003731447708424676,0.00046643096355308453,0.0008395757343955521,0.0006063602526190098,0.0001865723854212338,,,,,0.00013992928906592537,0.00023321548177654227,,,,0.00013992928906592537,0.00027985857813185073,0.00027985857813185073,0.00027985857813185073,,0.31861448968799577,24580.0,0.2152578896797485,0.2571433902068155,0.1844268029888896,0.141235295763874,0.37412427586592906
GM0503,Delft,2019,107841,0.034940328817425655,0.5306423345480846,0.46934839254087035,0.18926011442772228,0.38185847683163177,0.21819159688801104,0.16714422158548234,0.03486614552906594,0.6255969436485196,0.15648037388377334,0.21795977411188694,0.3744401479956603,0.01553212600031528,0.023506829498984617,0.025964150925900167,0.017015791767509576,72345,0.007742880722545228,0.3405476581263156,0.005749204847877895,0.028885117905063935,0.010756576812158641,0.0230431839467364,0.14975751337617418,0.006537402286699864,0.027772368579668215,6855.0,0.3460650401980694,0.0012054784358453649,0.012286607134577758,7075.0,0.013260262794299014,0.8994260068063167,0.5965263675225564,0.52925139789134,0.048358231099489064,20385.0,0.18216633747832456,0.052160124627924444,0.037091644179857386,0.1472538273940338,0.09722647230645116,0.010339295815135246,0.017015791767509576,0.042562661696386346,0.017247614543633685,4320.0,0.00046364555224821726,0.016273958883912427,0.00018545822089928693,,,0.006634819532908705,0.02521231422505308,0.021231422505307854,70.0,0.0013909366567446519,0.0008345619940467911,0.0006027392179226824,0.0022718632060162646,,0.003894622638885025,0.0002781873313489304,0.00037091644179857385,0.00041728099702339555,0.0007418328835971477,0.000510010107473039,9.272911044964346e-05,,,9.272911044964346e-05,,9.272911044964346e-05,0.00023182277612410863,,,,9.272911044964346e-05,0.00023182277612410863,0.0002781873313489304,0.0003245518865737521,,0.3197983014861996,24670.0,0.2157342754610955,0.26580799510390296,0.18341818046939476,0.14284919464767573,0.3817657477211821
GM0503,Delft,2020,108093,0.035312184877836675,0.5298677990249138,0.4701507035608226,0.1914092494426096,0.38045941920383375,0.21444496868437365,0.17017753231014035,0.03529368229210032,0.6211318031694929,0.15680941411562266,0.22203102883627987,0.3788404429519025,0.016143506054971182,0.023590796813854738,0.02631992820996734,0.017623712913879715,72985,0.00564328864958878,0.3409563986567123,0.005782058042611455,0.028725264355693707,0.01406196515963106,0.023590796813854738,0.1510273560730112,0.007169751972838204,0.029419111320807084,6220.0,0.3199559638459475,0.0007863598937951578,0.011240320834836668,6980.0,0.012951810015449658,0.9077368562256576,0.5754766728650329,0.4914286771576328,0.04625646434089164,20190.0,0.17350799774268455,0.04773667119980017,0.03700517147271331,0.14566160620946778,0.09528831654223678,0.010500217405382402,0.016143506054971182,0.04098322740602999,0.016236018983652966,4115.0,0.000508821107749808,0.015218376768153349,0.0002312823217044582,,,0.006549646319098768,0.015719151165837046,0.01440922190201729,60.0,0.0010638986798405076,0.0008788728224769412,0.00041630817906802473,0.002081540895340124,,0.002682874931771715,0.00032379525038624146,0.00041630817906802473,0.0001387693930226749,0.0006475905007724829,0.00041630817906802473,0.0001387693930226749,,9.251292868178327e-05,9.251292868178327e-05,,9.251292868178327e-05,0.0002312823217044582,,,,9.251292868178327e-05,0.0001387693930226749,0.0002775387860453498,0.0002775387860453498,,0.2881844380403458,24720.0,0.21939441036884905,0.27254308789653353,0.18336062464729447,0.14399637349319566,0.3910521495378979
GM0503,Delft,2021,108829,0.03644249235038455,0.5299598452618328,0.4700493434654366,0.19080392174879857,0.3824807725881888,0.21083534719605987,0.17182919993751666,0.03542254362348271,0.6112341379595512,0.1613540508504167,0.22742099991730144,0.3887750507677182,0.017182919993751666,0.023982578173097246,0.02687702726295381,0.018699059993200342,73270,0.0024809563627341976,0.34655284896488986,0.004272758180264452,0.028071561807973978,0.01327771090426265,0.023798803627709527,0.15198154903564307,0.006064559997794705,0.027198632717382317,5865.0,0.3076845326153874,0.00045943636346929586,0.010153543632671439,7025.0,0.01447224544928282,0.9094083378511243,0.5829328579698426,0.5099284198145715,0.04768949452811291,20585.0,0.17555063448161795,0.04902185998217387,0.038179161804298485,0.14619265085592995,0.0956546508743074,0.009648163632855214,0.01667753999393544,0.04350862362054232,0.016907258175670088,4425.0,0.0005513236361631551,0.015850554539690708,0.00027566181808157754,,,0.008825012607160867,0.015128593040847202,0.015128593040847202,70.0,0.0009648163632855213,0.0008729290905916621,0.00045943636346929586,0.0020674636356118312,,0.002664730908121916,0.0003675490907754367,0.0004134927271223663,0.00013783090904078877,0.000781041817897803,0.0005053799998162255,0.00018377454538771835,,9.188727269385918e-05,9.188727269385918e-05,,9.188727269385918e-05,0.00022971818173464793,,,,0.00013783090904078877,0.00018377454538771835,0.0003216054544285071,0.00027566181808157754,,0.32400403429147756,24690.0,0.22434277628205718,0.27805088717161786,0.18161519447941266,0.14665208721939924,0.39865293258230805
GM0503,Delft,2022,110227,0.036742358950166476,0.5295889391891279,0.47043827737305743,0.190561296234135,0.38665662677928275,0.20693659448229562,0.17268908706578243,0.03565369646275413,0.5968138477868399,0.16883340742286373,0.2343799613524817,0.4032133687753454,0.01764540448347501,0.02395057472307148,0.02776089342901467,0.019278398214593522,73540,0.004082484327796275,0.3503225162618959,0.002948460903408421,0.02635470438277373,0.014016529525433877,0.02363304816424288,0.14996325764104984,0.006804140546327125,0.02698975750043093,4445.0,0.3170275885218685,0.00031752655882859917,0.010206210819490687,7205.0,0.015150552949821731,0.9024104801908788,0.5897829025556351,0.5192466455587107,,20795.0,0.17949322761210956,0.05107641503442895,0.03891968392499116,0.14483747176281672,0.09593838170321246,0.008981465521151805,0.016057771689332014,0.04572382447131828,0.017146434176744354,4735.0,0.00054433124370617,0.01614849356328304,0.00022680468487757083,,0.0024691358024691358,0.009876543209876543,0.013580246913580247,0.013580246913580247,65.0,0.0014969109201919675,0.0006804140546327125,0.00045360936975514165,0.002449490596677765,,0.003538153084090105,0.00022680468487757083,0.0004082484327796275,0.00018144374790205666,0.0007257749916082266,0.0004082484327796275,0.0001360828109265425,,,9.072187395102833e-05,,,0.0001360828109265425,,,,0.0001360828109265425,9.072187395102833e-05,0.00022680468487757083,0.00018144374790205666,,0.3135802469135803,24975.0,0.2238562239741624,0.27838007021873046,0.18108086040625254,0.14669727017881282,0.398677275077794
GM0503,Delft,2023,113357,0.038012650299496284,0.531815415016276,0.4682110500454317,0.1935478179556622,0.39230043138050585,0.20042873399966477,0.17158181673826936,0.034625122400910396,0.5875684783471686,0.173037395132193,0.23937648314616652,0.4124138782783595,0.01768748290798098,0.024083206154009017,0.028582266644318392,0.019628254099879144,75945,0.004631385798847888,0.352646947255132,0.0028229399154882364,0.025494676111753135,0.012438579002620041,0.023686230228393484,0.14604303219033674,0.00657215699074605,0.02942032693172896,3435.0,0.3855518406450418,0.00017643374471801478,0.010321374066003863,6910.0,0.015085085173390262,,,,,21295.0,0.17109662394029482,0.0441966530518627,0.040182785359527864,0.1433965260195665,0.09545065589244599,0.008557036618823717,0.016187796077877854,0.044902388030734756,0.017290506982365447,4790.0,0.00035286748943602955,0.01627601295023686,0.00013232530853851107,,0.0023207240659085635,0.006962172197725691,0.006962172197725691,0.010443258296588535,85.0,0.0013673615215646145,0.0007057349788720591,0.00030875905325652585,0.0024700724260522068,,0.004234409873232354,0.00030875905325652585,0.0004410843617950369,0.00017643374471801478,0.0006175181065130517,0.0004851927979745406,0.00022054218089751846,,,8.821687235900739e-05,,8.821687235900739e-05,0.00017643374471801478,,,,8.821687235900739e-05,0.00013232530853851107,0.00026465061707702214,0.00013232530853851107,,0.3225806451612903,25245.0,0.2304665790379068,0.2800003528674894,0.17762467249486136,0.1455578393923622,0.4076942756071526
GM0503,Delft,2024,110856,0.03625423973443025,0.5293353539727214,0.4706556253157249,0.19128418849678863,0.38730425055928414,0.19980876091506097,0.17748249981958578,0.035992639099372156,0.5821065165620264,0.1765353251064444,0.24134913761997545,0.4178844627264199,0.018176733780760627,0.024085299848452046,0.029542830338457098,0.01984556541820019,73180,0.011862235693151476,,,,,,,0.044156383055495414,0.05335750884029732,,,0.00013531067330591038,,6980.0,,,,,,,,,,,,,,,,,,,,,,,,,,,,,,,,,,,,,,,,,,,0.00013531067330591038,,,,,,,,,,,,,,,
GM0518,'s-Gravenhage,2009,511410,0.2749848458184236,0.4946520404372226,0.5053479595627774,0.22605150466357718,0.32466123071508185,0.261932695880018,0.1347255626600966,0.03942042588138676,0.5136680940928022,0.15060323419565516,0.3357286717115426,0.48633190590719777,0.05411509356485012,0.09403414090455799,0.07166461351948535,0.024637766175866722,124065,0.014254707573180031,,,,,,,0.012964157916348917,0.019827535636768933,,,0.0023757845955300052,,,,0.8995424414853054,0.6935726716333275,0.5671281359378972,0.058886216538589393,102055.0,0.23485070686924386,0.061995267984591616,0.04464128585674899,0.1549050663850922,0.09009405369468723,0.01598521734029448,0.01573101816546411,0.054603938131831606,,26670.0,0.01430359202987818,,0.006491855849514089,,,,,,,,,,,,,,,,,,,,,,,,,,,,,0.0036272266870026005,0.005250190649381123,0.005641266302966309,0.00041062943626444533,,,,,,,
GM0518,'s-Gravenhage,2010,518101,0.2761372782526959,0.494334116320949,0.5056639535534577,0.2259115500645627,0.3224081791002141,0.26352004724947453,0.13611245683756643,0.03867971688917798,0.5071984034001092,0.1536186959685467,0.3391809705057508,0.49279966647429746,0.05483486810486758,0.0933022711787856,0.07238936037567964,0.02512058459643969,122885,0.015122534023288895,,,,,,,0.011648307955398658,0.026008442369344974,,,0.002653922690749487,0.029791488532158787,,,0.8978075703386019,0.6928861361008761,0.5743474727900545,0.06130078884232997,105000.0,0.24116919287938066,0.06596204215008271,0.04602384477157929,0.15721838019999962,0.09450859967458082,0.015083931511423449,0.016164801843655967,0.057633550215112496,0.023528230981989997,28455.0,0.014456640693609933,0.022418408765858395,0.006813343344251411,0.0002096919625070771,,0.017369484227669554,0.05158422277674097,0.03187317830107572,,0.00018336193136087365,0.00014475941949542657,0.00029916946695721493,1.930125593272354e-05,510.0,,5.790376779817063e-05,,,3.860251186544708e-05,4.825313983180886e-05,,0.00012545816356270302,0.00012545816356270302,0.00012545816356270302,0.0007720502373089417,0.0007720502373089417,0.0007720502373089417,4.825313983180886e-05,4.825313983180886e-05,4.825313983180886e-05,0.0013414372873242861,0.0042366256772328175,0.0060605943628751924,0.0063018600620342365,0.0004246276305199179,0.008387678500283085,,,,,,
GM0518,'s-Gravenhage,2011,520779,0.2775495939736433,0.4944611821905261,0.5055311370082127,0.22582515808049095,0.3183404092714952,0.26598614767492545,0.1385136497439413,0.03775113819873689,0.5017099383807719,0.15652512870142612,0.3417572521165408,0.49828238081796694,0.055484188110503686,0.09252485219258073,0.07318843501754103,0.025164225131965767,384565,0.011050752814533613,0.3533168580146281,0.011569206899663773,0.043415729128862726,0.009889031623778993,0.03195213324654028,0.14410143266145525,0.010426687712062122,0.025394649169801393,49040.0,0.47652651124565315,0.003197133524969325,0.031654502197669264,,,0.926035804055079,0.6855595175688728,0.5881861595801674,0.06853194925294606,107195.0,0.24246369381253852,0.0698088824626185,0.04726573076103299,0.15922301014441825,0.09865029119837782,0.014756739423056614,0.016657737735200535,0.05938219475055638,0.024876195084671232,29585.0,0.014939158453009818,0.02379128190652849,0.006931923138221779,0.00024214415187281206,,0.019371532149824965,0.04372431542389063,0.03151333176516168,,0.0002976310488710182,0.0001632170268002358,0.0002784290457180493,6.720701103539121e-05,530.0,4.800500788242229e-05,6.720701103539121e-05,,,7.680801261187567e-05,0.00013441402207078242,,0.00015361602522375134,0.00024002503941211148,0.00024002503941211148,0.0008448881387306324,0.0013729432254372775,0.0013729432254372775,3.8404006305937835e-05,7.680801261187567e-05,7.680801261187567e-05,0.0016225692664258735,0.004656485764594962,0.006663095094080214,0.007258357191822251,0.000460848075671254,0.013214152287916316,,,,,,
GM0518,'s-Gravenhage,2012,524005,0.27834467228366144,0.49447047260999416,0.5055295273900058,0.22634326008339614,0.3143863131076994,0.268298966612914,0.14034217230751614,0.03728017862424977,0.49565366742683753,0.16052327744964265,0.3438230551235198,0.5043463325731624,0.05613496054426961,0.09182164292325455,0.07387334090323566,0.02496159387792101,388110,0.011459814314748904,0.34618944475720653,0.013597198500014313,0.04393087852215151,0.010419747903168863,0.03211801414108644,0.14470281772120494,0.010562876308432171,0.025724945372658656,57260.0,0.4763981259720804,0.0033396627894771995,0.0328431980610872,,,0.9319567561378231,0.6797072547017681,0.579727292678505,0.056926937720059925,108220.0,0.2324882396160342,0.06739439509164989,0.04830106582952453,0.15974084216753656,0.10203146916537056,0.014331924313699297,0.016831900458965085,0.059312411141115066,0.02542914666844782,29715.0,0.01522886232001603,0.024369996469499337,0.007080085113691664,0.000411370274383973,,0.022076871391939885,0.04336528309131049,0.03297818366311517,620.0,0.005076287440005343,0.002490434251581569,0.007738475777902883,0.0029675289357925976,575.0,0.003959885878951536,0.001020982624211601,,0.00018129598000019083,0.0010591501989484834,0.0013358651157908798,0.0008587704315798513,0.00020992166105285255,0.0003912176410530434,0.0003912176410530434,0.0010018988368431599,0.0020037976736863197,0.0020037976736863197,5.7251362105323426e-05,0.00012404461789486743,0.00012404461789486743,0.001555328670527953,0.004732779267373403,0.006841537771586149,0.00736634192421828,0.0005057203652636903,0.2974892700920098,,,,,,
GM0518,'s-Gravenhage,2013,527487,0.2786097098127537,0.49461882472932983,0.5053773837080345,0.22746532142024353,0.3104815853281692,0.27010144325831725,0.14285660120533777,0.0364463958353476,0.4905239370828096,0.16356801210266794,0.3459042592518868,0.5094722713545548,0.05681656609546776,0.0907984462176319,0.07422931749976777,0.024863171983385373,391355,0.010275134742657165,0.3360367174925638,0.01661652325080997,0.045868428984979726,0.011223025401573878,0.03217140896363323,0.1445438465782095,0.010967094923666366,0.02724237753726632,63805.0,0.4817654273944192,0.0031943915205493215,0.03361220276518663,,,0.9324116044566028,0.66863259189326,0.545046607783699,0.05070267134545496,108455.0,0.22630889481636515,0.06587840079471152,0.04903438378576155,0.15856314942358768,0.10360444901959669,0.013450568450028153,0.016644959970577473,0.048759495494675696,0.020066845249266805,24490.0,0.012843918428321456,0.019052602244225923,0.006284515068617805,0.0003061995196069759,,0.023475296503201487,0.042969999251512285,0.03381803583214823,1380.0,0.005810569739159449,0.0026351360317884613,0.007725308870171208,0.0046920587616377275,625.0,0.007308236980247854,0.0010332008182192167,0.00045498751628002206,0.0004739453294583563,0.0015545406806234086,0.0014597516147317375,0.00164932974651508,0.0002464515713183453,0.0005023820492258577,0.0005687343953500276,0.001118510977521721,0.0022654586748109434,0.0026730516581451296,6.635234612416988e-05,0.0001421835988375069,0.00017062031860500828,0.001725160999228417,0.005469329101949432,0.008104465133737892,0.00867319952908792,0.00048342423604752347,0.4477657641719344,175375.0,0.16780508334802563,0.14494196065495452,0.2756845192393367,0.15531188446350336,0.21214740837214946
GM0518,'s-Gravenhage,2014,531805,0.27971342879438893,0.4945327704703792,0.5054672295296209,0.22706631190003854,0.3082802907080603,0.27077594230968116,0.14515658935136,0.03577439098917837,0.48509322025930557,0.16832297552674383,0.3465744022715093,0.5148973777982531,0.05738005471930501,0.08979795225693628,0.07424713945901223,0.02463308919622794,394910,0.011019076541213415,0.3309389719916135,0.01678246725773545,0.04811914141461626,0.012391760137644437,0.03204181983997894,0.14398134654619643,0.010746420210415471,0.0271716136553812,61030.0,0.4731151455890787,0.0029710138114534463,0.03540771523396734,,,0.9343086281625784,0.6651592218952436,0.5646054474854505,0.06060492097667378,109130.0,0.22541157003036827,0.06703584960652871,0.04862684630644691,0.15817827963257208,0.10471883491129268,0.013059298050977332,0.016500408984496198,0.05196453587311139,0.019828696608719363,26335.0,0.012354152367879203,0.018888502364588524,0.005406116903752315,0.0006050298145247491,,0.02722634165361371,0.0391588741067407,0.03720933359327207,1375.0,0.004588147911358487,0.0024539069771814855,0.0067976043850659544,0.004371903235208394,570.0,0.0061864781263809105,0.0008837825894829872,0.00038547964009364333,0.0005641165464785025,0.0015701243876984985,0.0012786641720179388,0.0005171068342719606,0.0003290679854457931,0.0006581359708915862,0.0007991651075112119,0.0011752428051635467,0.002482112804505411,0.0032530720846926974,0.00010342136685439212,0.00019744079126747586,0.00024445050347401775,0.001682947696994199,0.006261693665911378,0.009072874455862582,0.010107088124406503,0.0005735184889198109,0.41968901467533426,178665.0,0.16954522804411393,0.14991397222666203,0.27855134870864323,0.1575295456041218,0.21729769370351915
GM0518,'s-Gravenhage,2015,535656,0.2809807040339322,0.49487917618770255,0.5051189569425153,0.22731006466836925,0.3059052824947354,0.27138686022372566,0.14771607150858013,0.035003808414355485,0.4777506459369446,0.17301215705602102,0.3492353301372523,0.5222474871932733,0.05781695715160476,0.08879766118553699,0.07435742342100155,0.0247453589617217,397560,0.010818510387263468,0.3294745134937348,0.014869617814418208,0.05028413758083546,0.013049419776871723,0.03219416939229655,0.14338493361411056,0.010678495153606046,0.0270789461893454,58525.0,0.46272234419104796,0.002828307719879923,0.03309960123661455,34345.0,0.01660580671177024,0.9318013799901429,0.6603958510685962,0.5624038562062219,0.05085353286437565,109835.0,0.22618994279910987,0.06812207834879101,0.04854794868348343,0.15760114700479413,0.10559015487551712,0.012722717565004406,0.01619509535970847,0.05543669817942859,0.02143166509849605,28400.0,0.01253603058679451,0.02047956150962558,0.005404588019176486,0.0004983090712183325,,0.02644360137931951,0.04072846142091171,0.04242271226305404,1045.0,0.005423256716997476,0.0025296085547440897,0.006123332885284586,0.0044804874770375015,550.0,0.006870080798124169,0.0010641157757964067,0.0003827083053302866,0.0006534044237346357,0.0016055080126051047,0.001372149289842735,0.00048538614334572936,0.0003080335140463282,0.0007187448661080992,0.0009241005421389847,0.0010734501247069014,0.0025109398569231,0.0033883686545096107,8.400914019445316e-05,0.0002053556760308855,0.00027069611840434905,0.0015121645235001567,0.006655390773182789,0.009595710679988649,0.01029578684827576,0.0007094105171976045,0.42220066574091913,180650.0,0.1727227922397957,0.15318599997013008,0.2800678047104858,0.16076549128545187,0.2202346281942142
GM0518,'s-Gravenhage,2016,541495,0.28097212347297756,0.49572941578407925,0.5042705842159207,0.22772140093629673,0.30426873747680033,0.27114747135245937,0.1500844883147582,0.03419237481417187,0.4702259485313807,0.1779702490327704,0.3517761013490429,0.5297463503818133,0.057922972511288195,0.08735999409043481,0.07444205394324971,0.024635499866111413,402640,0.012447021671483578,0.3294397916878272,0.012622461887921403,0.051367048633874736,0.013462728187702564,0.031699277001634364,0.14239281987829988,0.00987082059852815,0.027091662896240962,56610.0,0.44512876388516975,0.002142217379661862,0.02977866831642028,35820.0,0.015826554261812203,0.9303225329873775,0.6590919583745002,0.5714364860248017,0.04959417907829251,111015.0,0.22650255311683395,0.06912344527650302,0.04817218995558593,0.157314471971117,0.1060120592064562,0.012493190149493532,0.01612203252107591,0.056676423605019434,0.022936499875345108,29295.0,0.012834836886767191,0.021948494445932096,0.005577152143602434,0.00023004370830457787,,0.027966742252456538,0.041342140721022706,0.043313943935061945,1185.0,0.005826461924856185,0.003130222809074876,0.006445119530189568,0.0045152771493734934,575.0,0.006814467354269199,0.0011449782546468573,0.0004524510844975485,0.0009695380382090324,0.0018744402072041293,0.0014773912963185255,0.0004062826064875945,0.00026777717245773274,0.0007202282569552812,0.0009787717338110233,0.001034173907422968,0.002437695638925567,0.0034534021551445534,9.233695601990784e-05,0.00022160869444777883,0.00029547825926370513,0.0013481195578906545,0.006888336919085126,0.010055494510567965,0.010951162983961071,0.0007663967349652352,0.4559137664727727,183370.0,0.17648362404084986,0.15796083066325636,0.2796701723930969,0.16413817302098818,0.2273520531122171
GM0518,'s-Gravenhage,2017,548132,0.2807188779345121,0.4962490786890749,0.503747272554786,0.22799252734742725,0.3041147022979866,0.27007180752081617,0.1520527902038195,0.03361416593083418,0.46083790035976735,0.18405238154313194,0.3550878255602665,0.5391402071033985,0.05816117285617333,0.08601030408733663,0.07427955310034809,0.0250395890041085,407400,0.012925718622521582,0.33190910218706443,0.010782074390840163,0.0508727824684565,0.013235862894339319,0.03190837243583662,0.14178154167244386,0.009997591820948238,0.027885618792553617,54270.0,0.4343296870096984,0.0018152561791685215,0.027502499397955238,35135.0,0.01575350463027154,0.9280155145111032,0.6537841249917903,0.57246247254311,0.04884772281129363,112185.0,0.22473601249334102,0.06921690395744091,0.04811797158348719,0.15575627768493722,0.10747411207519357,0.01201352958776353,0.015698773288186058,0.05845307334729591,0.023726036794056906,30650.0,0.013454788262681252,0.02270438507512789,0.005856253603146688,0.00035744227307289874,,0.03022011945070871,0.04932703368406002,0.04649999025157437,1070.0,0.005482256098895887,0.003092320827829793,0.005491377989243467,0.004132216327453971,600.0,0.006877905322075705,0.0011493581837951443,0.0004743382980741865,0.0009577984864959535,0.0017514029467354578,0.001231455196923369,0.0003010223814701568,0.0002736567104274153,0.0006750198857209577,0.001003407938233856,0.0009760422671911146,0.00232608203863303,0.0034115869899951105,6.385323243306357e-05,0.00019155969729919072,0.0002827786007749958,0.0014412586749177206,0.007479950085016018,0.010243882860332912,0.011347631592390155,0.0007388731181540213,0.4424810393121511,184550.0,0.18057694132070376,0.16285310837535485,0.2763659118606467,0.1669944465931564,0.23475184809498442
GM0518,'s-Gravenhage,2018,553598,0.27978244141055425,0.4969038905487375,0.5030997221810772,0.2276742329271421,0.3035325272128873,0.270024458180846,0.1541913084946116,0.033101636927879076,0.4518260542848782,0.1895779970303361,0.35859052959006354,0.5481685266203996,0.05833655468408484,0.0846281959111124,0.07424159769363328,0.025578127088609424,411190,0.011560735407281095,0.33755541024353414,0.008598296959165315,0.04823897485178776,0.012698745298935329,0.03237005914038707,0.13964103916560391,0.008056387486949014,0.025966495543697773,54890.0,0.41298017695150635,0.0016889511884074725,0.024051748741866844,35215.0,0.015950202132233138,0.9287334853088343,0.6562614026784779,0.5762033099830562,0.04949439846242219,113060.0,0.22778261482158535,0.07099917268487242,0.04804027471197512,0.1551757773691379,0.1078941759182656,0.011723308248945985,0.01577859746603131,0.05846300022760198,0.02418722610992092,30995.0,0.013087113754023678,0.02323888453354239,0.005888749598083808,0.0010007295641338524,,0.032152472447655386,0.05213478213148941,0.04667919192701776,850.0,0.0019418422754417465,0.0011380098916542328,0.0007586732611028219,0.0031250112897806713,595.0,0.004362371251341226,0.0002890183851820274,0.00039740027962528767,0.0008670551555460821,0.0007948005592505753,0.0004967503495316096,0.0002438592624973356,0.0002980502097189657,0.0006593231911965,0.001038659821747911,0.0009664052254524041,0.002212797011549897,0.0033056477805194382,9.031824536938356e-05,0.00019870013981264384,0.0002980502097189657,0.0014902510485948288,0.007586732611028219,0.010531107410070123,0.011407194390153143,0.0007948005592505753,0.3714643578867174,184810.0,0.18228931462902684,0.1702950516439727,0.2728423874363708,0.1691389781032446,0.24218837495800202
GM0518,'s-Gravenhage,2019,560609,0.2786648091628925,0.49745901332301123,0.5025427704514198,0.22612908462047523,0.30358948928754265,0.2700723677286665,0.15584837203826554,0.03283036840293324,0.44250984197542315,0.1958941080146769,0.3615889149121759,0.5574830229268528,0.058338342766527114,0.08294551104245562,0.07431204279631615,0.025900404738418398,414665,0.01153210169654786,0.33889038527743937,0.007179692084857717,0.045673544306281205,0.01253101537791937,0.03273226080922711,0.13772522381909674,0.007527528098906724,0.024660681508859115,51660.0,0.3973179167655175,0.0013199930789552076,0.022127721816809935,36990.0,0.0158666735639278,0.9252973106032903,0.648553626502607,0.5715034899546743,0.046993537385236414,113975.0,0.22092938215405034,0.06664181274292778,0.04812623414893446,0.15402892211862457,0.10702646586123306,0.011103995833102929,0.015813160330997184,0.05673294577860862,0.02367068669964271,30460.0,0.011023725983707005,0.022743123995512024,0.004976730662547337,0.0008641548565502938,0.00012802294171115463,0.02656476040506459,0.05258542330785677,0.04154344458526968,845.0,0.0017748555588654482,0.001016751425681714,0.0005886455622367818,0.003442684651869663,630.0,0.004129437807812575,0.0002943227811183909,0.0003924303748245212,0.0007937796218041452,0.0008294551104245561,0.0005172945849959597,0.00025864729249797986,0.00028540390896328815,0.0006867531559429121,0.001016751425681714,0.0008918872155102755,0.002095934956449147,0.0031394429985961694,7.135097724082204e-05,0.00018729631525715785,0.0002764850368081854,0.001275398718179694,0.007170773212702614,0.0103637294442294,0.010952375006466182,0.0006510776673225011,0.3594244088540666,185270.0,0.18544118984889646,0.1745869224361364,0.2685294028458337,0.17080532064237286,0.2487027500450403
GM0518,'s-Gravenhage,2020,564578,0.2778783445334391,0.49800913248479395,0.5019944099840943,0.22319325230526163,0.303855268891101,0.27033465703587456,0.15866718150547843,0.03316636496639968,0.4369015441621884,0.2008225612758556,0.36227943703084425,0.5631019983066998,0.0582913255564333,0.08160962701345076,0.07469295650910945,0.02645338642313374,417700,0.00816539078745541,0.3366762431408946,0.007873137104173382,0.04568013631420282,0.017845187024644955,0.033051234727531006,0.13881164338674196,0.008262808681882752,0.026657078384209092,47935.0,0.3695149297351296,0.0010184598053767592,0.02067916213525855,37275.0,0.01597653468608412,0.9243806878766088,0.6192766987023937,0.5192285211255132,0.04577755420863016,113980.0,0.205232935041748,0.06058507416158618,0.04831927563596173,0.15285753252872056,0.10530874387595691,0.010618550492580299,0.015055492775134703,0.054350328918236275,0.02340686317922413,29215.0,0.010246591259312265,0.022450396579392042,0.004596353382526418,0.0006374136304530736,0.002581525203334948,0.02466790749853395,0.03324112082812779,0.03413349991076209,825.0,0.0012841449719967835,0.0008236240165220748,0.0005048018165780459,0.003090804105012948,555.0,0.0023468856384768803,0.0002745413388406916,0.00037195923326803384,0.00015055492775134703,0.0007350622943154002,0.0004073839221507037,0.00019483578885468437,0.0002922536832820266,0.0006819252609913954,0.0009476104276114195,0.0007970554998600725,0.001966070232988179,0.0029491053494822683,7.970554998600725e-05,0.00020369196107535186,0.00030110985550269406,0.001089309183142099,0.005915923043405871,0.00897130245953615,0.009511528964996865,0.00046052095547470854,0.3159659366155886,183650.0,0.1897346336555799,0.18183492803474455,0.2636571031814913,0.17150863122544627,0.2590253251100822
GM0518,'s-Gravenhage,2021,568499,0.27365571443397435,0.49815391056096847,0.5018478484570773,0.22126687997692168,0.3035889245187766,0.27017637673944894,0.16084461010485507,0.033359777237954684,0.42924437861808024,0.20639438239996905,0.3643629979999965,0.5707573803999655,0.058100366051655326,0.08012327198464729,0.07514525091512914,0.026939361370908303,418220,0.003966585693202626,0.33770507951641077,0.00642041586704638,0.04425689403147587,0.016033449487158288,0.03296399817765731,0.13998265608206875,0.007247154348556462,0.023869874881046405,45055.0,0.3481272614375751,0.0007211973987641139,0.019876903917157285,35950.0,0.017414278653084703,0.9240649499823219,0.6226923882012105,0.5434222399687598,0.04638530586685289,115820.0,0.2087690567617533,0.06170635304547589,0.04947238253717245,0.1538261281022482,0.10635023104702031,0.010087968492468765,0.015224301186105868,0.05448558396760592,0.02328939892594358,29440.0,0.009824115785603844,0.022260373369170396,0.004432725475330652,0.0008998990827457207,0.004242381390086969,0.031142936113592975,0.031110796860637772,0.03856710354624517,810.0,0.0015479358802741958,0.0008795090228830658,0.0005804759551028234,0.003333339196726819,565.0,0.0026561172491068588,0.00029903306778024234,0.0003518036091532263,0.00026385270686491975,0.0008619188424254044,0.0005101152332721782,0.00020228707526310512,0.000334213428695565,0.0006948121280776219,0.0009938451958578644,0.0008091483010524205,0.0018381738578256074,0.002796838692768149,7.036072183064526e-05,0.00019349198503427448,0.00027264779709375037,0.0014687800682147197,0.006402825686588719,0.010360616289562514,0.010052788131553442,0.000642041586704638,0.3402261317837928,181650.0,0.19317536178603656,0.18707156916722809,0.25746747135878867,0.17409001598947405,0.2654006427451939
GM0518,'s-Gravenhage,2022,579374,0.26541922833955267,0.4983482172137514,0.5016535087870702,0.2198493546482928,0.3063306258133779,0.26951502828915347,0.16152778688722655,0.03293209567567754,0.41566414785613437,0.2189000541964258,0.3654375239482614,0.5843375781446872,0.057311857280444065,0.0775233269011036,0.07544349591110405,0.026589042656384305,421620,0.005126222440081881,0.34030695198610916,0.003909391860870526,0.04098388950833141,0.01775191844991318,0.03252648548260709,0.13621598483880878,0.0075081035738573014,0.02471633176497392,33640.0,0.3595604911507938,0.0004832802300413895,0.019175869127713706,34875.0,0.017924518532070822,0.9117771940059444,0.624993527496919,0.5457700897865627,,117510.0,0.2099162199201207,0.06236903968766289,0.049950463776420755,0.15153424213029926,0.10611453051051652,0.009423964485807096,0.014679636987507206,0.05445532592073514,0.022886770894102945,30040.0,0.009441224494022859,0.02188569041758864,0.004194181996430631,0.0009104092289484124,0.005527484604329646,0.03270970301150367,0.03157169147531816,0.03599367915878187,660.0,0.0015879207558502798,0.0007421803532778481,0.0006904003286305564,0.003296661569210907,550.0,0.0037195317704971226,0.0002934201396679865,0.00035383016842316015,0.00025890012323645864,0.0007939603779251399,0.00044013020950197973,0.0002502701191285767,0.0002675301273443406,0.0006731403204147925,0.000966560460082779,0.0007508103573857301,0.0016914808051448633,0.0025803712282567045,9.493004518670151e-05,0.00021575010269704888,0.00030205014377586843,0.0013203906285059392,0.006800443237010981,0.00993313472817213,0.010442304970537166,0.0006558803121990286,0.3435169108514277,182695.0,0.19153431117033212,0.18690862896850738,0.25421403100587875,0.17185790180436125,0.26503605615716275
GM0518,'s-Gravenhage,2023,580943,0.25793752571250533,0.49896461442861,0.5010302215535776,0.2171039155304393,0.3063037165436196,0.2700006713223156,0.16421576643491703,0.03283454659062937,0.4078283067357727,0.22210440611213147,0.3700621231342834,0.5921665292464149,0.05711403700535164,0.0761348359477608,0.0767975515670212,0.026388131021459937,424420,0.006609942799896031,0.3450940970112386,0.003959080322854394,0.04005556483166162,0.01473466415810157,0.03277429971615115,0.1353575135598501,0.006842323601454876,0.02440859086003274,28690.0,0.38502916809394383,0.00028402097968303257,0.020044995808538874,34310.0,0.01821176948513021,,,,,118570.0,0.19641341749534807,0.053998412925192314,0.052104939727305434,0.15244180582260222,0.10766116469257742,0.009114491438919136,0.014855157907058008,0.05357668480384478,0.022454870787667638,29730.0,0.008408742337888572,0.021499527492370163,0.00373530621764958,0.0011011231456085208,0.0074409230748697,0.03213277543093956,0.020520931349976977,0.03393461330557168,795.0,0.0016869124853901329,0.0006885357083225033,0.0006110754411362216,0.0035975990759850793,530.0,0.0040193271973326125,0.0002926276760370639,0.00038730133593140807,0.0001807406234346571,0.0008434562426950664,0.0004819749958257523,0.0002582008906209387,0.0002495941942669074,0.0006713223156144406,0.0009295232062353794,0.0006627156192604094,0.001626665610911914,0.002392661586420699,6.024687447821904e-05,0.0001893473197886884,0.00028402097968303257,0.001213544185918412,0.006609942799896031,0.009191951706105417,0.010087048126924672,0.0006024687447821903,0.3515919571296055,181320.0,0.19061250415273098,0.18978626130274398,0.25036879693877023,0.17228024091864433,0.2671862816145474
GM0518,'s-Gravenhage,2024,570051,0.24730594280160897,0.4986045108244701,0.5014025060915602,0.21448080961177157,0.2996924836549712,0.27174761556422145,0.17064262671234678,0.03360225664019535,0.402806064720525,0.2226379744970187,0.37455420655344873,0.5971921810504675,0.05736328854786677,0.07551955877632001,0.07825615602814485,0.025980131602260148,424770,0.01632310091553212,,,,,,,0.0446363570978737,0.047223844884054234,,,0.00021050748090960283,,34770.0,,,,,,,,,,,,,,,,,,,,,,,,,,,,,,,,,,,,,,,0.00042978610685710577,0.0007543184732594101,,0.0010963931297375148,0.001859482748034825,,0.00012279603053060164,0.00021927862594750295,,,,,,,,,,,,
GM0534,Hillegom,2009,21277,0.39300653287587534,0.4934906236781501,0.5066503736429008,0.22747567796211873,0.24228039667246323,0.2956243831367204,0.18118155755040655,0.043239178455609345,0.8542087700333694,0.09047328100766086,0.05545894628002068,0.14593222728768154,0.011514781219156837,0.004934906236781501,0.005169901771866335,0.0037599285613573344,4120,0.015509705315599004,,,,,,,0.006814870517460168,0.007989848192884336,,,0.0018799642806786672,,,,0.9674766179442591,0.7298961319734925,0.5630493020632608,0.03618931240306434,4800.0,0.22559571368144005,0.05827889270103868,0.031019410631198008,0.18400150397142453,0.08694834798138835,0.01926963387695634,0.01950462941204117,0.046999107016966676,,920.0,0.02373454904356817,,0.008929830333223669,,,,,,,,,,,,,,,,,,,,,,,,,,,,,0.004464915166611834,0.003054941956102834,0.008224843727969168,,,,,,,,
GM0534,Hillegom,2010,21316,0.39641583786826795,0.49352598986676677,0.5064270970163257,0.22565209232501407,0.23597297804466127,0.29789829236254456,0.18601050853818726,0.043863764308500655,0.8512385062863577,0.09335710264589979,0.05559204353537249,0.14894914618127228,0.011493713642334397,0.00492587727528617,0.00492587727528617,0.0037530493525989865,3850,0.01477763182585851,,,,,,,0.0037530493525989865,0.0070369675361231,,,0.0018765246762994933,0.008678926627885157,,,0.9563238881591293,0.7313754925877275,0.5763276412084819,0.040579846124976546,4985.0,0.2385531994745731,0.05981422405704635,0.03377744417339088,0.19023268905986113,0.09054231563145056,0.019468943516607242,0.01970350910114468,0.05090073184462376,0.018765246762994934,1000.0,0.023456558453743667,0.017357853255770314,0.009382623381497467,,,0.028402366863905324,0.03727810650887574,0.06863905325443787,,0.0004691311690748733,,0.0004691311690748733,,35.0,,,,,,,,,,,0.00070369675361231,0.00070369675361231,0.00070369675361231,,,,0.0009382623381497466,0.00633327078251079,0.003987614937136424,0.008209795458810284,,0.010650887573964497,,,,,,
GM0534,Hillegom,2011,21470,0.400093153237075,0.4944108057755007,0.5055891942244993,0.2233348858872846,0.23404750815090825,0.2976245924545878,0.19003260363297625,0.04471355379599441,0.8458313926408942,0.09850954820680019,0.05565905915230554,0.15416860735910573,0.010945505356311131,0.00535631113181183,0.004890544946436889,0.0032603632976245926,18070,0.014438751746623195,0.4007918025151374,0.009781089892873778,0.008616674429436423,0.007219375873311598,0.02841173730787145,0.19701909641360038,0.004424778761061947,0.011644154634373545,710.0,0.5272473218444341,0.0016301816488122963,0.010246856078248719,,,0.9764788076385654,0.7210060549604099,0.6013041453190499,0.04564508616674429,5080.0,0.23637633907778297,0.06217978574755473,0.03493246390312063,0.19236143455985094,0.09408476944573824,0.019795062878435025,0.019795062878435025,0.059152305542617606,0.021891010712622262,1175.0,0.02841173730787145,0.020027945971122497,0.011178388448998603,,,0.033760186263096625,0.0320139697322468,0.08556461001164144,,0.0004657661853749418,,,,25.0,,,,,,0.0004657661853749418,,,,,0.0006986492780624127,0.0011644154634373545,0.0011644154634373545,,,,0.0006986492780624127,0.006520726595249185,0.006753609687936655,0.012342803912435958,,0.015133876600698487,,,,,,
GM0534,Hillegom,2012,21506,0.4039337859202083,0.4956756254068632,0.5045103691992933,0.2208685948107505,0.2315632846647447,0.2973588765925788,0.19296940388728726,0.047661117827583,0.8420905793731982,0.10113456709755417,0.05696084813540407,0.15809541523295825,0.010927183111689762,0.005579838184692644,0.004649865153910537,0.0034873988654329025,18075,0.015577048265600298,0.39802845717474195,0.010462196596298707,0.009067237050125547,0.007672277503952385,0.028131684181158745,0.20087417464893517,0.002789919092346322,0.011159676369385288,900.0,0.5245047893611086,0.0009299730307821073,0.009299730307821073,,,0.9767041755789082,0.7067795033944015,0.5877429554542918,0.04115130661210825,5145.0,0.2208685948107505,0.05928578071235934,0.035571468427415605,0.19413187017576491,0.09648470194364363,0.01929694038872873,0.018599460615642147,0.058355807681577235,0.023249325769552683,1175.0,0.028829163954245327,0.021621872965683995,0.012322142657862922,,,0.040290088638195005,0.029354207436399216,0.07827788649706457,30.0,0.0060448247000836975,0.0018599460615642146,0.0030224123500418487,0.0020924393192597417,35.0,0.003952385380823956,0.0011624662884776342,,,0.0011624662884776342,0.002789919092346322,0.0009299730307821073,,0.00046498651539105364,0.00046498651539105364,0.00046498651539105364,0.001627452803868688,0.001627452803868688,,,,0.0006974797730865805,0.007439784246256858,0.007439784246256858,0.014182088719427137,,0.26936802118107517,,,,,,
GM0534,Hillegom,2013,21526,0.40992288395428783,0.49591192046827093,0.5040416240825049,0.2190374430920747,0.2292576419213974,0.2963857660503577,0.19929387717179226,0.04715228096255691,0.8392176902350645,0.10313109727771068,0.05760475703800056,0.16073585431571125,0.01114930781380656,0.00487782216854037,0.0046455449224194,0.0037164359379355198,18050,0.016491684474588868,0.39069032797547154,0.01579485273622596,0.009523367090959769,0.00882653535259686,0.026944160550032518,0.20231348137136487,0.00511009941466134,0.013239803028895289,1015.0,0.53400538883211,0.00069683173836291,0.0092910898448388,,,0.9771903744309207,0.7000836198086036,0.5767444021183685,0.04761683545479885,5135.0,0.2236829880144941,0.0627148564526619,0.03507386416426647,0.19511288674161478,0.09755644337080739,0.01881445693579857,0.0185821796896776,0.053888321100065036,0.02020812041252439,1075.0,0.02601505156554864,0.01881445693579857,0.01114930781380656,,,0.03626473254759746,0.026631912964641884,0.08329555757026291,50.0,0.0067360401375081294,0.00255504970733067,0.00278732695345164,0.00394871318405649,40.0,0.0074328718758710395,0.00116138623060485,0.00046455449224193997,0.00046455449224193997,0.0020904952150887298,0.00325188144569358,0.0020904952150887298,,0.00046455449224193997,0.00069683173836291,0.00069683173836291,0.00162594072284679,0.0020904952150887298,,,0.00046455449224193997,0.00046455449224193997,0.0069683173836291,0.0074328718758710395,0.01254297129053238,,0.4017452402538531,,0.17908575675926786,0.10545386973892037,,0.18071169748211466,0.154696645916566
GM0534,Hillegom,2014,21678,0.41175385183134977,0.4961251037918627,0.5037365070578467,0.21611772303718055,0.22741950364424762,0.2961527816219208,0.20274010517575422,0.04774425685026294,0.8342559276686041,0.10679029430759295,0.058815388873512314,0.16560568318110527,0.011763077774702464,0.004843620260171603,0.004382323092536212,0.003921025924900821,18080,0.011763077774702464,0.3835685948888274,0.016606698034874065,0.01037918627179629,0.010609834855613986,0.02790847864194114,0.20573853676538426,0.004151674508718516,0.013608266445244026,915.0,0.5203432050927207,0.0011532429190884768,0.010609834855613986,,,0.9744902666297629,0.7009410462219762,0.5835409170587692,0.05720084878678845,5205.0,0.2241904234707999,0.06227511763077775,0.034827936156472,0.19535935049358796,0.10171602546360366,0.019605129624504107,0.018221238121597934,0.05812344312205923,0.02075837254359258,1170.0,0.025601992803764184,0.01937448104068641,0.009917889104160901,,,0.04201209948465158,0.0212861304055568,0.10082903876316379,45.0,0.006919457514530861,0.0027677830058123443,0.00299843158963004,0.003229080173447735,40.0,0.00645816034689547,0.0009225943352707814,0.0004612971676353907,0.0004612971676353907,0.0018451886705415628,0.0027677830058123443,0.0011532429190884768,,0.0006919457514530861,0.0009225943352707814,0.0006919457514530861,0.0018451886705415628,0.0027677830058123443,,,0.0004612971676353907,0.0011532429190884768,0.011532429190884768,0.012224374942337853,0.018221238121597934,,0.41115841362312344,,0.18152043546452626,0.10886613156195221,,0.1835962727188855,0.15684103699603286
GM0534,Hillegom,2015,21695,0.41309057386494585,0.49596681262963815,0.5040331873703618,0.2157179073519244,0.22286241069370824,0.2954597833602213,0.20903433970961052,0.04770684489513713,0.8331412767918875,0.10624567872781747,0.060613044480294996,0.16685872320811246,0.011523392486748099,0.00460935699469924,0.004148421295229315,0.003917953445494353,18035,0.01267573173542291,0.38326803410924176,0.014749942383037565,0.009910117538603365,0.011292924637013136,0.028347545517400322,0.20696012906199585,0.004148421295229315,0.014980410232772528,900.0,0.5104862871629408,0.0009218713989398478,0.009679649688868404,555.0,0.023046784973496198,0.9764922793270339,0.6939386955519705,0.5736344779903203,0.038949066605208575,5300.0,0.22217100714450333,0.060152108780825074,0.035492048859184146,0.19843281862180226,0.10624567872781747,0.019589767227471768,0.01751555657985711,0.05946070523162019,0.023968656372436045,1210.0,0.026503802719520627,0.022585849274026272,0.011062456787278175,,,0.04184333854050435,0.02845347020754296,0.11548761437179202,20.0,0.005761696243374049,0.0020742106476146576,0.0034570177460244295,0.0034570177460244295,35.0,0.007835906890988707,0.00115233924867481,0.0004609356994699239,0.0004609356994699239,0.0016132749481447338,0.0027656141968195437,0.0006914035492048859,0.0004609356994699239,0.0009218713989398478,0.00115233924867481,0.0006914035492048859,0.00230467849734962,0.0029960820465545056,,,0.0004609356994699239,0.0009218713989398478,0.015441345932242452,0.014749942383037565,0.02350772067296612,,0.3950011158223611,,0.18299147268955981,0.11339018206960129,,0.18898363678266883,0.1599446877160636
GM0534,Hillegom,2016,21901,0.4152321811789416,0.49609606867266337,0.5040865713894342,0.2143737728870828,0.22556047669056206,0.2919957992785718,0.21163417195561846,0.04794301630062554,0.8269028811469796,0.1107255376466828,0.062325921190813205,0.173051458837496,0.011643303958723346,0.0045660015524405274,0.0045660015524405274,0.0038811013195744486,18215,0.01141500388110132,0.3883384320350669,0.012784804346833477,0.010958403725857267,0.011186703803479293,0.027396009314643168,0.207524770558422,0.006392402173416739,0.015296105200675768,780.0,0.49974886991461576,0.0004566001552440528,0.008675402949637003,1265.0,0.021688507374092506,0.976667732067029,0.6896945344961417,0.596319802748733,0.04018081366147665,5330.0,0.22350577599196383,0.059814620336970915,0.035614812109036116,0.19451166613396648,0.1107255376466828,0.01894890644262819,0.0164376055887859,0.0579882197159947,0.02283000776220264,1210.0,0.024199808227934796,0.021231907218848454,0.010273503492991188,,,0.03793710138552892,0.023092148669452386,0.10556410820321091,40.0,0.006164102095794713,0.0018264006209762111,0.002967901009086343,0.003424501164330396,30.0,0.008447102872014977,0.0013698004657321584,0.0004566001552440528,0.0004566001552440528,0.0018264006209762111,0.0031962010867083693,0.0004566001552440528,0.0004566001552440528,0.0009132003104881056,0.0013698004657321584,0.0009132003104881056,0.0022830007762202637,0.003424501164330396,,0.0004566001552440528,0.0004566001552440528,0.0004566001552440528,0.014839505045431715,0.015296105200675768,0.02648280900415506,,0.4502968990543215,,0.19063056481439203,0.11757453997534359,,0.19770786722067485,0.1668873567417013
GM0534,Hillegom,2017,22412,0.4169641263608781,0.4968320542566482,0.5030787078350883,0.2126093164376227,0.22688738175977155,0.29046939139746564,0.2126093164376227,0.047296091379618065,0.8216580403355346,0.11266285918258076,0.06558986257362127,0.17825272175620205,0.011154738532928789,0.004461895413171516,0.004461895413171516,0.0040157058718543635,18610,0.010485454220953061,0.3935391754417277,0.010708548991611637,0.01160092807424594,0.010262359450294484,0.027663751561663393,0.2052471890058897,0.005577369266464394,0.017847581652686063,780.0,0.4888006425129395,0.0006692843119757273,0.00847760128502588,1290.0,0.02164019275388185,0.9749241477779761,0.6844547563805105,0.596332321970373,0.042388006425129396,5390.0,0.2179635909334285,0.059789398536498305,0.03391040514010352,0.19096912368374086,0.11333214349455649,0.018070676423344638,0.016732107799393183,0.060458682848474034,0.022755666607174728,1270.0,0.025209709084419062,0.021417097983223273,0.010262359450294484,,,0.03584804708400214,0.021401819154628143,0.09898341359015517,25.0,0.005131179725147242,0.002230947706585758,0.0024540424772443335,0.003123326789220061,40.0,0.006915937890415848,0.0013385686239514546,0.0004461895413171515,0.0004461895413171515,0.0020078529359271817,0.002677137247902909,0.0006692843119757273,,0.0006692843119757273,0.001115473853292879,0.000892379082634303,0.002230947706585758,0.0033464215598786365,,0.0004461895413171515,0.0006692843119757273,0.000892379082634303,0.014054970551490274,0.015170444404783151,0.023871140460467608,,0.4328517924023542,6590.0,0.20123148313403533,0.12560235588077814,,0.20301624129930396,0.17780653221488488
GM0534,Hillegom,2018,22615,0.41574176431571963,0.49679416316604025,0.5032058368339598,0.21379615299579924,0.23037806765421182,0.2858722087110325,0.21070086225956225,0.04908246738890117,0.8193676763210259,0.1138624806544329,0.06676984302454124,0.18063232367897414,0.01127570196772054,0.004421843908910016,0.004421843908910016,0.004200751713464515,18700,0.009949148795047534,0.4019456113199204,0.008180411231483529,0.011938978554057041,0.009728056599602034,0.027415432235242097,0.2018571744417422,0.0055273048861375195,0.013486623922175547,850.0,0.4618615962856511,0.0006632765863365023,0.007296042449701525,1315.0,0.021667035153659076,0.9750165819146585,0.6887021888127349,0.5954012823347336,0.04399734689365466,5445.0,0.21888127349104577,0.06146363033384922,0.03382710590316162,0.19036038027857616,0.1134202962635419,0.01724519124474906,0.017687375635640063,0.06080035374751271,0.023435772717223084,1275.0,0.024099049303559585,0.021888127349104575,0.010170240990493035,,,0.029249095937034675,0.023931078493937462,0.06434801106147628,15.0,0.001989829759009507,0.001105460977227504,,0.002210921954455008,35.0,0.005306212690692019,0.0006632765863365023,0.00044218439089100157,,0.0006632765863365023,0.0008843687817820031,0.0006632765863365023,0.00044218439089100157,0.0006632765863365023,0.001105460977227504,0.001105460977227504,0.0024320141499005084,0.0035374751271280125,,0.0006632765863365023,0.0006632765863365023,0.0008843687817820031,0.013486623922175547,0.01459208489940305,0.021667035153659076,0.00044218439089100157,0.36694320357370774,,0.20694229493698874,0.13464514702630997,,0.20804775591421623,0.18748618173778467
GM0534,Hillegom,2019,22749,0.41342476592377686,0.49650534089410525,0.5035386170820696,0.21253681480504638,0.23385643324981317,0.28001230823332895,0.21297639456679415,0.050771462481867334,0.8132225592333729,0.11692821662490659,0.0696733922370214,0.186601608861928,0.011648863686315881,0.004615587498351576,0.004615587498351576,0.004176007736603806,18795,0.008791595234955383,0.40397380104619984,0.005934326783594884,0.011209283924568113,0.00967075475845092,0.027253945228361685,0.20176711064222602,0.0032968482131082687,0.011209283924568113,800.0,0.44177766055650797,0.0006593696426216537,0.007253066068838191,1405.0,0.020880038683019034,0.9727900127478131,0.6820080003516638,0.5976086860960922,0.04219965712778584,5445.0,0.2164930326607763,0.058903688074201065,0.03318827201195657,0.18879950767066683,0.11319178865005056,0.01692382082728911,0.01912171963602796,0.05780473866983164,0.022858147610883995,1225.0,0.021978988087388455,0.021319618444766802,0.009011385115829267,,,0.02764486975013291,0.02073365231259968,0.07123870281765018,10.0,0.001538529166117192,0.0017583190469910766,0.00043957976174776914,0.00241768868961273,35.0,0.0063739065453426525,0.00043957976174776914,0.00043957976174776914,0.0010989494043694228,0.0010989494043694228,0.0010989494043694228,0.00043957976174776914,,0.0006593696426216537,0.0010989494043694228,0.0006593696426216537,0.0021978988087388456,0.0032968482131082687,,0.0006593696426216537,0.0008791595234955383,0.0010989494043694228,0.01582487142291969,0.013846762495054728,0.02307793749175788,0.00043957976174776914,0.379585326953748,6715.0,0.2092399665919381,0.14176447316365554,0.23605433205855203,0.21275660468592025,0.19561299397775728
GM0534,Hillegom,2020,22804,0.4106297140852482,0.4970619189615857,0.5029819329942116,0.2111471671636555,0.2363620417470619,0.27539028240659535,0.21706718119628135,0.05042974916681284,0.8079722855639362,0.12125065777933695,0.07082090861252412,0.19207156639186107,0.011840028065251711,0.004604455358708999,0.004823715137695141,0.00394667602175057,18830,0.008331871601473426,0.403876512892475,0.0072355727065427115,0.011620768286265567,0.011620768286265567,0.02740747237326785,0.20106121733029292,0.003069636905805999,0.011840028065251711,750.0,0.4201017365374496,0.00043851955797228557,0.006139273811611998,1345.0,0.021048938782669706,0.9693474828977372,0.6516400631468163,0.5459568496754955,0.04078231889142256,5305.0,0.19645676197158393,0.0532801262936327,0.032450447289949134,0.18439747412734608,0.11094544816698824,0.016225223644974567,0.01732152253990528,0.05240308717768812,0.022145237677600422,1110.0,0.019952639887738995,0.020610419224697422,0.008551131380459568,,,0.024562152926099957,0.02883383169585647,0.05659974369927381,10.0,0.0010962988949307138,0.0015348184529029995,0.00043851955797228557,0.0026311173478337133,45.0,0.002850377126819856,0.00043851955797228557,0.00043851955797228557,,0.0008770391159445711,0.00043851955797228557,,,0.00043851955797228557,0.0008770391159445711,0.0010962988949307138,0.0024118575688475705,0.0035081564637782846,0.00043851955797228557,0.0006577793369584283,0.0010962988949307138,0.0008770391159445711,0.012278547623223996,0.014032625855113138,0.01907560077179442,0.00043851955797228557,0.33265698419478856,6660.0,0.21553236274337836,0.14756183125767408,0.2332924048412559,0.21662866163830907,0.20456937379407122
GM0534,Hillegom,2021,22917,0.40520137888903435,0.4970109525679626,0.503119954618842,0.20486974734912947,0.24152375965440503,0.2729414844874984,0.21948771654230484,0.050399266919753896,0.8022428764672513,0.12567089933237335,0.07199895274250556,0.19766985207487892,0.011563468167735742,0.004363572893485186,0.005236287472182223,0.004145394248810926,18865,0.004145394248810926,0.406466815028145,0.006327180695553519,0.011563468167735742,0.011563468167735742,0.02705415193960815,0.2020334249683641,0.0028363223807653707,0.01199982545708426,650.0,0.4101758519876075,,0.005672644761530741,1405.0,0.02072697124405463,0.9660950386176201,0.6468996814591788,0.5644281537723088,0.041017585198760746,5400.0,0.19679713749618188,0.051271981498450935,0.03272679670113889,0.18523366932844612,0.1103983942051752,0.01570886241654667,0.017236112929266485,0.056726447615307415,0.02138150717807741,1200.0,0.020508792599380373,0.019636078020683335,0.007854431208273335,,0.002153779883695886,0.025845358604350634,0.02423002369157872,0.05007538229592936,20.0,0.0013090718680455558,0.0013090718680455558,0.00043635728934851857,0.002399965091416852,30.0,0.0028363223807653707,0.00043635728934851857,0.00043635728934851857,,0.0010908932233712964,0.0006545359340227779,0.00043635728934851857,,0.00043635728934851857,0.0006545359340227779,0.0008727145786970371,0.002399965091416852,0.0037090369594624077,,0.0006545359340227779,0.0010908932233712964,0.001527250512719815,0.01199982545708426,0.014399790548501113,0.018981542086660558,0.00043635728934851857,0.359681240577213,6505.0,0.22472400401448706,0.1549068377187241,0.22690579046122966,0.22036043112100187,0.21425142907012262
GM0534,Hillegom,2022,23072,0.3997919556171983,0.4969226768377254,0.5032073509015257,0.20349341192787795,0.24705270457697642,0.2695908460471567,0.22061373092926492,0.05027739251040222,0.7940360610263523,0.13067787794729543,0.07541608876560332,0.20609396671289876,0.011269070735090153,0.004767683772538141,0.006067961165048544,0.003684119278779473,18935,0.0034674063800277394,0.4160887656033287,0.003684119278779473,0.011269070735090153,0.012135922330097087,0.02643897364771151,0.1980755894590846,0.0032506934812760054,0.012135922330097087,485.0,0.42345700416088766,,0.006067961165048544,1380.0,0.019937586685159502,0.9641556865464632,0.6553398058252428,0.5727721914008321,,5450.0,0.20219313453536755,0.051360957004160886,0.03467406380027739,0.18312239944521497,0.1111737170596394,0.015386615811373093,0.01647018030513176,0.05677877947295423,0.02167128987517337,1225.0,0.02037101248266297,0.019937586685159502,0.00823509015256588,,0.002168256721595837,0.024934952298352124,0.02168256721595837,0.047701647875108416,15.0,0.001516990291262136,0.001516990291262136,,0.002817267683772538,45.0,0.0045509708737864075,0.00043342579750346743,,,0.0008668515950069349,0.0006501386962552011,,0.00043342579750346743,0.0006501386962552011,0.0010835644937586685,0.0008668515950069349,0.0026005547850208046,0.0034674063800277394,0.00043342579750346743,0.0006501386962552011,0.0008668515950069349,0.001516990291262136,0.009752080443828016,0.014519764216366159,0.01885402219140083,0.00043342579750346743,0.33987424111014747,6500.0,0.22798196948682387,0.1588505547850208,0.22581484049930653,0.22278085991678226,0.21822988904299584
GM0534,Hillegom,2023,23476,0.3958936786505367,0.4966774578292725,0.5034929289487136,0.20148236496847843,0.250255580166979,0.2664423240756517,0.2223547452717669,0.049838132560913274,0.7827142613733175,0.1390782075310956,0.07816493440109047,0.21724314193218605,0.011288124041574374,0.005111603339580849,0.006176520701993525,0.003833702504685636,19145,0.004046685977168171,0.415743738285909,0.003620719032203101,0.011075140569091839,0.011288124041574374,0.027261884477764526,0.19679672857386266,0.0034077355597205657,0.012140057931504515,460.0,0.43214346566706424,,0.006389504174476061,1355.0,0.020872380303288463,,,,,5480.0,0.19615777815641505,0.04728233089112285,0.0355682399045834,0.18210086897256772,0.11032543874595331,0.01469585960129494,0.01554779349122508,0.055801669790424266,0.020446413358323395,1240.0,0.019381495995910717,0.019381495995910717,0.007880388481853809,,0.0037658704540563803,0.024747148698084784,0.017215407789972024,0.05971594577146546,10.0,0.0017038677798602829,0.001916851252342818,0.0004259669449650707,0.0023428181973078888,40.0,0.005324586812063384,0.0006389504174476061,,0.0004259669449650707,0.0008519338899301414,0.0006389504174476061,,0.0004259669449650707,0.0008519338899301414,0.0010649173624126768,0.0008519338899301414,0.0023428181973078888,0.003620719032203101,,0.0004259669449650707,0.0006389504174476061,0.0008519338899301414,0.009797239734196626,0.01192707445902198,0.015334810018742545,0.0004259669449650707,0.31579513664729936,6540.0,0.23002215028113818,0.1637842903390697,0.2234196626341796,0.2234196626341796,0.22320667916169706
GM0534,Hillegom,2024,23207,0.38199681130693325,0.4951092342827595,0.5050200370577843,0.20037057784289222,0.24712371267290043,0.2626362735381566,0.22751755935709053,0.05170853621752058,0.779937087947602,0.13918214331882622,0.0807945878398759,0.21997673115870212,0.0118498728831818,0.005386305855991726,0.00689447149566941,0.003878140216314043,19190,0.013142586288619813,,,,,,,0.032533287370190025,0.034903261946826386,,,,,1345.0,,,,,,,,,,,,,,,,,,,,,,,,,,,,,,,,,,,,,,,0.0006463567027190072,0.0008618089369586763,,0.0017236178739173525,0.003231783513595036,,,0.00043090446847933813,,,,,,,,,,,,
GM0537,Katwijk,2009,62960,0.9270806861499364,0.49841168996188057,0.5015883100381194,0.2681067344345616,0.25921219822109276,0.2689803049555273,0.1588310038119441,0.032083862770012704,0.9050190597204575,0.048205209656925034,0.04685514612452351,0.09506035578144854,0.00659148665819568,0.0027795425667090216,0.004764930114358323,0.001826556543837357,11795,0.012150571791613723,,,,,,,0.0049237611181702666,0.005162007623888183,,,0.001667725540025413,,,,0.9639453621346887,0.7085451080050826,0.5174714104193139,0.03224269377382465,13200.0,0.2056861499364676,0.048205209656925034,0.03573697585768742,0.17137865311308767,0.08926302414231257,0.0201715374841169,0.02247458703939009,0.045187420584498095,,2665.0,0.05471728081321474,,0.018742058449809404,,,,,,,,,,,,,,,,,,,,,,,,,,,,,0.014850698856416773,0.026604193138500636,0.03105146124523507,0.0004764930114358323,,,,,,,
GM0537,Katwijk,2010,63283,0.9283693883033358,0.4984751038983613,0.5015565001659213,0.2654741399744007,0.25630896133242737,0.27084683090245404,0.16283994121644044,0.03255218621114676,0.8992936491632824,0.050645513012973466,0.0500924418880268,0.10073795490100027,0.0060837823744133495,0.0029233759461466747,0.00481961980310668,0.001817233696253338,10860,0.017619265837586714,,,,,,,0.003871497874626677,0.007742995749253354,,,0.0014221828927200037,0.008059036392080022,,,0.9590253306575226,0.7095112431458686,0.5273138125562947,0.03563358247870676,13525.0,0.20985098683690723,0.05135660445933347,0.0379248771392001,0.17453344500102713,0.09433813188376025,0.020305611301613388,0.023940078694120064,0.04724807610258679,0.017540255676880046,2805.0,0.05649226490526682,0.016355103266280042,0.020700662105146723,0.0002553191489361702,,0.034297872340425535,0.10008510638297873,0.07557446808510639,,0.00015802032141333375,0.00015802032141333375,0.00015802032141333375,,195.0,,,,,,,,0.0007110914463600019,0.0007110914463600019,0.0007110914463600019,0.001975254017666672,0.001975254017666672,0.001975254017666672,,,,0.003160406428266675,0.01698718455193338,0.030497922032773416,0.03642368408577343,0.00047406096424000126,0.006297872340425532,,,,,,
GM0537,Katwijk,2011,63783,0.9320665381057649,0.497154414185598,0.5027985513381309,0.26331467632441247,0.25312387313233936,0.2710753649091451,0.16603170123700672,0.03308091497734506,0.8953796466143016,0.05369769374284684,0.05087562516658044,0.10457331890942728,0.0061144819152438735,0.0032140225451922928,0.0049386200084662055,0.0018813790508442688,55395,0.01614850351974664,0.40104730100497,0.005644137152532806,0.009720458429362056,0.007211953028236364,0.01983287082765,0.16673721838107333,0.0037627581016885375,0.00807425175987332,1975.0,0.5046015395951899,0.0014894250819183796,0.008779768903939921,,,0.9626389476819842,0.6957182948434536,0.5515576250725115,0.039979304830440716,13920.0,0.21220387877647648,0.05416803850555791,0.0396657416553,0.17802549268613893,0.09963469890096108,0.020146434002790713,0.024771490836116208,0.05040528040386937,0.018108273364376086,3010.0,0.060125738833231426,0.01685402066381324,0.021400686703353558,0.00025231286795626576,,0.03919259882253995,0.04095878889823381,0.09142136248948696,,0.0002351723813555336,0.0002351723813555336,0.00015678158757035575,,200.0,,,,,,,,0.0004703447627110672,0.0010974711129924902,0.0010974711129924902,0.0018813790508442688,0.003527585720333004,0.003527585720333004,,0.00015678158757035575,0.00015678158757035575,0.0031356317514071147,0.018970572096013043,0.034805512440618976,0.041155166737218384,0.00039195396892588934,0.011101766190075694,,,,,,
GM0537,Katwijk,2012,63664,0.9386466448856496,0.49698416687609953,0.5030315405880874,0.26176489067604924,0.24864915807991958,0.27283865292787135,0.17074013571249058,0.03353543603920583,0.8965820557929128,0.05481905001256597,0.04861460165870822,0.10343365167127419,0.0066756722794672025,0.0033771048002010557,0.004947851218899221,0.0019634330233727067,55285,0.015157702940437296,0.39959788891681325,0.0065185976375973865,0.009660090474993718,0.007618120130686102,0.020027016838401607,0.1700332998240764,0.00408394068861523,0.009031791907514452,2285.0,0.5024032420206082,0.0015707464186981654,0.009345941191254084,,,0.9673441819552652,0.6904215883387785,0.5519602915305353,0.03769791404875597,14080.0,0.2069458406634833,0.05395513948228198,0.04154624277456647,0.18055730082935412,0.10853857753204323,0.019712867554661975,0.025131942699170646,0.05097072128675546,0.019241643629052525,3045.0,0.06125911032922845,0.017985046494093992,0.02316850967579794,0.0001673416111650323,,0.04083135312426788,0.047859700793199234,0.0999866126711068,135.0,0.0036912540839406888,0.0027488062327217892,0.003926866046745413,0.002120507665242523,205.0,0.004319552651419954,0.0009424478512188992,,0.0002356119628047248,0.001178059814023624,0.0009424478512188992,0.0010995224930887158,0.0007068358884141744,0.0018063583815028901,0.0018063583815028901,0.0018063583815028901,0.005183463181703945,0.005183463181703945,,0.00015707464186981654,0.00015707464186981654,0.002356119628047248,0.021990449861774314,0.04217454134204574,0.047043855240010056,0.0007068358884141744,0.24900431741356807,,,,,,
GM0537,Katwijk,2013,63777,0.9436944352979915,0.4972011853803095,0.5028458535208618,0.25777317841855213,0.24820860184706084,0.2729824231305957,0.17412233250231274,0.034730388698120014,0.8969534471674742,0.054721921695909184,0.04829327186916914,0.10301519356507832,0.006663844332596391,0.003449519419226367,0.005017482791601988,0.0018031578782319645,55240,0.014582059363093277,0.3948915753328002,0.009407780234253729,0.010975743606629349,0.008702196716684698,0.01991313482917039,0.17231917462408078,0.0057230663091710175,0.010113363751822757,2500.0,0.5047274095677124,0.0014111670351380592,0.008937391222541042,,,0.9693933549712279,0.6759490098311304,0.5386738165796447,0.04209981654828543,14370.0,0.2086959248631952,0.0558978942251909,0.04209981654828543,0.18211894570142842,0.11273656647380717,0.01912915314298258,0.024695423114916036,0.04484375244994277,0.01701240259027549,2665.0,0.05166439311977672,0.015758031892374996,0.021481098201546013,,,0.041537899179211114,0.04361479413817167,0.09362642474994184,265.0,0.004233501105414177,0.0025871395644197753,0.0032927230819888046,0.005017482791601988,210.0,0.007134233344309077,0.0009407780234253728,0.00015679633723756213,0.0005487871803314674,0.0015679633723756213,0.001332768866519278,0.0017247597096131835,0.0006271853489502485,0.0016463615409944023,0.002273546889944651,0.002273546889944651,0.005487871803314674,0.006977437007071515,0.00015679633723756213,0.0002351945058563432,0.00031359267447512426,0.0035279175878451478,0.02430343227182213,0.049782837072925974,0.05566269971933455,0.001019176192044154,0.37259495563752365,21230.0,0.16941844238518589,0.07526224187402983,0.2737664048167835,0.18439249259137305,0.11814604010850306
GM0537,Katwijk,2014,64527,0.9444728563237095,0.49777612472298416,0.5021928804996358,0.25686921753684505,0.248655601531142,0.27182419762270055,0.175662900801215,0.034559176778712786,0.8931919971484805,0.05602306011437073,0.05083143490321881,0.10685449501758953,0.007051311853952609,0.003719373285601376,0.005114138267701893,0.0019371735862507167,55785,0.014025136764455189,0.39247136857439524,0.009840841818153642,0.011932989291304414,0.009220946270553412,0.01913927503215708,0.1718660405721636,0.004726703550451749,0.011855502347854386,2460.0,0.49204209090768203,0.0015497388690005735,0.009530894044353526,,,0.9693616625598587,0.6768484510360004,0.545895516605452,0.04827436576936786,14455.0,0.2046430176515257,0.05602306011437073,0.04207541029336557,0.17907232631301626,0.11847753653509384,0.018984301145257024,0.02402095246950889,0.04687960078726734,0.017124614502456337,2850.0,0.05114138267701892,0.016039797294155934,0.019681683636307283,0.0001640850616959832,,0.03265292727750066,0.038313861906012076,0.10050210028878971,215.0,0.003796860229051405,0.0032544516249012044,0.0036418863421513476,0.004804190493901778,185.0,0.007748694345002867,0.0010848172083004013,0.00038743471725014337,0.0007748694345002867,0.0014722519255505448,0.0013172780386504874,0.000929843321400344,0.00038743471725014337,0.0015497388690005735,0.0025570691338509463,0.001859686642800688,0.005114138267701893,0.008058642118802981,,0.0003099477738001147,0.00038743471725014337,0.003331938568351233,0.029057603793760753,0.05672044260542099,0.06338431974212345,0.000929843321400344,0.38436925702284064,21550.0,0.17659274412261533,0.08058642118802982,0.275698544795202,0.19015295922637035,0.12413408340694593
GM0537,Katwijk,2015,65483,0.9414046393720508,0.4986790464700762,0.5013514958080724,0.2560206465800284,0.2503703251225509,0.269382893270009,0.17829054869202693,0.03474184139394958,0.8832826840554037,0.05627414748866118,0.06039735503871234,0.11667150252737352,0.007101079669532551,0.003588717682451934,0.005115831589878289,0.0019088923842829437,56575,0.02298306430676664,0.39109387169188947,0.008780904967701541,0.013056823908495335,0.009239039139929447,0.019088923842829435,0.17073133485026648,0.005879388543591466,0.013209535299237971,2355.0,0.4792846998457615,0.001832536688911626,0.00885726066307286,90.0,0.0176381656307744,0.9648305667119711,0.6686468243666295,0.5413618801826429,0.03290930470503795,14670.0,0.2039460623367897,0.05711406013774568,0.04146114258662554,0.17859597147351222,0.12041293160056808,0.018096299803002307,0.02336484278362323,0.049707557686727855,0.01786723271688835,3075.0,0.05222729563398134,0.016721897286318586,0.019547058015057343,0.00032443305323946405,,0.03276773837718587,0.0324433053239464,0.10243973656036078,235.0,0.0033596505963379808,0.002443382251882168,0.0031305835102240277,0.004963120199135654,200.0,0.007177435364903868,0.0011453354305697662,0.0003817784768565887,0.000610845562970542,0.0015271139074263548,0.001221691125941084,0.000916268344455813,0.000610845562970542,0.0015271139074263548,0.002443382251882168,0.002137959470396897,0.005344898675992242,0.008017348013988363,0.0001527113907426355,0.0003817784768565887,0.0004581341722279065,0.0025197379472534855,0.029702365499442603,0.057495838614602265,0.06390971702579296,0.0009926240398271306,0.37536904259805987,22000.0,0.18035215246705252,0.08528931172976192,0.2755677045950857,0.19646320419040056,0.1282775682238138
GM0537,Katwijk,2016,65651,0.948302386863871,0.498469177925698,0.5015917503160653,0.25330916513076723,0.24950115002056328,0.2679319431539504,0.18209928256995322,0.03587150233812128,0.8859727955400527,0.0573487075596716,0.05673942514203897,0.11408813270171056,0.00715906840718344,0.0038841754124080362,0.005178900549877382,0.0019040075551019786,56545,0.016298304671672936,0.39610973176341563,0.007692190522611993,0.013785014698938326,0.00967235837991805,0.018506953435591233,0.17250308449223928,0.009139236264489498,0.014851258929795434,2270.0,0.46731961432422964,0.001599366346285662,0.008758434753469102,2895.0,0.017136067995917808,0.9683020822226622,0.6713530639289577,0.5591689387823491,0.03366285357420298,14725.0,0.20723218229729937,0.058567272394936865,0.04082192198138642,0.17829126745974927,0.1230750483617919,0.017288388600325968,0.02307657156783598,0.052779089427426845,0.019801678573060578,3250.0,0.05529237940016146,0.018354632831183073,0.02056328159510137,,,0.03678301235202467,0.03509645501710651,0.09894469698186549,290.0,0.003503373901387641,0.0029702517859590866,0.003198732692571324,0.005178900549877382,190.0,0.00715906840718344,0.0012185648352652663,0.0003808015110203957,0.0007616030220407914,0.0017516869506938205,0.0012947251374693454,0.0006092824176326332,0.000533122115428554,0.0014470457418775038,0.0024371296705305327,0.0023609693683264536,0.005712022665305936,0.008529953846856864,0.0001523206044081583,0.0004569618132244749,0.0006092824176326332,0.0022848090661223746,0.030997242997060213,0.0602427990434266,0.06679258503297741,0.0012185648352652663,0.4400308399055528,22010.0,0.19070539671901418,0.08941219478758891,0.27333932461044,0.20555665564880962,0.13533685701664863
GM0537,Katwijk,2017,65865,0.954163819934715,0.49738100660441814,0.5026189933955819,0.25180293023608896,0.24944963182266758,0.2650117664920671,0.18583466180824412,0.0365140818340545,0.8864343733394063,0.05792150611098459,0.05564412054960905,0.11356562666059364,0.007135808092310028,0.004023381158430122,0.0051620739391178925,0.001897821301146284,56705,0.015258483261216123,0.4004402945418659,0.006756243832080771,0.013816139072344948,0.009640932209823124,0.018674561603279436,0.17414408259318304,0.00614894101571396,0.011842404919152812,2230.0,0.4589691034692173,0.0015182570409170272,0.007515372352539285,2950.0,0.017611781674637516,0.9700903362939346,0.6653761481818872,0.5626660593638503,0.034692173384954075,14905.0,0.20913990738632052,0.06019889167236013,0.040992940104759734,0.1796098079404843,0.1265467243604342,0.016928566006224853,0.023229332726030515,0.05625142336597586,0.020800121460563273,3495.0,0.056858726182342674,0.01943369012373795,0.021407424276930084,0.0002386786748559972,,0.04145052986665818,0.04145052986665818,0.10764408236005474,200.0,0.003567904046155014,0.002884688377742352,0.0031883397859257573,0.004782509678888636,195.0,0.007439459500493434,0.0009868670765960678,0.0003795642602292568,0.000607302816366811,0.0016700827450087299,0.0015182570409170272,0.0007591285204585136,0.000607302816366811,0.0016700827450087299,0.002429211265467244,0.0022014727093296895,0.005997115311622257,0.008729977985272907,0.00015182570409170274,0.0003795642602292568,0.000607302816366811,0.002505124117513095,0.03461626053290822,0.062248538677598116,0.06938434676990815,0.001214605632733622,0.4356681411704802,22010.0,0.19987853943672665,0.09511880361345176,0.27085705609959765,0.2136946785090716,0.14339937751461324
GM0537,Katwijk,2018,66256,0.9561700072446269,0.4968606616759237,0.5031242453513644,0.2500150929727119,0.248883120019319,0.2620894711422362,0.1897941318522096,0.03682685341704902,0.8832407631007003,0.059013523303549864,0.057730620623037916,0.11674414392658779,0.007395556628833615,0.003999637768654914,0.005433470176285921,0.0020375513161072206,56785,0.01433832407631007,0.40615189567737264,0.004829751267809708,0.01388553489495291,0.009433107944940835,0.018790751026322144,0.1736446510504709,0.005131610722047815,0.010942405216131369,2195.0,0.4340738951943975,0.0013583675440714802,0.007244626901714562,2375.0,0.018564356435643563,0.970025356194156,0.6723164694518232,0.568552282057474,0.0359212750543347,15095.0,0.21454660709973436,0.062032117845930934,0.04037370200434678,0.1801346293165902,0.12663004105288578,0.01682866457377445,0.02324317797633422,0.05297633421878773,0.02075283747886984,3280.0,0.05274993962810915,0.019394469934798358,0.02097923206954842,0.0014206339184240433,,0.04474996843035737,0.04656522288167698,0.09936545018310393,230.0,0.0015847621347500605,0.0007546486355952669,0.0006037189084762135,0.004075102632214441,220.0,0.0052070755856073415,0.00022639459067858006,0.00045278918135716013,0.0006037189084762135,0.0006791837720357401,0.0006791837720357401,0.0006037189084762135,0.0009055783627143203,0.001886621588988167,0.0027167350881429604,0.002188481043226274,0.005961724221202608,0.008753924172905096,,0.00030185945423810673,0.0005282540449166868,0.0025658053610239074,0.03509116155517991,0.06120200434677614,0.06965406906544314,0.001433832407631007,0.3763890642757924,21820.0,0.20624547210818642,0.10217942525959912,0.26676829268292684,0.21907449891330597,0.1504769379376962
GM0537,Katwijk,2019,66596,0.9553726950567601,0.4966514505375698,0.5033335335455583,0.24783770797044868,0.24926422007327767,0.2610517148177068,0.19265421346627426,0.038140428854585864,0.883161150819869,0.059237792059583155,0.05766112078803532,0.11689891284761847,0.007658117604660941,0.0041293771397681546,0.005255570905159469,0.0020271487777043665,57140,0.012012733497507358,0.4131629527298937,0.004279536308486996,0.013589404769055199,0.009610186798005887,0.019145294011652353,0.17283320319538711,0.005706048411315995,0.011937653913147937,2120.0,0.41083548561475164,0.0009760345966724728,0.006982401345426152,3515.0,0.018920055258574087,0.971604901195267,0.6685086191362845,0.5717310348969908,0.03581296173944381,15200.0,0.21067331371253528,0.05856207580034837,0.03964202054177428,0.1792149678659379,0.12538290588023304,0.016517508559072618,0.023950387410655295,0.051279356117484534,0.019595771517808877,3210.0,0.046023785212325065,0.018319418583698722,0.018469577752417563,0.0020432541179429145,0.0008644536652835408,0.047466364893750786,0.04833081855903432,0.09650446372438073,235.0,0.0011261937653913147,0.0008258754279536309,0.0003753979217971049,0.0034536608805333653,260.0,0.005405730073878311,0.00015015916871884198,0.0003753979217971049,0.0005255570905159469,0.0006757162592347888,0.0006757162592347888,0.00045047750615652594,0.0010511141810318938,0.0021022283620637876,0.0030782629587362605,0.0022523875307826294,0.005781127995675416,0.009159709291849361,0.00015015916871884198,0.00022523875307826297,0.00045047750615652594,0.0025527058682203135,0.03626343924560033,0.062090816265241155,0.06989909303862094,0.0013514325184695777,0.3776090783352194,22005.0,0.2121749053997237,0.10758904438705028,0.2654814102949126,0.22553907141570065,0.15729172923298695
GM0537,Katwijk,2020,66977,0.950535258372277,0.49673768607133795,0.5033071054242502,0.24605461576362034,0.24844349552831568,0.2601639368738522,0.19514161577855085,0.03941651611747316,0.878361228481419,0.059124774176209746,0.0625587888379593,0.12168356301416905,0.008062469205846783,0.004404497066157039,0.0053749794705645225,0.002164922286755155,57415,0.014034668617585141,0.4129029368290607,0.00425519208086358,0.013288143691117846,0.010675306448482315,0.019558953073443124,0.17662779760216193,0.004105887095570121,0.011123221404362692,2050.0,0.39110440897621573,0.0007465249264672947,0.0061961568896785465,3525.0,0.018961733132269287,0.9692879645251355,0.6393239470265912,0.5252549382623886,0.0354599340071965,14945.0,0.19745584305059946,0.05404840467623214,0.03904325365423952,0.17535870522716754,0.12071308060976156,0.01560237096316646,0.022022485330785196,0.05031578004389566,0.019334995595502932,3120.0,0.04411962315421712,0.017991250727861802,0.017468683279334696,0.0014922090977632571,0.0062829856747926615,0.041153556169891935,0.0503424227192762,0.08293541090726313,150.0,0.0007465249264672947,0.0005972199411738358,0.0005225674485271063,0.003135404691162638,235.0,0.0032100571838093676,0.00022395747794018843,0.00044791495588037685,0.00022395747794018843,0.00044791495588037685,0.0007465249264672947,0.00044791495588037685,0.0005225674485271063,0.002015617301461696,0.0029114472132224494,0.0017170073308747779,0.005449631963211252,0.008734341639667348,,0.00022395747794018843,0.00037326246323364737,0.002015617301461696,0.03113008943368619,0.05404840467623214,0.061588306433551815,0.0010451348970542127,0.3362968082432772,21890.0,0.21970228585932483,0.11302387386714842,0.261880944204727,0.23022828732251369,0.16580318616838616
GM0537,Katwijk,2021,66922,0.9479543348973432,0.4973700726218583,0.5026000418397537,0.2437912793998984,0.24543498401123695,0.25940647320761484,0.19881354412599744,0.04094318759152446,0.8759451301515196,0.05962164908400825,0.0644033352260841,0.12402498431009235,0.007919667672813126,0.0044828307581961085,0.005528824601775201,0.0021667015331281194,57105,0.006948387675203969,0.41204686052419237,0.0037356922984967574,0.013299064582648457,0.010758793819670662,0.01972445533606288,0.17953737186575416,0.0038104061444666926,0.009936941514001374,1835.0,0.3868682944323242,0.000522996921789546,0.006275963061474553,3465.0,0.019649741490092944,0.9682167299243896,0.6471713337915782,0.5475030632676847,0.03713278144705777,15225.0,0.20359523026807327,0.05581124293954155,0.040719046053614656,0.17879023340605482,0.12297899046651325,0.014868055348017094,0.022414153790980544,0.05125369833537551,0.01957502764412301,3235.0,0.045949015271510116,0.018454319954573983,0.0178566091868145,0.001497501536909472,0.010324879017638991,0.045476757199829757,0.04989044594019452,0.09670707293620644,210.0,0.0008965661516392218,0.0005977107677594812,0.000522996921789546,0.003511550760586952,195.0,0.0038104061444666926,0.0003735692298496757,0.0003735692298496757,0.00022414153790980545,0.0008218523056692866,0.0006724246137294164,0.0004482830758196109,0.001045993843579092,0.0022414153790980542,0.0032874092226771465,0.001942559995218314,0.005304683063865396,0.008367950748632736,0.0001494276919398703,0.0003735692298496757,0.0004482830758196109,0.003511550760586952,0.03354651684050088,0.06104121215743702,0.0658976121454828,0.0012701353814888975,0.3698828796166396,21410.0,0.23026807327934012,0.11752487971070799,0.25791219628821616,0.23706703326260423,0.1708705657332417
GM0537,Katwijk,2022,67663,0.9429082364068989,0.49731758863780795,0.5026380739843046,0.2432644133425949,0.24585076038603076,0.25841301745414774,0.20025715679174733,0.04160323958441098,0.8667957377000725,0.06621048431195779,0.06694944061008232,0.13315992492204012,0.008276310538994724,0.004581529048372079,0.005763859125371326,0.0022907645241860394,57510,0.00716787609180793,0.4144066919882358,0.0022907645241860394,0.01278394395755435,0.011675509510367556,0.019582341900300015,0.1774234071796994,0.004507633418559627,0.00975422313524378,1355.0,0.39911029661705805,0.00029558251924981157,0.005985546014808684,4140.0,0.020469089458049452,0.9622688914177615,0.6609964086723911,0.5633063860603283,,15540.0,0.2108242318549281,0.058894816960524954,0.041824926473848334,0.17919690229519827,0.1226667454886718,0.01381848277492869,0.022316480203360772,0.052761479686091364,0.01973013315992492,3350.0,0.045815290483720794,0.018547803082925675,0.017513264265551335,0.0018025078369905956,0.011755485893416929,0.04655172413793104,0.03667711598746082,0.10023510971786834,170.0,0.0016257038558739635,0.0008128519279369818,0.00036947814906226445,0.004064259639684909,240.0,0.0049510071974343435,0.00029558251924981157,0.0004433737788747173,0.00029558251924981157,0.0008128519279369818,0.0004433737788747173,0.00029558251924981157,0.0008867475577494346,0.0022907645241860394,0.0035469902309977386,0.0025124514136233983,0.0055421722359339665,0.00842410179861963,,0.00029558251924981157,0.0004433737788747173,0.0036208858608101917,0.035691589199414744,0.059264295109587216,0.06694944061008232,0.001330121336624152,0.3675548589341693,21785.0,0.23070215627447793,0.12096714600298539,0.25841301745414774,0.23949573622215983,0.17387641694870165
GM0537,Katwijk,2023,67873,0.9370441854640285,0.49717855406420813,0.5027772457383644,0.24015440602301358,0.24707910361999616,0.25621381108835617,0.20383657713671122,0.04243218953044657,0.8613881808672079,0.06718430008987374,0.07138331884549085,0.13856761893536457,0.008545371502659379,0.004714687725605174,0.005893359657006468,0.0025783448499403297,57590,0.007661367554108408,0.4179128666774712,0.0025046778542277487,0.01296539124541423,0.011050049356887127,0.020553091803810056,0.17797946164159534,0.0041253517599045275,0.01053438038689906,1150.0,0.40590514637632047,0.0001473339914251617,0.006188027639856791,4230.0,0.0207740927909478,,,,,15710.0,0.20729892593520252,0.05333490489590854,0.0434635274704227,0.18055780649153566,0.12213987889145905,0.01303905824112681,0.022100098713774254,0.05554491476728596,0.020553091803810056,3545.0,0.048325549187453035,0.01915341888527102,0.017974746953869726,0.00220125786163522,0.015880503144654088,0.05125786163522013,0.02759433962264151,0.10047169811320755,125.0,0.0013260059228264553,0.0006630029614132277,0.0004420019742754851,0.004420019742754851,310.0,0.005672358669868725,0.00022100098713774254,0.0005893359657006468,0.00036833497856290427,0.0007366699571258085,0.00036833497856290427,0.0005156689699880659,0.0007366699571258085,0.002431010858515168,0.0034623487984913,0.0022836768670900062,0.005967026652719049,0.008619038498371959,,0.0002946679828503234,0.0004420019742754851,0.0034623487984913,0.03550749193346397,0.0584915945957892,0.06747896807272406,0.0011786719314012936,0.3361635220125786,21745.0,0.2358080532759713,0.12442355575854905,0.25562447512265557,0.244648092761481,0.17834779662015823
GM0537,Katwijk,2024,66872,0.9215964828328748,0.49639610001196316,0.5036487618136141,0.23791721497786816,0.2426277066634765,0.2554133269529848,0.20980380428280895,0.044114128484268454,0.8603002751525302,0.06721796865653787,0.07252661801650916,0.139744586673047,0.00837420744108147,0.0046357219763129565,0.005906807034334251,0.002392630697451848,57465,0.02310384017226941,,,,,,,0.03686146668261754,0.03215097499700921,,,0.0001495394185907405,,4420.0,,,,,,,,,,,,,,,,,,,,,,,,,,,,,,,,,,,,,,,0.0014206244766120349,0.002616939825337959,,0.004187103720540735,0.006804043545878694,,0.0001495394185907405,0.0003738485464768513,,,,,,,,,,,,
GM0546,Leiden,2009,122664,0.3821740690015,0.4871437422552664,0.5128644100958717,0.2125725559251288,0.35046957542555274,0.2580626752755495,0.13435074675536424,0.033343116154699017,0.7163470945020544,0.13198656492532446,0.15163373116806886,0.28362029609339334,0.04296289049761951,0.016304702276136437,0.018750407617556905,0.011494815104676188,25190,0.015530228918019957,,,,,,,0.007948542359616513,0.01565251418509098,,,0.0023234200743494425,,,,0.9301017413422031,0.6693487901910911,0.5139649774995109,0.04630535446422748,22275.0,0.1881562642666145,0.043859649122807015,0.028125611426335354,0.14772060262179612,0.07316735146416227,0.015530228918019957,0.019117263418769972,0.0343213982912672,,3885.0,0.01597860823061371,,0.005543598773886388,,,,,,,,,,,,,,,,,,,,,,,,,,,,,0.004565316637318202,0.006399595643383551,0.007418639535642079,0.00028533228983238765,,,,,,,
GM0546,Leiden,2010,122890,0.3849865733582879,0.4870209130116364,0.5129790869883636,0.21266986736105462,0.3475058995849947,0.2573032793555212,0.13768410773862805,0.03336317031491578,0.7140125315322646,0.13320856050126129,0.1527789079664741,0.2859874684677354,0.0432500610301896,0.016437464399056065,0.018837985190007324,0.011921230368622346,24240,0.013630075677435105,,,,,,,0.00797461144112621,0.022459109772967695,,,0.0023191472048173165,0.01692570591585971,,,0.9299373423386769,0.6714134591911466,0.5197737814305476,0.05138741964358369,22665.0,0.19224509724143543,0.045772642200341766,0.028806249491415088,0.1498494588656522,0.07677597851737326,0.0157051021238506,0.019651721051346733,0.0360891854504028,0.012775653023028724,4100.0,0.016396777605989097,0.011717796403287493,0.005533403857107983,0.00031705100293800596,,0.027583437255606517,0.05432140517004502,0.06890575130519329,,0.0002034339653348523,0.00012206037920091139,0.00012206037920091139,,150.0,,8.137358613394092e-05,,,8.137358613394092e-05,,,0.0005289283098706159,0.0005289283098706159,0.0005289283098706159,0.0010985434128082026,0.0010985434128082026,0.0010985434128082026,,,,0.0017495321018797297,0.00618439254617951,0.007893237854992269,0.010008951094474734,0.00048824151680364555,0.005918285388176112,,,,,,
GM0546,Leiden,2011,123080,0.38699220019499514,0.48716282092947677,0.5128371790705233,0.21197595060123497,0.34518199545011374,0.25820604484887877,0.14023399415014626,0.03339291517712057,0.7111228469288268,0.13483100422489439,0.15400552486187846,0.2888365290867728,0.04350828729281768,0.016290217744556384,0.018646408839779006,0.011618459538511537,88015,0.010074748131296718,0.38279980500487487,0.009018524536886579,0.025593110172245692,0.009709132271693208,0.022911927201819955,0.1424683132921677,0.007352941176470588,0.022993175170620734,7260.0,0.5004468638284043,0.0022749431264218393,0.018037049073773157,,,0.9420701982450439,0.6548180045498863,0.5345303867403315,0.06377965550861228,23025.0,0.1903233669158271,0.0462707182320442,0.029899252518687032,0.15156808579785505,0.08051673708157296,0.015152746181345466,0.020311992200194993,0.03964900877478063,0.014502762430939226,4545.0,0.018199545011374715,0.013487162820929478,0.006581085472863179,0.0004198946064537801,,0.03086225357435284,0.05962503411643678,0.07012239927778127,,0.00016249593760155997,0.00016249593760155997,0.00016249593760155997,,135.0,,0.00012187195320116997,,,,0.00012187195320116997,,0.00032499187520311994,0.0007718557036074099,0.0007718557036074099,0.0012187195320116997,0.0021530711732206695,0.0021530711732206695,8.124796880077999e-05,0.00012187195320116997,0.00012187195320116997,0.0018280792980175495,0.006946701332466688,0.008977900552486187,0.011374715632109197,0.0005281117972050699,0.009867523251663832,,,,,,
GM0546,Leiden,2012,123939,0.3875454860858971,0.4862876092271198,0.5136801168316671,0.2117170543573855,0.3456942528179185,0.2557709841131524,0.14325595655927512,0.03336318672895537,0.7093005430090609,0.1366801410371231,0.15402738443911923,0.29070752547624235,0.043005026666343926,0.01585457362089415,0.018597858624000516,0.011295879424555628,88335,0.009238415672225853,0.3759107302786048,0.010610058173779037,0.025536755984798973,0.010246976335132605,0.021704225465753315,0.1442645172221819,0.00814917015628656,0.025859495396929135,8500.0,0.49782554321077305,0.0020978061788460454,0.01613697060650804,,,0.9441338077602691,0.6506426548544042,0.5266703781699061,0.05276789388328129,23455.0,0.1851313952831635,0.045748311669450294,0.031063668417527977,0.1524540298049847,0.0854049169349438,0.014846012957987396,0.020816692082395373,0.04147201445872566,0.01593525847392669,4815.0,0.018597858624000516,0.015007382664052478,0.007019582213830997,0.00020819453697534977,,0.03008411059293804,0.05173634243837442,0.06735093271152565,135.0,0.0030256819887202577,0.0021784910318785856,0.002743285003106367,0.002057463752329775,125.0,0.0034694486803992287,0.0010085606629067524,,0.0001613697060650804,0.0008471909568416721,0.0010085606629067524,0.0008471909568416721,0.00048410911819524123,0.001169930368971833,0.001169930368971833,0.001250615222004373,0.0030256819887202577,0.0030256819887202577,,0.0001613697060650804,0.0001613697060650804,0.0014926697811019937,0.006495130669119486,0.00790711559718894,0.009964579349518716,0.0005244515447115114,0.2328655896069287,,,,,,
GM0546,Leiden,2013,125059,0.386825418402514,0.4851310181594288,0.5148769780663527,0.21058060595398972,0.3468762743984839,0.2534003950135536,0.1461710072845617,0.032864487961682086,0.7057468874691146,0.13925427198362372,0.1550068367730431,0.29426110875666683,0.04297971357519251,0.015552659144883615,0.018551243812920303,0.01099481044946785,88665,0.007916263523616853,0.3689858386841411,0.012594055605754084,0.026467507336537154,0.010954829320560695,0.02115001719188543,0.1442519130970182,0.007876282394709697,0.027027243141237337,9320.0,0.5046817901950279,0.001839131929729168,0.01751173446133425,,,0.9432347931776202,0.6357799118815919,0.509839355824051,0.056813184177068425,23525.0,0.17935534427750102,0.04581837372760057,0.03202488425463181,0.15052895033544167,0.08595942715038501,0.014473168664390407,0.019310885262156262,0.037462317786005006,0.014393206406576096,4355.0,0.015032904469090589,0.01331371592608289,0.006237056109516309,0.0003100711096411444,,0.03162725318339672,0.05819001157598809,0.0739002811311394,310.0,0.003518339343829712,0.002039037574264947,0.002478829992243661,0.004078075148529894,115.0,0.006237056109516309,0.0010794904804932073,0.00031984903125724655,0.000439792417978714,0.0012793961250289862,0.0012793961250289862,0.0015592640273790772,0.0003598301601644024,0.0010794904804932073,0.0014393206406576097,0.0013993395117504537,0.003358414828201089,0.003998112890715582,0.00011994338672146747,0.0001999056445357791,0.00027986790235009075,0.0014793017695647654,0.007556433363452451,0.00947552755099593,0.011554546254168033,0.000439792417978714,0.3588556308913511,31085.0,0.19302889036374832,0.22837220831767405,0.2035439272663303,0.12222231106917535,0.34283818037886116
GM0546,Leiden,2014,125470,0.388818044153981,0.4860125926516299,0.5139874073483701,0.20961185940862356,0.346576870965171,0.2509763290029489,0.1501554156372041,0.03235833266916394,0.7023192795090459,0.14146808001912808,0.15621264047182593,0.297680720490954,0.042878775802980794,0.015422013230254245,0.018370925320793815,0.010560293297202518,88740,0.007491830716505938,0.36191918386865385,0.01346935522435642,0.027496612736112216,0.011476847055072925,0.020761935123934008,0.14465609308998167,0.008567785127919024,0.028731967801067983,8790.0,0.4978480911771738,0.0015940065354267952,0.018809277118036184,,,0.9425360643978641,0.631943890969953,0.5184506256475652,0.06383996174384315,23585.0,0.17956483621582847,0.04786004622618953,0.032039531362078585,0.1493584123694907,0.08814856140910178,0.014346058818841156,0.019646130549135252,0.039690762732127204,0.014625009962540847,4630.0,0.014864110942854865,0.0136287558778991,0.005379772057065434,0.00020498103925386903,,0.03412934303576919,0.049400430460182436,0.07963513375012811,270.0,0.00342711405116761,0.0025105602932972027,0.0026301107834542123,0.0038654658484099783,135.0,0.006057224834621822,0.0011556547381844267,0.0002391009803140193,0.0004782019606280386,0.0013150553917271061,0.001354905555112776,0.0007173029409420578,0.0003985016338566988,0.0010759544114130868,0.001633856698812465,0.0012353550649557663,0.0032278632342392605,0.004742169442894716,7.970032677133976e-05,0.0001992508169283494,0.0002789511436996892,0.0017534071889694748,0.009285088068861082,0.010799394277516538,0.01350920538774209,0.0005977524507850482,0.377165112227119,31070.0,0.19546505140671078,0.2334024069498685,0.20347493424723043,0.12241970192077788,0.3490475810950825
GM0546,Leiden,2015,126368,0.38904627753861737,0.48659470752089135,0.5134211192707014,0.20689573309698658,0.3496533932641175,0.24895543175487464,0.1526098379336541,0.032167953912382884,0.6976054064320081,0.1436677006837174,0.15870315269688529,0.3023708533806027,0.04285103823752849,0.015312420866042035,0.01808210939478349,0.010564383388199544,89220,0.007873828817422133,0.3606134464421373,0.012107495568498354,0.027301215497594327,0.011790959736642188,0.020337427196758674,0.14362813370473537,0.00878386933400861,0.02852779184603697,8345.0,0.49252975436819446,0.0012661433274246644,0.0175281716890352,6795.0,0.012107495568498354,0.9419315016459864,0.626899214991137,0.5138563560395036,0.05365282349962016,23785.0,0.17856577614585972,0.04795517852620917,0.032167953912382884,0.14920707774120032,0.08950050645733097,0.014283679412509496,0.018794315016459864,0.04205969865788807,0.01554982273993416,4960.0,0.015114585971131932,0.014402380349455558,0.005381109141554824,,,0.033866932449199603,0.0543091349185363,0.08431137237353294,265.0,0.003007090402633578,0.0021366168650291213,0.0024531526968852874,0.003561028108381869,145.0,0.005974613826285135,0.0012265763484426437,0.00035610281083818686,0.00039566978982020763,0.001345277285388706,0.0012661433274246644,0.0006330716637123322,0.00039566978982020763,0.00102874145353254,0.0015826791592808305,0.0011870093694606228,0.0031257913395796406,0.004787604456824512,7.913395796404152e-05,0.00019783489491010382,0.0002769688528741454,0.001503545201316789,0.009693909850595088,0.010960053178019753,0.014323246391491518,0.0005935046847303114,0.36378984195431524,31325.0,0.19672701949860724,0.2406463661686503,0.2029390351987845,0.12455684983540137,0.35606324385920485
GM0546,Leiden,2016,127599,0.3897444337338067,0.4854661870390834,0.5145416500129312,0.20313638821620858,0.3541563805358976,0.2466320268967625,0.15454666572622042,0.03189680169907288,0.6918941371013879,0.1456124264296742,0.16250127352095237,0.3081136999506266,0.04251600717873964,0.014851213567504448,0.018025219633382706,0.010305723399086199,89740,0.00783705201451422,0.3610921715687427,0.010501649699449056,0.02813501673210605,0.011638022241553617,0.01998448263701126,0.14310456978502967,0.009208536117054208,0.032406210080016304,8035.0,0.4639142939991693,0.0009404462417417065,0.015125510388012445,6635.0,0.01140291068111819,0.9399368333607631,0.6228497088535176,0.5218692936465019,0.05485936410159954,23880.0,0.17747004286867452,0.04721823838744818,0.03174006065878259,0.1476500599534479,0.09012609816691354,0.01387158206569017,0.018456257494180988,0.04373075024098935,0.01637943871033472,5270.0,0.016536179750625005,0.015438992468593014,0.005956159531030808,,,0.0325752548712071,0.07329432346021596,0.08385111902032938,300.0,0.0032523765860234016,0.0024686713845719793,0.002703782945007406,0.0037225997068942546,130.0,0.0060345300511759495,0.0014498546226851307,0.0004310378607982821,0.0004310378607982821,0.0014106693626125596,0.001567410402902844,0.0005485936410159954,0.0005877789010885666,0.0012539283223222753,0.0018025219633382708,0.001136372542104562,0.002821338725225119,0.004467119648273106,0.00011755578021771331,0.00023511156043542662,0.0003134820805805688,0.0016849661831205573,0.010031426578578202,0.011716392761698759,0.014968769347722162,0.000744519941378851,0.4828979911926163,31480.0,0.2005501610514189,0.24890477198097163,0.2007069020917092,0.1279006888768721,0.3661470701181044
GM0546,Leiden,2017,128263,0.3904087694814561,0.4842783967317153,0.515737196229622,0.20153902528398682,0.3555195184893539,0.24344510887785253,0.15799568074970957,0.03227742996811239,0.6878055245862018,0.14747043184706424,0.1647006541247281,0.31217108597179233,0.042217942820610775,0.01493026048041914,0.01797088794118335,0.010135424869214036,89995,0.0071337798117929565,0.364173612031529,0.008810023155547585,0.028807996070573744,0.011616756196253011,0.019647131284937978,0.14536538206653515,0.008381216718773146,0.031068975464475335,8385.0,0.4261556333471071,0.0007406656635194873,0.012162509843056845,6640.0,0.011499808986223619,0.9415030055432978,0.616389761661586,0.5270810756024731,0.05527704794055963,24090.0,0.1767072343544124,0.048065303322080415,0.03149778190124978,0.1474314494437211,0.09160864785635764,0.013331981943350772,0.01762004631109517,0.044400957407826104,0.016879380647575683,5360.0,0.01621667979074246,0.01578787335396802,0.006120237324871553,0.00019970044932601097,,0.033150274588117826,0.07019470793809286,0.08287568647029456,270.0,0.0029236802507348184,0.0020660673771859383,0.002299961797244724,0.003781293124283698,175.0,0.005847360501469637,0.0014033665203527128,0.0003508416300881782,0.0004677888401175709,0.0014423489236958438,0.0014423489236958438,0.0006627008568332255,0.0004677888401175709,0.001247436906980189,0.001754208150440891,0.0011304896969507965,0.002689785830676033,0.004249081964401269,0.00015592961337252363,0.00031185922674504727,0.00042880643677444,0.0015592961337252363,0.010408301692615952,0.012318439456429367,0.016021767774026804,0.0007016832601763564,0.4838741887169246,31195.0,0.2043067759213491,0.25708895004794835,0.197134013706213,0.1300452975526847,0.3758293506311251
GM0546,Leiden,2018,128639,0.39344211320050687,0.48348479077107254,0.516484114459845,0.19931746981863976,0.3571234229121806,0.24086785500509178,0.16165393076749665,0.032727244459300836,0.683074339819184,0.1499156554388638,0.1670177784342229,0.3169334338730867,0.042055675184042164,0.014770015314173773,0.017879492222420884,0.010066931490450019,90110,0.007462744579793065,0.3741478089848335,0.007151796888968353,0.027596607560693102,0.011194116869689597,0.020483679133077838,0.1453680454605524,0.007540481502499242,0.028257371403695615,8470.0,0.39987873040057836,0.0006607638430025109,0.011816012251339018,7230.0,0.011932617635398286,0.9416662132012842,0.6212734862677726,0.5283389951725371,0.060129509713228495,24170.0,0.17774547376767544,0.04846897130730183,0.031600059080061256,0.14758354775767846,0.09211825340682064,0.013681698396287285,0.01822930837459868,0.042405491336219965,0.017102122995359105,5105.0,0.014964357620939218,0.016013806077472617,0.00586913766431642,0.0011854896072077768,,0.034873152612028765,0.04445586027029163,0.08525646091835928,235.0,0.0013992646087111996,0.0007773692270617776,0.00042755307488397766,0.003226082292306377,175.0,0.00380910921260271,0.000310947690824711,0.0003886846135308888,0.0005441584589432443,0.0005441584589432443,0.0005441584589432443,0.00046642153623706654,0.00042755307488397766,0.0012049223019457553,0.0017490807608889995,0.001282659224651933,0.00275966075606931,0.0041589253647805096,,0.00023321076811853327,0.0003498161521777999,0.0014381330700642884,0.012010354558104463,0.012748855323813152,0.015858332232060263,0.0008162376884148664,0.43191338022603337,31035.0,0.20390394825830424,0.26994146409720227,0.19492533368574072,0.13215276860050218,0.38631363738835034
GM0546,Leiden,2019,128774,0.3945594607607126,0.4834438628915775,0.5165639026511563,0.19277959836612982,0.36187429139422556,0.2389069222047929,0.16494012766552255,0.032887073477565344,0.6736608321555594,0.15515554382095764,0.1711913895662168,0.3263469333871744,0.04259400189479243,0.014638048053178436,0.018210197710718003,0.010134033267585071,89770,0.006717194464721139,0.380744560237315,0.005862984764005156,0.02609222358550639,0.011065898395638872,0.020423377389845777,0.14583689254041965,0.006794849892058956,0.026480500722195474,7905.0,0.3799291782502679,0.0006600711323714414,0.010755276686287604,7780.0,0.012075418951030488,0.9386599779458586,0.61495332908817,0.5314349169863481,0.059717023622780994,24290.0,0.17348222467268237,0.0452731141379471,0.03183872520850482,0.14669110224113563,0.09194402596797491,0.013084939506422104,0.017860748287697827,0.040807927066022646,0.01599701803159023,4895.0,0.01223072980570612,0.014948669762529704,0.004892291922282448,0.0014761164360644768,0.0001968155248085969,0.03650927985199472,0.04211852230903974,0.08581156881654825,255.0,0.0012813145510739746,0.0006988988460403497,0.0003882771366890832,0.003028561666174849,135.0,0.0038051159395530152,0.0002717939956823582,0.00046593256402689985,0.00046593256402689985,0.0006600711323714414,0.0005047602776958081,0.0003882771366890832,0.00046593256402689985,0.0010483482690605247,0.0017472471151008743,0.0012424868374050662,0.002912078525168124,0.004115737648904282,7.765542733781664e-05,0.0001941385683445416,0.00031062170935126655,0.0013201422647428828,0.011415347818659046,0.012619006942395204,0.0163464674546104,0.0005824157050336248,0.43535594087661633,30735.0,0.20322425334306615,0.27796760215571464,0.19111000667836675,0.1331014024570177,0.39375184431639926
GM0546,Leiden,2020,128045,0.39518919129993363,0.48404857667226364,0.5159514233277364,0.19114373852942326,0.3597953844351595,0.23737748447811316,0.16958881643172322,0.03358194384786598,0.6734741692373775,0.15615603889257682,0.17040884064196182,0.32656487953453867,0.04275840524815495,0.014526143152797844,0.01807958139716506,0.010074583154359796,90010,0.0060916084189152255,0.3844351595142333,0.006169705962747471,0.025889335780389707,0.013901362802139872,0.02089109297512593,0.14850247959701668,0.0071068764887344295,0.028076067007692607,7120.0,0.34761216759732905,0.00046858526299347887,0.009996485610527548,7880.0,0.013042289819985162,0.9447850365106018,0.5937365769846539,0.4890077707056113,0.0603303526104104,23895.0,0.16435628099496272,0.04131360068725839,0.03205904174313718,0.14557382170330743,0.09102268733648326,0.011987972978249835,0.01640048420477176,0.038658284196962,0.015580459994533172,4545.0,0.011675582802920848,0.014252801749384982,0.004568706314186419,0.0013833445318366863,0.0033595510058890953,0.030828820995217582,0.04604561084542113,0.06630172720445832,195.0,0.0008981217540708345,0.0006247803506579718,0.0003904877191612324,0.0026943652622125032,140.0,0.0023038775430512712,0.0003123901753289859,0.0004295364910773556,0.0001952438595806162,0.0005857315787418485,0.00046858526299347887,0.0003123901753289859,0.0004295364910773556,0.0010543168417353275,0.0017181459643094224,0.001132414385567574,0.0028896091217931194,0.00410012105119294,0.00011714631574836972,0.00023429263149673943,0.0003904877191612324,0.0012105119293998204,0.009137412628372837,0.010113631926275918,0.012847045960404545,0.0006247803506579718,0.39395676060234774,30130.0,0.20625561326096295,0.28771135147799604,0.18743410519739154,0.13495255574212192,0.4049748135421141
GM0546,Leiden,2021,128523,0.3937738770492441,0.48396006940391995,0.5160554920131027,0.18751507512274068,0.36370921936151507,0.2345105545310956,0.171447912046871,0.034274020992351564,0.6683628611221338,0.15759825089672666,0.1740544493981622,0.33165270029488886,0.04283280035480031,0.01451102137360628,0.018051243746255535,0.010153824607268738,90035,0.0037347400854321794,0.38872419722539936,0.0052908817876955875,0.025442916832006723,0.013227204469238968,0.020463263384763817,0.15094574511955058,0.006613602234619484,0.02458703889576185,6645.0,0.3357375722633303,0.00035013188300926683,0.00949246438380679,7900.0,0.014472117831049696,0.9480793321039814,0.6019156104354862,0.5145382538533959,0.06209005392030998,24230.0,0.16646825859962808,0.042054729503668606,0.03252336157730523,0.14600499521486426,0.0917734568909845,0.011087509628626783,0.016495102043992127,0.04030407008862227,0.0152501886821814,4810.0,0.012526940703220435,0.014199793033153598,0.00478513573445998,0.0016795431642593216,0.007903732537690925,0.037147542927147344,0.04208737576320417,0.08012408860084175,255.0,0.0010503956490278004,0.0007002637660185337,0.0004668425106790224,0.003112283404526816,135.0,0.0025287302661780382,0.000389035425565852,0.00042793896812243725,0.000194517712782926,0.0006613602234619484,0.0005835531383487781,0.00035013188300926683,0.0005057460532356076,0.001128202734140971,0.0016339487873765785,0.0009336850213580449,0.0025676338087346233,0.004007064883328276,7.78070851131704e-05,0.0002334212553395112,0.00035013188300926683,0.002061887755499016,0.010114921064712153,0.012993783213899457,0.014744442628945791,0.0007002637660185337,0.4342113062893952,29595.0,0.21039035814601278,0.2952000809193685,0.1826910358457241,0.13818538316099063,0.4129222006955953
GM0546,Leiden,2022,130893,0.3824803465425959,0.4831809187657094,0.5168343608901927,0.18538042523282375,0.3706462530463814,0.22877464799492717,0.17334769620988136,0.03411183180154783,0.6514481293881261,0.17052095986798377,0.17800799126003683,0.34852895112802057,0.04198085459115461,0.014171880849243274,0.018526582781355765,0.01016097117492914,90255,0.004278303652601743,0.39012781432162147,0.0033615242984727984,0.024027258906129435,0.014286478268509394,0.019978150092059926,0.14802166655206925,0.006188260640370379,0.023072280412245117,5070.0,0.34268448274544855,0.0003437922577983544,0.008976797842512587,7935.0,0.015165058482882965,0.9333577807827768,0.6066787375948294,0.5216092533596144,,24500.0,0.1695277822343441,0.04335602362234803,0.033347849006440375,0.14385796031873363,0.09091395261778705,0.010122772035173767,0.015661647299702812,0.04159886319360088,0.015241456762393711,5060.0,0.012873110097560604,0.014133681709487903,0.004851290748932334,0.0014980824544582935,0.011185682326621925,0.03765180568871844,0.028863055289229785,0.0757031000319591,230.0,0.0014133681709487902,0.0007257836553520814,0.0003819913975537271,0.0031323294599405623,160.0,0.0030941303201851896,0.0003437922577983544,0.0004201905373090998,0.00011459741926611812,0.0007257836553520814,0.0004965888168198452,0.0003819913975537271,0.0003055931180429817,0.0009549784938843178,0.0014897664504595356,0.0011459741926611812,0.0024829440840992262,0.0038963122550480164,,0.00022919483853223624,0.0003055931180429817,0.0013751690311934175,0.01100135224954734,0.012758512678294484,0.01592904127799042,0.0006493853758413361,0.41476909555768615,29755.0,0.20948408241846395,0.29455356665367893,0.18110212158022201,0.13652372548570207,0.41171032828340703
GM0546,Leiden,2023,133477,0.36809337938371406,0.4812439596334949,0.5187785161488496,0.18748548439056917,0.37575762116319666,0.2224727855735445,0.17291368550386957,0.034125729526435264,0.6431445117885478,0.17317590296455568,0.1836646013920001,0.3568405043565558,0.04139289915116462,0.014009904328086487,0.0188421975321591,0.010151561692276573,92500,0.005469107037167452,0.3892430905699109,0.0032964480771968206,0.0234122732755456,0.012586438112933314,0.019965986649385287,0.1460176659649228,0.005993541958539674,0.02644650389205631,4110.0,0.4056129520441724,0.00022475782344523777,0.008653176202641654,7760.0,0.01569558800392577,,,,,24905.0,0.16587127370258548,0.038920563093267004,0.034350487349880506,0.1425339197015216,0.09020280647602208,0.00910269184953213,0.01543337054323966,0.04049386785738367,0.014871475984626565,5075.0,0.011612487544670617,0.013897525416363868,0.004644995017868247,0.0023406333957502238,0.014756167060164456,0.040604901082797365,0.05179923471464626,0.06513066840348448,175.0,0.0013485469406714265,0.000861571656540078,0.00029967709792698367,0.0028843920675472178,145.0,0.003633584812364677,0.00029967709792698367,0.00048697528413134845,0.0001872981862043648,0.0005993541958539673,0.0005618945586130944,0.0003745963724087296,0.00041205600964960257,0.000936490931021824,0.0014234662151531724,0.0011237891172261889,0.0025097956951384884,0.003820882998569042,,0.0001872981862043648,0.00029967709792698367,0.0013485469406714265,0.011162971897780143,0.012698817024655933,0.016369861474261484,0.0006742734703357133,0.3248392086623789,29645.0,0.21835222547704847,0.29581875529117374,0.1762101335810664,0.135041992253347,0.42288184481221486
GM0546,Leiden,2024,130590,0.35187992955050157,0.4815452944329581,0.5184547055670419,0.18090971743625087,0.3737269316180412,0.22325599203614366,0.17945478214258365,0.03526303698598668,0.633203154912321,0.17478367409449422,0.1919748832222988,0.366758557316793,0.041810245807489085,0.014166475227812237,0.019756489777165175,0.01010797151389846,88985,0.012558388850601118,,,,,,,0.05142047629986982,0.056321310973275134,,,0.0001914388544298951,,7790.0,,,,,,,,,,,,,,,,,,,,,,,,,,,,,,,,,,,,,,,0.0005743165632896852,0.0010720575848074125,,0.0017995252316410138,0.0028715828164484264,,7.657554177195804e-05,0.0001914388544298951,,,,,,,,,,,,
GM0547,Leiderdorp,2009,27001,0.37657864523536166,0.4838709677419355,0.5160919965927188,0.24813895781637718,0.21017740083700603,0.30276656420132586,0.19332617310469982,0.03666530869227066,0.804785007962668,0.09814451316617903,0.09721862153253583,0.19536313469871486,0.01240694789081886,0.01870301099959261,0.02277693418762268,0.00555534980185919,4325,0.0074071330691455875,,,,,,,0.003333209881115514,0.004999814821673271,,,0.0014814266138291174,,,,0.9740379985926447,0.7207140476278656,0.5575719417799341,0.04036887522684345,6360.0,0.23276915669790008,0.059071886226436054,0.03185067219732603,0.1961038480056294,0.09166327173067663,0.018147476019406687,0.02222139920743676,0.04444279841487352,,1130.0,0.01777711936594941,,0.006481241435502389,,,,,,,,,,,,,,,,,,,,,,,,,,,,,0.0031480315543868744,0.004999814821673271,0.00592570645531647,,,,,,,,
GM0547,Leiderdorp,2010,27203,0.37547329338675883,0.48395397566444875,0.515935742381355,0.24556115134360182,0.2047568282909973,0.30474580009557767,0.1979561077822299,0.037495864426717644,0.8015660037495864,0.09778333272065581,0.10054038157556151,0.19832371429621734,0.013417637760541118,0.018931735470352536,0.02297540712421424,0.0058817042237988455,4435,0.004778884681836562,,,,,,,0.0040436716538617065,0.008271146564717127,,,0.0014704260559497114,0.007903540050729699,,,0.9714002132117782,0.7210601771863397,0.5598647208028527,0.04429658493548506,6530.0,0.23673859500790354,0.0606550748079256,0.032533176487887366,0.20108076315112303,0.09668051317869353,0.017645112671396537,0.023526816895195382,0.049994485902290185,0.01672609638642797,1270.0,0.01782891592839025,0.01543947358747197,0.006433113994779987,,,0.05384766007440767,0.2946935578617584,0.10426865087135305,,,,,,25.0,,,,,,,,,,,0.0007352130279748557,0.0007352130279748557,0.0007352130279748557,,,,0.0005514097709811418,0.0040436716538617065,0.005697900966805132,0.007352130279748557,,0.008811435284903074,,,,,,
GM0547,Leiderdorp,2011,27259,0.3694559594996148,0.4831431820683077,0.5168935030632085,0.24102131406141092,0.2006676693935948,0.30577057118749773,0.20305220294214754,0.039803367695073186,0.8002861440258263,0.0981327268058256,0.10161781429986426,0.19975054110568988,0.013390073003411718,0.01889284273084119,0.02256135588246084,0.0058696210425914375,22955,0.004769067097105543,0.386294434865549,0.008070728933563226,0.011188965112439928,0.0071536006456583145,0.023661909827946734,0.2036024799148905,0.0033016618364576835,0.008804431563887157,880.0,0.5168935030632085,0.001283979603066877,0.00825415459114421,,,0.9798598627976082,0.7168274698264794,0.5801753549286475,0.05447742030155178,6675.0,0.23955390880076305,0.06273157489269598,0.03301661836457684,0.2056201621482813,0.10161781429986426,0.017975714442936278,0.02347848417036575,0.05227631241057999,0.02017682233390807,1365.0,0.0198099710187461,0.019076268388422173,0.007520451960820279,,,0.04964750273061265,0.3167510674213087,0.10177738059775593,,,,,,25.0,,,,,,0.00036685131516196485,,,,,0.0009171282879049122,0.0014674052606478594,0.0014674052606478594,,,,0.0009171282879049122,0.004218790124362596,0.006236472357753402,0.006970174988077333,,0.012908350709959288,,,,,,
GM0547,Leiderdorp,2012,27258,0.3675251302369946,0.48297747450289824,0.5170958984518307,0.23791180570841589,0.19627265389977255,0.3068823831535696,0.20562770562770563,0.04365690806368772,0.7975640179030009,0.09850319172353071,0.10400616332819723,0.20250935505172793,0.0137574290116663,0.01852667106904395,0.022929048352777166,0.005869836378310954,22900,0.005136106831022085,0.38245652652432316,0.0095384841147553,0.012106537530266344,0.007520727859710911,0.022378751192310514,0.20984665052461662,0.0034852153496221293,0.01027221366204417,950.0,0.5132438183285641,0.0014674590945777386,0.007887592633355344,,,0.980812972338396,0.7113507960965588,0.5833149900946512,0.04732555580013207,6875.0,0.23314256365103822,0.06291730868002054,0.03540245065668794,0.21076381245872772,0.10749137867781935,0.017426076748110645,0.02549710176828821,0.05558001320713185,0.021461589258199427,1440.0,0.021645021645021644,0.020360994937266123,0.008254457406999779,,,0.051407466560191656,0.31992413655420243,0.08384907167099222,30.0,0.0036686477364443466,0.002201188641866608,0.004218944896910998,0.003301782962799912,40.0,0.004402377283733216,0.0014674590945777386,,,0.001100594320933304,0.0014674590945777386,0.0012840267077555213,0.00036686477364443465,0.000550297160466652,0.000550297160466652,0.0009171619341110867,0.0018343238682221733,0.0018343238682221733,,,,0.0009171619341110867,0.004402377283733216,0.006236701151955389,0.008254457406999779,0.00036686477364443465,0.28598522659213416,,,,,,
GM0547,Leiderdorp,2013,27303,0.36823792257261106,0.4829139654982969,0.5171592865252903,0.23568838589166025,0.19338534227008022,0.30564406841739006,0.21078269787202872,0.04504999450609823,0.7936856755667875,0.09925649196059042,0.10713108449620921,0.20638757645679962,0.01446727465846244,0.018679266014723656,0.022524997253049114,0.006226422004907885,22885,0.004211991356261217,0.3757828810020877,0.011720323773944255,0.013185364245687286,0.007691462476650917,0.021426216899241842,0.213346518697579,0.004395121415229096,0.009705893125297587,1130.0,0.5166098963483866,0.0012819104127751529,0.007508332417683039,,,0.9810277258909277,0.6920484928396147,0.5616598908544849,0.04669816503680914,6905.0,0.2223198915870051,0.06134856975423946,0.03589349155770428,0.21059956781306083,0.10786360473208072,0.01629857524814123,0.02490568801963154,0.048346335567520056,0.017763615719884263,1240.0,0.016847965425044867,0.016664835366076988,0.007508332417683039,,,0.048239506664014324,0.2804853789536503,0.08205689277899343,70.0,0.004028861297293337,0.002380690766582427,0.0038457312383254586,0.006043291945940007,40.0,0.006958942240779402,0.0016481705307109108,0.000549390176903637,0.000366260117935758,0.0018313005896787899,0.0018313005896787899,0.002197560707614548,0.000549390176903637,0.000732520235871516,0.000732520235871516,0.0012819104127751529,0.002380690766582427,0.0025638208255503057,,,0.000366260117935758,0.001098780353807274,0.004944511592132733,0.00714207229974728,0.00897337288942607,0.000366260117935758,0.42172269743385715,,0.15016664835366078,0.14503900670256015,,0.14577152693843168,0.20107680474673112
GM0547,Leiderdorp,2014,27383,0.36416754920936345,0.48296388270094587,0.5171091553153416,0.2315305116313041,0.1946463134061279,0.3042033378373443,0.21400138772230945,0.04710952050542307,0.7904539312712267,0.10060986743600044,0.10882664426834167,0.2094365117043421,0.014242413176058137,0.018989884234744184,0.02282438008983676,0.005843041302998211,22885,0.0052952561808421285,0.3726764781068546,0.012781652850308585,0.013694628053902057,0.00894715699521601,0.0215462148048059,0.21546214804805902,0.0043822809772486575,0.011686082605996422,1075.0,0.5088923784830004,0.0010955702443121644,0.008581966913778622,,,0.9807179637001059,0.692400394405288,0.5687835518387321,0.05587408245992039,6935.0,0.22404411496183763,0.05989117335573166,0.036153818062301425,0.21053208194865428,0.11138297483840338,0.01643355366468247,0.024285140415586312,0.049483256034766096,0.018076909031150713,1280.0,0.015337983420370302,0.016981338786838548,0.005843041302998211,,,0.057160048134777375,0.2973325310870437,0.09175691937424789,50.0,0.0034693057736551874,0.002373735529343023,0.0034693057736551874,0.00493006609940474,45.0,0.0063908264251542925,0.0014607603257495527,0.0007303801628747764,0.0003651900814373882,0.0016433553664682468,0.002373735529343023,0.0016433553664682468,0.0003651900814373882,0.0009129752035934704,0.0009129752035934704,0.0014607603257495527,0.0025563305700617173,0.0032867107329364936,,0.0003651900814373882,0.0003651900814373882,0.0010955702443121644,0.005477851221560822,0.007668991710185151,0.009677537158090787,,0.4276975531488167,,0.15356242924442173,0.15283204908154693,,0.1477193879414235,0.20925391666362342
GM0547,Leiderdorp,2015,27456,0.3598120629370629,0.4836829836829837,0.5162805944055944,0.22872960372960374,0.1957677738927739,0.2990238927738928,0.2178030303030303,0.048987470862470864,0.7847100815850816,0.10434877622377622,0.11090472027972027,0.2152534965034965,0.01384032634032634,0.018210955710955712,0.022945804195804196,0.006009615384615385,22795,0.006191724941724942,0.37186771561771564,0.011655011655011656,0.013476107226107226,0.008741258741258742,0.020578379953379952,0.21762092074592074,0.004552738927738928,0.011837121212121212,965.0,0.4977054195804196,0.0010926573426573427,0.00819493006993007,1655.0,0.014022435897435898,0.9824810606060606,0.6870993589743589,0.5727345571095571,0.038971445221445224,7035.0,0.22654428904428905,0.06319201631701632,0.036786130536130536,0.21124708624708624,0.11527534965034965,0.016754079254079256,0.024584790209790208,0.054268648018648016,0.019485722610722612,1405.0,0.015297202797202798,0.018210955710955712,0.005463286713286713,,,0.059722643992306916,0.29861321996153456,0.0824982285656443,60.0,0.004006410256410256,0.002003205128205128,0.003460081585081585,0.00564539627039627,50.0,0.007102272727272727,0.001638986013986014,0.0005463286713286714,0.00036421911421911425,0.002003205128205128,0.0025495337995337995,0.001821095571095571,0.0005463286713286714,0.0009105477855477855,0.0012747668997668998,0.0010926573426573427,0.0025495337995337995,0.003460081585081585,,0.00036421911421911425,0.0005463286713286714,0.001456876456876457,0.005827505827505828,0.007648601398601399,0.009651806526806526,0.0007284382284382285,0.42514424536896445,,0.15606789044289043,0.1600743006993007,,0.15297202797202797,0.21507138694638694
GM0547,Leiderdorp,2016,27667,0.3580077348465681,0.48469295550656016,0.5152347562077565,0.2273466584739943,0.19698557848700618,0.2936711605884266,0.21975638847724727,0.051324682835146566,0.7823399718075685,0.10572161781183359,0.11186612209491452,0.21758773990674812,0.013554053565619692,0.01825279213503452,0.022951530704449344,0.006144504283080927,22880,0.006867387139913977,0.3739111576968952,0.009578197853037915,0.01409621570824448,0.00921675642462139,0.01969855784870062,0.21885278490620594,0.006144504283080927,0.013192612137203167,1005.0,0.4821628655076445,0.0007228828568330503,0.006505945711497452,1645.0,0.01409621570824448,0.9795062710087831,0.6814978132793581,0.5815592583221889,0.03975855712581776,7135.0,0.22590089276032818,0.06451729497234973,0.03704774641269382,0.2137926049083746,0.11873350923482849,0.01771062999240973,0.025120179274948494,0.05783062854664402,0.02042144070553367,1500.0,0.01680702642136842,0.018794954277659304,0.0059637835688726645,,,0.05199394245330641,0.3099444724886421,0.08531044926804644,80.0,0.003614414284165251,0.0021686485704991505,0.004156576426790039,0.0063252249972891895,40.0,0.007590269996747027,0.0018072071420826255,0.0003614414284165251,0.0005421621426247876,0.0021686485704991505,0.0030722521415404635,0.0010843242852495753,0.0010843242852495753,0.001626486427874363,0.001987927856290888,0.0010843242852495753,0.0025300899989156756,0.003252972855748726,,0.0003614414284165251,0.0005421621426247876,0.0010843242852495753,0.00704810785412224,0.007590269996747027,0.00993963928145444,0.0003614414284165251,0.5401312468450278,,0.16391368778689414,0.16680521921422634,,0.15704630064698016,0.22662377561716124
GM0547,Leiderdorp,2017,27744,0.3567257785467128,0.48514994232987313,0.5148861014994233,0.2265354671280277,0.19932237600922723,0.29033304498269896,0.22329152249134948,0.052443771626297576,0.7805291234140715,0.10344579008073818,0.11606113033448674,0.2195069204152249,0.01441753171856978,0.018202133794694347,0.022887831603229526,0.005947231833910035,22990,0.00720876585928489,0.3739547289504037,0.008470299884659747,0.01513840830449827,0.00955161476355248,0.020004325259515572,0.222570645905421,0.0057670126874279125,0.013876874279123414,995.0,0.471633506343714,0.0007208765859284891,0.006307670126874279,1740.0,0.014597750865051903,0.978770184544406,0.6734789504036909,0.5857122260668973,0.041270184544406,7165.0,0.22311130334486737,0.0646986735870819,0.03694492502883506,0.21157727797001152,0.12128748558246828,0.01748125720876586,0.02541089965397924,0.05460640138408304,0.02144607843137255,1410.0,0.016580161476355246,0.020004325259515572,0.006487889273356401,,,0.053551581287258766,0.30110134384156817,0.10356673739517025,65.0,0.0032439446366782005,0.0025230680507497116,0.003604382929642445,0.006127450980392157,60.0,0.007028546712802768,0.0019824106113033447,0.0005406574394463668,0.0005406574394463668,0.0021626297577854673,0.0025230680507497116,0.0014417531718569781,0.0007208765859284891,0.0021626297577854673,0.0023428489042675894,0.0009010957324106113,0.0023428489042675894,0.0032439446366782005,,0.00036043829296424453,0.0005406574394463668,0.0010813148788927337,0.008109861591695501,0.008109861591695501,0.010632929642445213,0.0007208765859284891,0.5319793876932404,,0.17048731257208766,0.17607410611303345,,0.16165657439446368,0.23915080738177624
GM0547,Leiderdorp,2018,27673,0.3559064792396921,0.48440718389766196,0.5156650887146316,0.2227803273949337,0.201821269829798,0.28638022621327647,0.22765872872474976,0.052759006974307084,0.7796408051169009,0.1019043833339356,0.11852708416145702,0.2204314674953926,0.014815885520182127,0.01788747154265891,0.022585191341741046,0.006143172044953565,22940,0.005420445922017851,0.3788891699490478,0.006504535106421422,0.014635203989448198,0.009395439598164275,0.020236331442199978,0.22296100892566761,0.004336356737614281,0.011563617966971416,985.0,0.454052686734362,0.0005420445922017851,0.005420445922017851,75.0,0.014273840927980341,0.9773063997398186,0.6775557402522314,0.5854081595779279,0.043002204314674955,7210.0,0.2227803273949337,0.06486466953348029,0.037220395331189246,0.21212011708163192,0.12177935171466772,0.017526108481191054,0.02457268817981426,0.05420445922017851,0.020597694503667836,1380.0,0.016442019296787482,0.019332923788530337,0.006323853575687493,0.0010153315057366231,,0.04721291501675297,0.28936947913493755,0.10051781906792567,65.0,0.0016261337766053554,0.0010840891844035702,0.0005420445922017851,0.004336356737614281,40.0,0.004517038268348209,0.0005420445922017851,0.0007227261229357135,0.0005420445922017851,0.0012647707151374986,0.0007227261229357135,0.0007227261229357135,0.0009034076536696419,0.001987496838073212,0.0025295414302749972,0.0010840891844035702,0.002348859899541069,0.0034329490839446392,,,0.0005420445922017851,0.0012647707151374986,0.009034076536696418,0.008130668883026777,0.011563617966971416,0.0007227261229357135,0.4680678241445832,,0.17544176634264447,0.18375311675640515,,0.16604632674448017,0.24735301557474795
GM0547,Leiderdorp,2019,27525,0.35705722070844687,0.4846503178928247,0.5153496821071752,0.21961852861035422,0.20381471389645778,0.2813805631244323,0.23033605812897365,0.055222524977293366,0.7776566757493188,0.09954586739327884,0.12279745685740236,0.2223433242506812,0.014713896457765668,0.017438692098092644,0.023433242506811988,0.005812897366030881,22785,0.004359673024523161,0.38365122615803815,0.005994550408719346,0.013805631244323342,0.009809264305177113,0.020163487738419618,0.22216167120799274,0.004178019981834696,0.013442325158946413,915.0,0.4425068119891008,0.0005449591280653951,0.005267938237965486,1885.0,0.014895549500454132,0.979654859218892,0.6708446866485014,0.5885558583106267,0.040508628519527703,7180.0,0.22070844686648503,0.06139872842870118,0.037420526793823794,0.2114441416893733,0.12334241598546776,0.016167120799273387,0.025068119891008173,0.04922797456857402,0.020163487738419618,1260.0,0.014350590372388738,0.018891916439600365,0.005812897366030881,0.0010175010175010174,,0.04934879934879935,0.3103378103378103,0.09564509564509564,80.0,0.0009082652134423251,0.0007266121707538601,0.00036330608537693006,0.004178019981834696,50.0,0.004904632152588556,0.0005449591280653951,0.0007266121707538601,0.0007266121707538601,0.0009082652134423251,0.0007266121707538601,0.0005449591280653951,0.0007266121707538601,0.0018165304268846503,0.0027247956403269754,0.0007266121707538601,0.0021798365122615805,0.0032697547683923707,,,0.00036330608537693006,0.0009082652134423251,0.012715712988192553,0.011989100817438692,0.018528610354223433,0.0009082652134423251,0.4772079772079772,,0.1796548592188919,0.19291553133514985,0.21725703905540417,0.16748410535876476,0.2584922797456857
GM0547,Leiderdorp,2020,27901,0.35837425181893123,0.4858248808286441,0.514139278162073,0.21665890111465538,0.21074513458298985,0.2759757714777248,0.23153291996702627,0.0562703845740296,0.7696856743485897,0.10322210673452564,0.12705637790760188,0.23027848464212752,0.015590839038027311,0.01756209454858249,0.025088706497974983,0.006451381670907853,23025,0.004480126160352676,0.38385720941901724,0.007347406902978388,0.01379878857388624,0.011110712877674636,0.01989176015196588,0.22275187269273503,0.0035841009282821406,0.013081968388229812,885.0,0.41683093795921294,0.0005376151392423211,0.005196946346009103,1885.0,0.015590839038027311,0.9768467080032974,0.6408372459768467,0.5347478584996953,0.03852908497903301,7150.0,0.20250170244794094,0.05250707859933336,0.03799146983979069,0.20698182860829362,0.11917135586538116,0.015590839038027311,0.0229382459410057,0.04766854234615247,0.018458119780653023,1230.0,0.014157198666714456,0.017203684455754275,0.005555356438837318,0.001000100010001,0.0035003500350035003,0.039503950395039504,0.24152415241524153,0.08750875087508751,50.0,0.0008960252320705352,0.001254435324898749,0.0005376151392423211,0.0037633059746962475,45.0,0.002688075696211605,0.0005376151392423211,0.0005376151392423211,,0.0007168201856564281,0.0008960252320705352,0.0005376151392423211,0.0005376151392423211,0.0016128454177269632,0.0023296656033833913,0.001254435324898749,0.002508870649797498,0.0034048958818680333,,,0.00035841009282821406,0.0010752302784846422,0.010931507831260527,0.009856277552775886,0.014874018852370883,0.0007168201856564281,0.4085408540854085,7510.0,0.18458119780653023,0.20232249740152683,0.21468764560410022,0.1684527436292606,0.2704204150388875
GM0547,Leiderdorp,2021,27982,0.35969551854763776,0.48477592738188835,0.5151525980987778,0.21353012650989922,0.21746122507326138,0.27124580087198913,0.2317561289400329,0.05700092916875134,0.7633478664855979,0.10435279822743192,0.13222786076763635,0.23658065899506825,0.01643913944678722,0.016617825745121863,0.02662425845186191,0.006611393038381817,23070,0.003037667071688943,0.3859624044028304,0.005717961546708598,0.014116217568436852,0.010899864198413265,0.019476806518476164,0.22478736330498178,0.003752412265027518,0.013401472375098278,820.0,0.41044242727467656,0.0003573725966692874,0.0048245300550353795,1835.0,0.017153884640125794,0.977950110785505,0.6461296547780716,0.5667929383174898,0.03948967193195626,7275.0,0.20870559645486383,0.05557143878207419,0.0396683582302909,0.2081695375598599,0.1222214280608963,0.015545707955114002,0.02269315988849975,0.050389536130369526,0.018940747623472233,1290.0,0.015367021656779358,0.017153884640125794,0.005539275248373955,0.001987083954297069,0.013412816691505217,0.05365126676602087,0.051664182811723795,0.10978638847491307,90.0,0.0014294903866771496,0.0010721177900078621,0.0003573725966692874,0.004645843756700736,25.0,0.0032163533700235868,0.0005360588950039311,0.0008934314916732185,,0.0005360588950039311,0.0008934314916732185,,,0.001250804088342506,0.001965549281681081,0.0003573725966692874,0.001965549281681081,0.002858980773354299,,,0.0003573725966692874,0.0008934314916732185,0.010542491601743979,0.011435923093417196,0.015545707955114002,0.0003573725966692874,0.4520615996025832,,0.19083696662139948,0.21120720463154885,0.21120720463154885,0.17136016010292332,0.2814309198770638
GM0547,Leiderdorp,2022,28215,0.36016303384724435,0.48484848484848486,0.5151515151515151,0.21212121212121213,0.2227538543328017,0.265993265993266,0.23250044302675882,0.057061846535530744,0.7542087542087542,0.1111111111111111,0.13468013468013468,0.24579124579124578,0.016835016835016835,0.016126174020910863,0.02658160552897395,0.006556796030480241,23165,0.00354421407052986,0.38933191564770514,0.00354421407052986,0.01364522417153996,0.01187311713627503,0.01949317738791423,0.22009569377990432,0.004253056884635832,0.012759170653907496,710.0,0.42406521353889776,0.000354421407052986,0.004607478291688818,1750.0,0.01701222753854333,0.9728867623604466,0.6547935495303916,0.5798334219386851,,7360.0,0.21601984759879497,0.05688463583200425,0.04040404040404041,0.20733652312599682,0.12209817472975368,0.014354066985645933,0.022151337940811627,0.04979620769094453,0.019670388091440724,1285.0,0.014354066985645933,0.01789828105617579,0.005847953216374269,0.0029521747687463098,0.014760873843731549,0.051171029324936036,0.032473922456209406,0.111198582956111,65.0,0.001240474924685451,0.000531632110579479,0.000354421407052986,0.004430267588162325,35.0,0.004075846181109339,0.000354421407052986,0.000531632110579479,,0.000531632110579479,0.000886053517632465,0.000531632110579479,0.000354421407052986,0.000886053517632465,0.00177210703526493,0.000886053517632465,0.001949317738791423,0.003012581959950381,,,0.000354421407052986,0.000708842814105972,0.01240474924685451,0.011695906432748537,0.015771752613857878,0.000531632110579479,0.42757331234009055,7505.0,0.19103313840155944,0.21460216197058302,0.2128300549353181,0.17419812156654263,0.2824738614212298
GM0547,Leiderdorp,2023,28209,0.35357510014534366,0.4863695983551349,0.5136658513240455,0.2116345847070084,0.22315573044063952,0.2637456131022014,0.23503137296607465,0.056896735084547484,0.7458612499556879,0.11290722818958489,0.14144421992980963,0.25435144811939453,0.016838597610691623,0.016484100818887588,0.027650749760714667,0.006558190648374632,23145,0.004608458293452444,0.3887057322131235,0.0030132227303342903,0.013116381296749264,0.011166648941827076,0.02056081392463398,0.21961076252259917,0.0030132227303342903,0.01152114573363111,600.0,0.4273458825197632,,0.004962955085256479,1715.0,0.016661349214789605,,,,,7335.0,0.20986210074798822,0.05282002197880109,0.04218511822468007,0.20773511999716401,0.12318763515190187,0.01400262327625935,0.02126980750824205,0.05122478641568294,0.019142826757417845,1335.0,0.014357120068063384,0.01772483959020171,0.00549470027296253,0.0035091237216763587,0.02155604571886906,0.062161620212552636,0.07118508121114898,0.10326849809504712,40.0,0.0015952355631181539,0.0008862419795100854,0.00035449679180403417,0.004431209897550427,40.0,0.004785706689354461,0.00035449679180403417,0.00035449679180403417,,0.0007089935836080683,0.0008862419795100854,0.0007089935836080683,0.00035449679180403417,0.0007089935836080683,0.0014179871672161367,0.0005317451877060512,0.0015952355631181539,0.0030132227303342903,,0.00035449679180403417,0.00035449679180403417,0.0007089935836080683,0.01152114573363111,0.01098940054592506,0.015420610443475487,0.0008862419795100854,0.3458993382795268,7515.0,0.19266900634549258,0.21943351412669715,0.21216632989471446,0.17618490552660498,0.28820589173667976
GM0547,Leiderdorp,2024,27801,0.34610265817776337,0.48721269019100033,0.5127513398798604,0.20988453652746303,0.21941656774936152,0.2591633394482213,0.24171792381569007,0.05953023272544153,0.7438581345994748,0.11276572785151613,0.14334016761986978,0.2561058954713859,0.016546167404050214,0.01618646811265782,0.027876695082910685,0.006294737599366929,22940,0.010970828387468077,,,,,,,0.02841624401999928,0.029855041185568865,,,,,1755.0,,,,,,,,,,,,,,,,,,,,,,,,,,,,,,,,,,,,,,,0.0005395489370885939,0.0008992482284809899,,0.001258947519873386,0.002338045394050574,,,0.00035969929139239594,,,,,,,,,,,,
GM0553,Lisse,2009,22892,0.5649135069019745,0.49274855844836624,0.5071640747859514,0.2378560195701555,0.22999301065874542,0.29486283417787873,0.19002271535907742,0.037349292329197974,0.880875414992137,0.08212475974139437,0.03713087541499214,0.11925563515638651,0.004149921369910886,0.004368338284116722,0.0017473353136466887,0.001965752227852525,3960,0.005460422855145902,,,,,,,0.0032762537130875415,0.004368338284116722,,,0.001965752227852525,,,,0.9481478245675345,0.6873580290057663,0.5019220688450113,0.02730211427572951,4885.0,0.19155163375851825,0.04280971518434388,0.03407303861611043,0.17757295124934475,0.08278001048401189,0.01834702079329023,0.01791018696487856,0.03341778787349292,,700.0,0.022715359077406953,,0.007644591997204264,,,,,,,,,,,,,,,,,,,,,,,,,,,,,0.002184169142058361,0.0030578367988817056,0.00393150445570505,,,,,,,,
GM0553,Lisse,2010,23285,0.5600171784410565,0.4928065278076015,0.5071934721923985,0.23384152888125403,0.23169422374919477,0.29310715052608977,0.19218380931930426,0.03865149237706678,0.8687996564311788,0.09340777324457805,0.037792570324243074,0.13120034356882113,0.0040798797509126045,0.004294610264118532,0.0017178441056474125,0.001932574618853339,3835,0.0012883830792355595,,,,,,,0.003006227184882972,0.008159759501825209,,,0.0017178441056474125,0.006012454369765944,,,0.9340777324457805,0.6834872235344642,0.5101996993772815,0.028344427743182306,5095.0,0.1964784195834228,0.04595232982606828,0.03500107365256603,0.1795147090401546,0.0856774747691647,0.017822632596091903,0.01932574618853339,0.03843676186386086,0.011380717199914108,805.0,0.024049817479063776,0.010307064633884476,0.008589220528237063,,,0.02338957055214724,0.020322085889570553,0.04102760736196319,,,,,,35.0,,,,,,,,,,,0.0006441915396177797,0.0006441915396177797,0.0006441915396177797,,,,0.001073652566029633,0.012024908739531888,0.005797723856560017,0.012669100279149668,0.0006441915396177797,0.00651840490797546,,,,,,
GM0553,Lisse,2011,23146,0.5597943489155793,0.4927417264322129,0.5072150695584551,0.23070940983323251,0.22746910913332757,0.2940032835047092,0.19701028255422104,0.04061176877214206,0.8707768080877906,0.09008035945735764,0.039099628445519743,0.12917998790287738,0.003456320746565281,0.004320400933206602,0.0017281603732826405,0.0017281603732826405,19490,0.0015121403266223105,0.4015812667415536,0.008640801866413203,0.007344681586451222,0.004968461073187592,0.022682104899334657,0.20219476367406897,0.003024280653244621,0.006696621446470232,775.0,0.5154238313315476,0.0019441804199429708,0.006264581353149572,,,0.9686338892249201,0.6776548863734555,0.5439384774907111,0.0373714680722371,5255.0,0.20349088395403092,0.05184481119847922,0.03715544802557677,0.18707336040784583,0.09375270025058326,0.017929663872807398,0.02030588438607103,0.042555949192085024,0.013609262939600795,900.0,0.02376220513263631,0.012529162706299144,0.008640801866413203,,,0.020838156980782587,0.017751022613259244,0.0463070155128502,,,,,,35.0,,,,,,,,,,,0.0008640801866413203,0.0015121403266223105,0.0015121403266223105,,,,0.0012961202799619805,0.010584982286356175,0.009720902099714853,0.016633543592845416,0.00043204009332066014,0.01157675387821255,,,,,,
GM0553,Lisse,2012,22878,0.560844479412536,0.493705743509048,0.5061631261473905,0.23013375295043273,0.21767637031209022,0.2959174753037853,0.2050004371011452,0.04196170993968004,0.8735466386921934,0.08632747617798758,0.03999475478625754,0.12632223096424514,0.0037153597342425037,0.004152460879447505,0.0017484045808200017,0.0017484045808200017,19320,0.0015298540082175015,0.3968878398461404,0.01027187691231751,0.007430719468485007,0.0050266631698575055,0.02207360783285252,0.2087157968353877,0.003059708016435003,0.007867820613690008,875.0,0.5144680479062855,0.0013113034356150013,0.006337966605472507,,,0.973424250371536,0.6643937407116006,0.542223970626803,0.034312439898592534,5300.0,0.1942914590436227,0.04873677769035755,0.03846490077804004,0.1918874027449952,0.1027187691231751,0.017484045808200017,0.02032520325203252,0.04436576623830754,0.014861438936970015,935.0,0.025570416994492525,0.013768686073957514,0.00939767462190751,,,0.022991193203959162,0.01597693087054789,0.05065856129685917,35.0,0.004152460879447505,0.0017484045808200017,0.0032782585890375033,0.001966955153422502,40.0,0.0037153597342425037,0.0013113034356150013,,,0.001092752863012501,0.0013113034356150013,0.0008742022904100009,0.00043710114520500044,0.00043710114520500044,0.00043710114520500044,0.001092752863012501,0.0024040562986275024,0.0024040562986275024,,,,0.0015298540082175015,0.012238832065740012,0.011583180347932511,0.018576798671212518,0.0006556517178075007,0.24549918166939444,,,,,,
GM0553,Lisse,2013,22835,0.5609371578716882,0.4935406174731771,0.5064593825268229,0.22662579373768338,0.21589664987957083,0.29494197503831837,0.20998467265163126,0.04335449967155682,0.8721261221808627,0.08649003722356033,0.04138384059557697,0.12787387781913728,0.003941318151959711,0.00481716663017298,0.0019706590759798557,0.0019706590759798557,19295,0.0017516969564265383,0.3945697394350777,0.013575651412305672,0.00875848478213269,0.005255090869279615,0.02014451499890519,0.21064155901029122,0.005255090869279615,0.008977446901686009,925.0,0.5228815414933217,0.0013137727173199037,0.006787825706152836,,,0.9770089774469017,0.658419093496825,0.5447777534486534,0.037661484563170575,5380.0,0.19553317276111232,0.04860959054083643,0.03919421940004379,0.1926866652069192,0.10663455222246551,0.017298007444712066,0.020363477118458508,0.04160280271513028,0.013575651412305672,880.0,0.027151302824611343,0.012261878694985767,0.009415371140792644,,,0.02771488796939652,0.016785072995550005,0.05308767273011164,70.0,0.003941318151959711,0.0021896211955331727,0.003065469673746442,0.004379242391066345,35.0,0.005255090869279615,0.0010948105977665863,,,0.001532734836873221,0.0017516969564265383,0.001532734836873221,0.0004379242391066346,0.0006568863586599519,0.0006568863586599519,0.0010948105977665863,0.00240858331508649,0.003065469673746442,,,,0.001532734836873221,0.013356689292752353,0.015108386249178892,0.022334136194438362,0.0006568863586599519,0.36927160590210006,,0.1736369608057806,0.10488285526603898,,0.1749507335231005,0.15480621852419532
GM0553,Lisse,2014,22976,0.562891713091922,0.49268802228412256,0.5072684540389972,0.22458217270194986,0.2160950557103064,0.29356720055710306,0.21239554317548748,0.0443941504178273,0.8724321030640668,0.08508878830083566,0.04243558495821727,0.12752437325905291,0.0036995125348189416,0.004787604456824512,0.0019585654596100278,0.0017409470752089136,19470,0.002393802228412256,0.39127785515320335,0.014362813370473538,0.009139972144846797,0.005658077994428969,0.019585654596100278,0.21196030640668523,0.004352367688022284,0.009792827298050139,885.0,0.5153203342618384,0.0008704735376044568,0.007399025069637883,,,0.979282729805014,0.6493732590529248,0.5501392757660167,0.050922701949860726,5495.0,0.18932799442896936,0.04961699164345404,0.03873607242339833,0.19259227019498606,0.11446727019498608,0.01697423398328691,0.019585654596100278,0.04221796657381616,0.013927576601671309,895.0,0.025026114206128134,0.012839484679665739,0.00935759052924791,,,0.028995592669914173,0.016237531895151938,0.05489832212170417,55.0,0.00413474930362117,0.0028290389972144845,0.003481894150417827,0.00413474930362117,35.0,0.006310933147632312,0.0015233286908077994,,,0.0019585654596100278,0.0026114206128133705,0.0006528551532033426,0.0008704735376044568,0.0013057103064066853,0.0015233286908077994,0.0013057103064066853,0.003046657381615599,0.00413474930362117,,,0.0004352367688022284,0.0019585654596100278,0.026114206128133706,0.026114206128133706,0.04004178272980501,0.0008704735376044568,0.3842882548519292,,0.17931754874651812,0.11272632311977716,,0.18127611420612813,0.1623433147632312
GM0553,Lisse,2015,23110,0.5662051060147123,0.49221116399826914,0.5077888360017309,0.22111639982691475,0.21570748593682387,0.2922977066205106,0.21549112938122025,0.04608394634357421,0.8712678494158373,0.08481176979662484,0.04392038078753786,0.1287321505841627,0.0034617048896581565,0.0049762007788836,0.0019472090004327132,0.0015144958892254435,19535,0.002379922111639983,0.39030722630895714,0.013846819558632626,0.009736045002163565,0.006274340112505409,0.019688446559930767,0.21354392038078754,0.004543487667676331,0.01038511466897447,825.0,0.5030289917784508,0.0008654262224145391,0.006490696668109044,30.0,0.0099524015577672,0.9800951968844656,0.6460406750324534,0.5488965815664215,0.03678061445261791,5585.0,0.19515361315447857,0.05062743401125054,0.038727823453050626,0.19493725659887495,0.12094331458243185,0.015144958892254435,0.01947209000432713,0.04846386845521419,0.016226741670272608,1045.0,0.027693639117265252,0.0149286023366508,0.009519688446559932,,,0.03171570500573175,0.021780664883454336,0.07183798242262132,55.0,0.0036780614452617912,0.002379922111639983,0.0036780614452617912,0.0034617048896581565,40.0,0.006057983556901774,0.0017308524448290783,,0.00043271311120726956,0.0019472090004327132,0.0019472090004327132,0.0006490696668109044,0.00043271311120726956,0.0015144958892254435,0.0017308524448290783,0.0012981393336218088,0.0034617048896581565,0.004759844223279966,,,0.00043271311120726956,0.0012981393336218088,0.027260926006057985,0.027693639117265252,0.0441367373431415,0.0010817827780181739,0.3779136415743217,,0.18433578537429685,0.11791432280398097,,0.1860666378191259,0.1678926871484206
GM0553,Lisse,2016,23205,0.5699633699633699,0.49235078646843355,0.5076492135315664,0.21956474897651368,0.21525533290239174,0.2891618185735833,0.21697909933204051,0.0493428140486964,0.8681318681318682,0.08511096746390864,0.04675716440422323,0.13186813186813187,0.003663003663003663,0.005171299288946348,0.0021547080370609784,0.0017237664296487825,19520,0.0028011204481792717,0.38935574229691877,0.012281835811247576,0.010558069381598794,0.006464124111182934,0.020254255548373196,0.21633268692092222,0.0053867700926524455,0.012712777418659772,750.0,0.49019607843137253,0.00043094160741219563,0.006033182503770739,1155.0,0.010773540185304891,0.9806076276664512,0.6479207067442362,0.5653953889248007,0.04158586511527688,5640.0,0.19866408101702218,0.05235940530058177,0.0392156862745098,0.19500107735401853,0.12303382891618185,0.014867485455720749,0.0200387847446671,0.05042016806722689,0.01809954751131222,1075.0,0.02671837965955613,0.016375781081663435,0.0099116569704805,,,0.04574323302585816,0.032133676092544985,0.120217752910933,55.0,0.004524886877828055,0.002370178840767076,0.003232062055591467,0.004093945270415859,45.0,0.00689506571859513,0.0015082956259426848,0.0008618832148243913,0.00043094160741219563,0.0021547080370609784,0.0021547080370609784,0.0008618832148243913,0.0008618832148243913,0.0019392372333548805,0.002370178840767076,0.0010773540185304892,0.003447532859297565,0.00495582848524025,,,,0.001292824822236587,0.025856496444731737,0.025210084033613446,0.04093945270415859,0.0015082956259426848,0.4135793134734614,,0.19370825253178195,0.12346477052359406,,0.19241542770954537,0.17754794225382461
GM0553,Lisse,2017,23258,0.5733081090377504,0.4923037234499957,0.5077822684667641,0.2179895089861553,0.21497979189956143,0.28570814343451717,0.22035428669705048,0.0507352308882965,0.8644337432281366,0.0864218763436237,0.04923037234499957,0.13565224868862327,0.003439676670392983,0.005374494797489036,0.0021497979189956146,0.001934818127096053,19515,0.0025797575027947375,0.38954338292200535,0.010104050219279388,0.012253848138275002,0.0066643735488864046,0.021497979189956145,0.21927938773755268,0.004299595837991229,0.014188666265371056,780.0,0.4800498753117207,0.00042995958379912286,0.006234413965087282,1170.0,0.01031903001117895,0.9822426691890962,0.6511737896637716,0.5770057614584229,0.042351019004213605,5745.0,0.20444578209648293,0.055464786310086854,0.0395562817095193,0.19649152979619916,0.125978158053143,0.014403646057270616,0.01977814085475965,0.055894745893885975,0.01956316106286009,1205.0,0.02837733253074211,0.0178433227276636,0.009674090635480265,,,0.046122693865306735,0.04012299385030749,0.13011849407529624,55.0,0.003869636254192106,0.00300971708659386,0.0027947372946942987,0.004084616046091667,50.0,0.005804454381288159,0.00150485854329693,0.00042995958379912286,0.00042995958379912286,0.00150485854329693,0.001934818127096053,0.00042995958379912286,,0.00150485854329693,0.002364777710895176,0.00150485854329693,0.003439676670392983,0.005159515005589475,,,,0.0008599191675982457,0.024722676068449564,0.02536761544414825,0.03676154441482501,0.0012898787513973687,0.4173541322933853,6780.0,0.20272594376128644,0.1304927336830338,,0.19993120646659215,0.18660245936881933
GM0553,Lisse,2018,23331,0.5782435386395782,0.49226351206549224,0.5076936265055076,0.21623590930521625,0.21537868072521538,0.2818138956752818,0.22416527367022415,0.05293386481505293,0.86001457288586,0.08700870087008701,0.05293386481505293,0.13994256568513994,0.003643221465003643,0.005571985770005572,0.002785992885002786,0.0023573785950023575,19535,0.002785992885002786,0.3943251468003943,0.00792936436500793,0.011143971540011144,0.006214907205006215,0.02143071450002143,0.22116497364022117,0.004286142900004286,0.011572585830011573,790.0,0.4554026831254554,0.00042861429000042863,0.006000600060006,1215.0,0.011572585830011573,0.9806694955209807,0.6592087780206592,0.5767005271955767,0.04307573614504308,5745.0,0.21194976640521196,0.057434314860057435,0.040075436115040074,0.1963053448201963,0.12708413698512708,0.014572885860014572,0.020787793065020786,0.05464832197505465,0.019716257340019715,1185.0,0.028502850285028504,0.018001800180018002,0.010715357250010715,0.0011118523460084502,,0.0466977985323549,0.03187310058557557,0.11859758357423468,40.0,0.0012858428700012858,0.0008572285800008573,0.00042861429000042863,0.0038575286100038576,50.0,0.004500450045004501,,0.00042861429000042863,0.0006429214350006429,0.0008572285800008573,0.0008572285800008573,0.0006429214350006429,0.00042861429000042863,0.0012858428700012858,0.0023573785950023575,0.0012858428700012858,0.003428914320003429,0.005357678625005358,,,,0.0010715357250010715,0.02785992885002786,0.02635977883502636,0.04200420042004201,0.0012858428700012858,0.32984952931584016,6725.0,0.20766362350520767,0.13865672281513866,,0.207020702070207,0.19373365908019374
GM0553,Lisse,2019,23428,0.5805019634625235,0.4925729895851118,0.5075123783506915,0.2134198395082807,0.21598087758238005,0.2776592112002732,0.22814580843435206,0.055275738432644696,0.85773433498378,0.08899607307495305,0.053354959877070174,0.14235103295202323,0.004054976950657333,0.005335495987707017,0.0025610380740993684,0.0023476182345910875,19600,0.003414717432132491,0.4001621990780263,0.005762335666723579,0.00960389277787263,0.006616015024756701,0.02112856411131979,0.22067611405156223,0.004695236469182175,0.01259177053098856,710.0,0.42876045757213593,,0.005122076148198737,1345.0,0.013018610210005123,0.9802373228615332,0.6524244493768141,0.5832764213761311,0.045671845654772066,5840.0,0.2023220078538501,0.05570257811166126,0.03841557111149052,0.19719993170565137,0.1261311251493939,0.013232030049513403,0.02219566330886119,0.047806044049854876,0.017927266518695577,1050.0,0.022835922827386033,0.016860167321154175,0.008750213419839508,0.0014705882352941176,,0.051470588235294115,0.039705882352941174,0.13676470588235295,35.0,0.0010670991975414035,0.0012805190370496842,0.0004268396790165614,0.0038415571111490524,45.0,0.0038415571111490524,0.0004268396790165614,0.0004268396790165614,0.0004268396790165614,0.0008536793580331228,0.0004268396790165614,0.0006402595185248421,0.0004268396790165614,0.0010670991975414035,0.0019207785555745262,0.0008536793580331228,0.00320129759262421,0.004481816629673894,,,,0.0014939388765579649,0.02795799897558477,0.025823800580501963,0.04289738774116442,0.0012805190370496842,0.33088235294117646,6745.0,0.21085880143418131,0.14299129247054806,0.2298531671504183,0.21064538159467305,0.19933413010073417
GM0553,Lisse,2020,23458,0.5843635433540796,0.4927956347514707,0.5072896240088669,0.2116548725381533,0.2144257822491261,0.2751726489896837,0.23296956262255947,0.056270781822832294,0.8551453661863756,0.09016113905703811,0.0545656066160798,0.1447267456731179,0.004262938016881234,0.005541819421945605,0.0027709097109728026,0.002344615909284679,19660,0.002557762810128741,0.3996504390826157,0.006820700827009975,0.010017904339670902,0.008099582232074345,0.021314690084406174,0.2233779520845767,0.0036234973143490492,0.01236252024895558,665.0,0.41137351862903915,,0.00490237871941342,1345.0,0.013428254753175889,0.9802625969818399,0.62814391678745,0.5371301901270356,0.04156364566459204,5805.0,0.19460312047062836,0.051155256202574814,0.03687441384602268,0.19481626737147242,0.12319890868786768,0.013215107852331827,0.019183221075965557,0.04817119959075795,0.017264898968369,1025.0,0.021954130786938357,0.015772870662460567,0.007673288430386222,0.0014590020426028597,0.003647505106507149,0.04705281587394222,0.05945433323606653,0.10140064196089875,30.0,0.0006394407025321852,0.0008525876033762469,,0.0029840566118168642,50.0,0.0027709097109728026,0.00042629380168812344,,,0.0008525876033762469,0.0008525876033762469,0.00042629380168812344,,0.0012788814050643704,0.0019183221075965554,0.0010657345042203086,0.0027709097109728026,0.004689231818569358,,,,0.0012788814050643704,0.025151334299599284,0.02344615909284679,0.037300707647710804,0.0006394407025321852,0.31915669681937553,6655.0,0.21783613266263108,0.1498422712933754,0.22572256799386137,0.21399948844743796,0.2088839628271805
GM0553,Lisse,2021,23498,0.5859647629585497,0.49365903481147333,0.5064260788152183,0.2104434419950634,0.21363520299599967,0.27129968507958124,0.23704145033619883,0.05766448208358158,0.850285130649417,0.09170993276023491,0.05809005021703975,0.14979998297727465,0.004042897267852583,0.005532385734956166,0.0036173291343944165,0.0029789769342071664,19695,0.0023406247340199164,0.39769342071665675,0.005957953868414333,0.010000851136266916,0.007873010468976083,0.020852838539450167,0.22682781513320283,0.00446846540131075,0.010000851136266916,595.0,0.3970550685164695,,0.00446846540131075,1415.0,0.0140437484041195,0.9800834113541578,0.6343093029193974,0.5596220954974892,0.04362073367946208,5870.0,0.20022980679206742,0.05000425568133458,0.03723721167758958,0.19682526172440207,0.12490424716997191,0.012979828070474084,0.01978891820580475,0.05170652821516725,0.017661077538513915,1125.0,0.02234232700655375,0.0165971572048685,0.007660226402247,0.0014525383106979448,0.006899556975815237,0.04902316798605563,0.058464667005592275,0.11947127605490594,45.0,0.0012767044003744999,0.0006383522001872499,,0.0036173291343944165,45.0,0.002766192867478083,0.00042556813345816664,0.0006383522001872499,,0.0008511362669163333,0.0008511362669163333,0.00042556813345816664,0.00042556813345816664,0.0010639203336454167,0.0017022725338326666,0.0008511362669163333,0.0025534088007489997,0.00446846540131075,,,,0.00191505660056175,0.030640905608988,0.02830028087496808,0.043195165546003916,0.0008511362669163333,0.3322681385721548,6530.0,0.22533832666609924,0.15554515277895992,0.22150821346497573,0.22044429313133032,0.21406077112945782
GM0553,Lisse,2022,23863,0.5821983824330553,0.49218455349285506,0.5076897288689604,0.20911033818044672,0.21728198466244814,0.2671499811423543,0.23970163013870846,0.058039642961907556,0.8381175878975821,0.10120269873863302,0.0605539957256003,0.16175669446423332,0.003981058542513515,0.005657293718308679,0.004400117336462305,0.0027238821606671414,19805,0.0025143527636927463,0.3972677366634539,0.003771529145539119,0.01026694045174538,0.008171646482001424,0.02095293969743955,0.22314880777773122,0.002933411557641537,0.009219293466873403,435.0,0.4052298537484809,,0.003981058542513515,1450.0,0.014667057788207686,0.9682353434186817,0.6468172484599589,0.5726438419310229,,5945.0,0.2051292796379332,0.05217281984662448,0.037924820852365586,0.1957004567740854,0.12425093240581654,0.01299082261241252,0.019486233918618784,0.051125172861752506,0.018438586933746805,1130.0,0.023676821858106694,0.016971881154926035,0.007752587688052634,0.0014395738861297056,0.010436910674440365,0.04894551212840999,0.0381487079824372,0.11552580436190887,35.0,0.0014667057788207685,0.0010476469848719775,,0.0031429409546159326,40.0,0.00419058793948791,0.00041905879394879103,0.0006285881909231866,0.00041905879394879103,0.0006285881909231866,0.0006285881909231866,,0.00041905879394879103,0.0010476469848719775,0.0018857645727695595,0.0012571763818463731,0.002933411557641537,0.004609646733436701,,0.00041905879394879103,0.00041905879394879103,0.0014667057788207685,0.03163893894313372,0.027657880400620206,0.041696349997904704,0.0014667057788207685,0.3379399697689484,6615.0,0.22440598415957758,0.15714704773079663,0.22168210199891045,0.2195868080291665,0.214558102501781
GM0553,Lisse,2023,23952,0.5781145624582499,0.49160821643286573,0.5083082832331329,0.20624582498329994,0.21939712758851035,0.2623997995991984,0.24319472277889112,0.059911489645958584,0.83437708750835,0.10124415497661991,0.06429525718102873,0.16553941215764864,0.00438376753507014,0.005218770875083501,0.00459251837007348,0.00271376085504342,19855,0.00354876419505678,0.40497661990647965,0.0033400133600534404,0.01002004008016032,0.008558784235136941,0.021918837675350702,0.22419839679358716,0.0031312625250501003,0.009393787575150301,430.0,0.4089428857715431,,0.00375751503006012,1410.0,0.01398630594522378,,,,,5995.0,0.2029058116232465,0.04780394121576486,0.0407064128256513,0.1955995323981296,0.12504175016700067,0.012525050100200401,0.01837007348029392,0.05260521042084168,0.01795257181028724,1190.0,0.024632598530394123,0.01690881763527054,0.00814128256513026,0.002527623311908717,0.012638116559543583,0.054524445728316606,0.03610890445583881,0.12096482992706001,30.0,0.00125250501002004,0.0008350033400133601,0.00041750167000668005,0.00375751503006012,45.0,0.0048012692050768205,0.00062625250501002,0.00041750167000668005,0.00062625250501002,0.0008350033400133601,0.0008350033400133601,,0.00041750167000668005,0.00125250501002004,0.0016700066800267202,0.00062625250501002,0.00250501002004008,0.00396626586506346,,0.00041750167000668005,0.00041750167000668005,0.00146125584502338,0.030895123580494323,0.02525885103540414,0.04133266533066132,0.00125250501002004,0.321008160612407,6610.0,0.2279559118236473,0.16240814963259853,0.22190213760855043,0.2216933867735471,0.21981462925851702
GM0553,Lisse,2024,23554,0.5654241317822876,0.4884520675893691,0.5115903880444935,0.2008151481701622,0.21779740171520762,0.2600407574085081,0.250275961620107,0.06262205994735501,0.8319181455379129,0.10189352127027257,0.0660185106563641,0.16791203192663667,0.004245563386261357,0.005306954232826696,0.005306954232826696,0.002759616201069882,19705,0.007217457756644306,,,,,,,0.032903116243525515,0.03056805638108177,,,,,1415.0,,,,,,,,,,,,,,,,,,,,,,,,,,,,,,,,,,,,,,,0.0008491126772522714,0.0014859471851914748,,0.0016982253545045427,0.0031841725396960178,,0.0004245563386261357,0.0004245563386261357,,,,,,,,,,,,
GM0569,Nieuwkoop,2009,27548,0.08566865108174822,0.5058443444170175,0.49422825613474664,0.25283142151880356,0.21925366632786408,0.31635690431247276,0.17460432699288514,0.026499201393930593,0.9174894729199942,0.050820386234935386,0.03176274139683462,0.08258312763177,0.009619573108755627,0.004174531726441121,0.0005445041382314506,0.001996515173515319,4875,0.00871206621170321,,,,,,,0.002722520691157253,0.003993030347030638,,,0.001452011035283868,,,,0.9605052998402788,0.6927907652098156,0.5283505154639175,0.02486568897923624,5490.0,0.18513140699869318,0.043197328299695074,0.027225206911572528,0.16425874836648757,0.08349063452882242,0.015427617249891099,0.020328154493974154,0.034303760708581384,,860.0,0.002722520691157253,,0.000726005517641934,,,,,,,,,,,,,,,,,,,,,,,,,,,,,0.0009075068970524176,0.0012705096558733846,0.001452011035283868,,,,,,,,
GM0569,Nieuwkoop,2010,27581,0.08520358217613574,0.5061455349697256,0.4938182081867953,0.24962836735433813,0.2131902396577354,0.31652224357347447,0.18273449113520177,0.02846162213117726,0.9162104347195533,0.051122149305681444,0.03263115913128603,0.08375330843696747,0.009970631956781842,0.004169537000108771,0.0005438526521881005,0.0019941263913563685,4610,0.0063449476088611725,,,,,,,0.002537979043544469,0.006526231826257206,,,0.0016315579565643016,0.006707516043653239,,,0.947210035894275,0.6983068054095211,0.5445777890576846,0.027192632609405024,5705.0,0.19071099670062724,0.04459591747942424,0.02809905369638519,0.16968202748268735,0.08973568761103658,0.015227874261266814,0.02066640078314782,0.036438127696602735,0.011602189913346144,925.0,0.002537979043544469,0.010514484608969943,0.0009064210869801675,,,0.00851063829787234,0.019148936170212766,0.02127659574468085,,0.000362568434792067,,,,,,,,,,,,,,,,,,,,,0.000362568434792067,0.0009064210869801675,0.0012689895217722345,0.001812842173960335,,0.00851063829787234,,,,,,
GM0569,Nieuwkoop,2011,27557,0.08342707841927641,0.5062234640926081,0.4938854011684871,0.24639837427876765,0.20775120658997714,0.31752367819428823,0.18869978589831984,0.029937946801175744,0.9141053089958994,0.05189244112203796,0.03392967304133251,0.08582211416337047,0.009797873498566607,0.003991726240156766,0.0007257684073012302,0.0021773052219036903,24020,0.004717494647457996,0.37885110861124216,0.005987589360235149,0.005443263054759226,0.01850709438618137,0.016874115469753603,0.17726893348332548,0.003991726240156766,0.009253547193090685,685.0,0.5064049061944333,0.0012700947127771529,0.006713357767536379,,,0.9732554341909496,0.6847624922887107,0.558115905214646,0.034111115143157816,5885.0,0.19632035417498275,0.04590485176180281,0.029937946801175744,0.17472874405777117,0.09543854556011176,0.014878252349675219,0.021954494320862213,0.039554378197917045,0.012882389229596836,1005.0,0.0029030736292049207,0.011975178720470298,0.0009072105091265377,,,0.008699434536755112,0.019573727707699,0.02827316224445411,,,,0.0003628842036506151,,10.0,,0.0003628842036506151,,,,,,,,,0.0003628842036506151,0.0005443263054759226,0.0005443263054759226,,,,,0.0010886526109518452,0.0016329789164277679,0.0018144210182530754,,0.015224010439321443,,,,,,
GM0569,Nieuwkoop,2012,27576,0.0830794894110821,0.5067812590658544,0.4933637946040035,0.24042645778938207,0.2076080649840441,0.3174862199013635,0.19437191760951553,0.03191180736872643,0.9136568030171164,0.05330722367275892,0.03299970989266028,0.0863069335654192,0.0097911227154047,0.0041702930084131125,0.0003626341746446185,0.001994487960545402,23995,0.006164780968958515,0.3765955903684363,0.007796634754859298,0.006164780968958515,0.019038294168842472,0.016318537859007835,0.18276762402088773,0.0032637075718015664,0.008521903104148534,850.0,0.5065999419785321,0.0009065854366115463,0.007796634754859298,,,0.9760298810559908,0.6703292718305773,0.5566434580794895,0.030098636495503338,6025.0,0.18657528285465622,0.04387873513199884,0.030823904844792572,0.17823469683783,0.10135625181317087,0.01486800116042936,0.020851465042065566,0.040433710472874966,0.01486800116042936,1040.0,0.003626341746446185,0.013780098636495503,0.001450536698578474,,,0.010912265386294195,0.017459624618070713,0.028371890004364905,15.0,0.0032637075718015664,0.0016318537859007832,0.0041702930084131125,0.0027197563098346387,10.0,0.004532927183057731,0.001450536698578474,,,0.0012692196112561649,0.0018131708732230926,0.0009065854366115463,,,,0.0003626341746446185,0.000725268349289237,0.000725268349289237,,,,0.0003626341746446185,0.0010879025239338555,0.001450536698578474,0.0018131708732230926,,0.2509821038847665,,,,,,
GM0569,Nieuwkoop,2013,27552,0.08119192799070848,0.507585656213705,0.49252322880371663,0.23646196283391405,0.20869628339140534,0.31377032520325204,0.20052990708478513,0.03193960511033682,0.9122749709639953,0.05371660859465738,0.03393583042973287,0.08765243902439024,0.009981126596980255,0.004173925667828107,0.0003629500580720093,0.001996225319396051,23930,0.004173925667828107,0.3747459349593496,0.011251451800232288,0.0063516260162601625,0.0195993031358885,0.016877177700348432,0.18655632984901277,0.0038109756097560975,0.008892276422764227,1000.0,0.508855981416957,0.0007259001161440186,0.0078034262485482,,,0.976154181184669,0.662928281068525,0.5489619628339141,0.03284698025551684,6125.0,0.18292682926829268,0.04482433217189315,0.0312137049941928,0.1794788037166086,0.1050740418118467,0.014518002322880372,0.0195993031358885,0.03774680603948897,0.012703252032520325,950.0,0.003448025551684088,0.011432926829268292,0.0014518002322880372,,,0.015645954403218598,0.011175681716584712,0.022351363433169423,45.0,0.0038109756097560975,0.0023591753774680605,0.0032665505226480837,0.004536875725900116,10.0,0.008529326364692218,0.0014518002322880372,0.0003629500580720093,0.0003629500580720093,0.0018147502903600465,0.0021777003484320556,0.0023591753774680605,,,,,0.0007259001161440186,0.0007259001161440186,,,,0.0003629500580720093,0.0012703252032520325,0.0012703252032520325,0.001996225319396051,,0.4179704962002682,,0.1631460511033682,0.09019308943089431,,0.17076800232288036,0.13538037166085948
GM0569,Nieuwkoop,2014,27593,0.07987533069981517,0.5075562642699235,0.4925162178813467,0.23049324103939406,0.20929221179284602,0.31040481281484433,0.20766136338926539,0.03225455731526112,0.9094697930634581,0.054905229587214145,0.035516254122422354,0.0904214837096365,0.009966295799659334,0.004530134454390607,0.0005436161345268727,0.0019932591599318666,23895,0.0038053129416881094,0.37237705215090783,0.012140760337766825,0.006704598992498098,0.019388975464791795,0.016852100170333055,0.1897220309498786,0.0034429021853368607,0.008154242017903091,765.0,0.49559670931033234,0.000724821512702497,0.007973036639727466,,,0.975609756097561,0.6545138259703548,0.5526764034356539,0.03932156706411046,6115.0,0.18120537817562427,0.044757728409379194,0.03207335193708549,0.17830609212481427,0.10745478925814518,0.014315224875874315,0.018845359330264922,0.0373283079041786,0.012865581850469323,955.0,0.0025368752944587396,0.0119595549595912,0.0012684376472293698,,,0.011343012704174229,0.01588021778584392,0.022686025408348458,30.0,0.003624107563512485,0.0018120537817562425,0.002899286050809988,0.005073750588917479,10.0,0.007429420505200594,0.001449643025404994,0.0003624107563512485,,0.0016308484035806182,0.0018120537817562425,0.0009060268908781213,,,,,0.0005436161345268727,0.000724821512702497,,,,,0.002174464538107491,0.0016308484035806182,0.0023556699162831153,,0.40381125226860254,,0.16797738556880368,0.09495161816402711,,0.1757692168303555,0.14061537346428443
GM0569,Nieuwkoop,2015,27986,0.08121918101908097,0.5072178946616165,0.4927463731865933,0.2267205031086972,0.21242764239262488,0.30533123704709497,0.21260630315157578,0.033945544200671765,0.9063460301579361,0.05699278210533838,0.036625455584935324,0.0936182376902737,0.01018366326020153,0.004466518973772601,0.0007146430358036161,0.001965268348459944,24265,0.005359822768527121,0.3755449153148003,0.010540984778103337,0.007682412634888873,0.01911670120774673,0.016258129064532265,0.1908096905595655,0.0035732151790180806,0.01018366326020153,920.0,0.4891731580075752,0.0007146430358036161,0.008754377188594297,1390.0,0.025905810047881082,0.9749517615950832,0.6513971271349961,0.5536696919888515,0.02751375687843922,6350.0,0.18848710069320374,0.04770242263989138,0.03251625812906453,0.18026870578146215,0.11362824269277495,0.01375687843921961,0.018402058171943115,0.04073465304080612,0.013399556921317802,1055.0,0.0026799113842635603,0.012327592367612378,0.0007146430358036161,,,0.015398152221733392,0.01759788825340959,0.03519577650681918,35.0,0.003930536696919888,0.002143929107410848,0.0032158936611162725,0.004466518973772601,10.0,0.007325091116987065,0.0017866075895090403,0.00035732151790180804,,0.0017866075895090403,0.0017866075895090403,0.001071964553705424,,,0.00035732151790180804,,0.000535982276852712,0.0007146430358036161,,,,,0.0017866075895090403,0.0017866075895090403,0.0030372329021653684,,0.4069511658600968,7910.0,0.17437290073608233,0.10005002501250625,,0.18259129564782392,0.14578717930393767
GM0569,Nieuwkoop,2016,28440,0.08154008438818565,0.5079113924050633,0.4920886075949367,0.22433192686357242,0.21659634317862167,0.30010548523206754,0.21343178621659634,0.035864978902953586,0.90014064697609,0.05942334739803094,0.04043600562587905,0.09985935302390998,0.009669479606188467,0.004922644163150493,0.0007032348804500703,0.0022855133614627285,24585,0.005625879043600563,0.3767580872011252,0.008438818565400843,0.008614627285513361,0.019163150492264417,0.016350210970464137,0.19268635724331926,0.004571026722925457,0.011251758087201125,845.0,0.4759142053445851,0.0007032348804500703,0.006856540084388186,35.0,0.025668073136427567,0.9757383966244726,0.6571729957805907,0.5657524613220816,0.02689873417721519,6490.0,0.18934599156118143,0.04781997187060478,0.03375527426160337,0.17985232067510548,0.11638537271448664,0.013713080168776372,0.01740506329113924,0.04254571026722925,0.013888888888888888,1120.0,0.0026371308016877636,0.013185654008438819,0.0010548523206751054,,,0.017248814144027597,0.019404915912031046,0.045278137128072445,30.0,0.004395218002812939,0.0024613220815752463,0.003340365682137834,0.004922644163150493,15.0,0.007032348804500703,0.002109704641350211,0.0005274261603375527,0.0005274261603375527,0.0019338959212376935,0.0026371308016877636,0.0010548523206751054,,,,,0.00035161744022503517,0.0005274261603375527,,,,,0.0022855133614627285,0.0019338959212376935,0.0026371308016877636,0.00035161744022503517,0.44415696420871065,,0.1828410689170183,0.10724331926863573,,0.18934599156118143,0.15471167369901548
GM0569,Nieuwkoop,2017,28776,0.08163052543786489,0.506845982763414,0.4932930219627467,0.22206005004170143,0.21875868779538504,0.2948637753683625,0.21649986099527385,0.03805254378648874,0.8958854601056436,0.06029329997219905,0.043786488740617184,0.10407978871281623,0.009730330831248262,0.005386433138726717,0.0008687795385043091,0.0024325827078120654,24870,0.005386433138726717,0.3824367528495969,0.006776480400333611,0.009382819015846538,0.018591882123992216,0.016680567139282735,0.19495412844036697,0.0052126772310258545,0.011120378092855158,800.0,0.46219071448429244,0.0008687795385043091,0.0059077008618293025,50.0,0.02571587433972755,0.9768557130942452,0.6521059216013344,0.5674867945510147,0.024499582985821517,6610.0,0.18591882123992215,0.04726160689463442,0.03405615790936892,0.18035863219349457,0.11624270225187656,0.013726716708368085,0.017723102585487906,0.043265221017514593,0.014769252154573255,1165.0,0.0027800945232137894,0.013552960800667223,0.001042535446205171,,,0.017028522775649212,0.019157088122605363,0.04682843763303533,50.0,0.00382262996941896,0.0026063386155129272,0.0027800945232137894,0.004865165415624131,15.0,0.006081456769530164,0.0022588268001112037,0.0005212677231025855,0.0006950236308034474,0.00191131498470948,0.002085070892410342,0.0008687795385043091,,,,0.0003475118154017237,0.0005212677231025855,0.0006950236308034474,,,,,0.00191131498470948,0.0015638031693077565,0.0024325827078120654,,0.4384844614729672,8060.0,0.19321656936335835,0.11415763135946622,,0.19651793160967473,0.16419933277731444
GM0569,Nieuwkoop,2018,29165,0.08335333447625579,0.506257500428596,0.4937424995714041,0.21961254928853077,0.2209840562317847,0.2892165266586662,0.22115549459969142,0.03908794788273615,0.8895936910680611,0.06411794959711983,0.04628835933481913,0.11040630893193897,0.0096005486027773,0.005828904508829076,0.001028630207440425,0.002571575518601063,25020,0.004285959197668438,0.3872792731013201,0.005314589405108864,0.008400480027430138,0.018172466998114176,0.016800960054860276,0.1937253557346134,0.003600205726041488,0.009429110234870563,905.0,0.42773872792731016,0.0006857534716269502,0.006171781244642551,40.0,0.025887193553917366,0.9735984913423624,0.6612377850162866,0.5654037373564204,0.02691582376135779,6805.0,0.1923538487913595,0.04834561974969998,0.03394479684553403,0.18155323161323506,0.11932110406308932,0.014057946168352478,0.018172466998114176,0.044059660552031546,0.014915138007886165,1190.0,0.0030858906223212757,0.013543631064632265,0.001028630207440425,,,0.020567667626491155,0.020567667626491155,0.04524886877828054,40.0,0.0013715069432539003,0.0008571918395336877,0.0003428767358134751,0.003257328990228013,15.0,0.005143151037202126,0.0005143151037202125,0.0003428767358134751,0.0005143151037202125,0.0006857534716269502,0.0008571918395336877,0.0006857534716269502,,,,,0.0005143151037202125,0.0008571918395336877,,,,,0.0017143836790673753,0.0013715069432539003,0.002571575518601063,,0.36404771698889343,8120.0,0.19801131493228186,0.12292130978913081,,0.20298302760157724,0.17298131321789817
GM0569,Nieuwkoop,2019,29397,0.0842602986699323,0.5060040140150356,0.49409803721468176,0.21787937544647412,0.22332210769806443,0.2825118209341089,0.22536313229241078,0.04082049188692724,0.885804673946321,0.06684355546484336,0.04745382181855291,0.11429737728339627,0.009694866823145219,0.005952988400176889,0.0011905976800353777,0.0025512807429329525,25215,0.004592305337279314,0.3915365513487771,0.004932476103003708,0.00799401299452325,0.01768887981766847,0.017008538286219683,0.19355716569717998,0.004082049188692724,0.01020512297173181,810.0,0.4027621866176821,0.00034017076572439366,0.0061230737830390855,35.0,0.026023063577916113,0.9711875361431439,0.6539782971051468,0.567745007994013,0.026363234343640508,6865.0,0.18930503112562505,0.04558288260706875,0.033846991189577166,0.18182127427968842,0.11820934108922679,0.012926489097526958,0.018709392114841652,0.040480321121202846,0.014797428309011124,1110.0,0.0025512807429329525,0.013776916011837942,0.0011905976800353777,,,0.014129995962858296,0.018167137666532097,0.05450141299959629,60.0,0.0013606830628975746,0.0008504269143109841,0.0005102561485865905,0.0034017076572439363,10.0,0.004422219954417117,0.0006803415314487873,0.00034017076572439366,0.0006803415314487873,0.0006803415314487873,0.0006803415314487873,0.0005102561485865905,,,,,0.0005102561485865905,0.0008504269143109841,,,,,0.001870939211484165,0.0011905976800353777,0.0023811953600707553,,0.3492127573677836,8185.0,0.20546314249753375,0.12722386638092323,0.22128108310371808,0.20954519168622648,0.17875973738816886
GM0569,Nieuwkoop,2020,29742,0.08345101203685025,0.5053459753883397,0.4947548920718176,0.2133346782328021,0.22779234752202274,0.27721740299912584,0.22863290969000066,0.04202810839889718,0.8812453769080761,0.06943043507497815,0.0492569430435075,0.11868737811848565,0.009582408714948558,0.005883935175845605,0.0015130119023602985,0.0023535740703382424,25480,0.005211485441463251,0.39338309461367765,0.005547710308654428,0.008741846546970614,0.019164817429897115,0.01731558066034564,0.19484231053728734,0.004034698406294129,0.010927308183713267,755.0,0.3891802837737879,0.00033622486719117747,0.005883935175845605,1625.0,0.025721202340125076,0.9693362921121647,0.6238652410732298,0.5238383430838545,0.025889314773720664,6870.0,0.17550938067379462,0.04185999596530159,0.03379059915271333,0.17988030394727994,0.11532512944657387,0.012104095218882388,0.016306906058772108,0.04001075919575012,0.014121444422029453,1085.0,0.0023535740703382424,0.013112769820455922,0.0011767870351691212,,,0.010072522159548751,0.01813053988718775,0.0362610797743755,40.0,0.0011767870351691212,0.0006724497343823549,0.00033622486719117747,0.0033622486719117745,15.0,0.0035303611055073634,0.00033622486719117747,0.0005043373007867661,,0.0008405621679779436,0.0005043373007867661,0.00033622486719117747,,,,,0.0005043373007867661,0.0008405621679779436,,,,,0.0011767870351691212,0.0011767870351691212,0.0013448994687647099,,0.32232070910556004,8250.0,0.21114921659605945,0.1328088225405151,0.22140407504539036,0.21283034093201533,0.18525990182233879
GM0569,Nieuwkoop,2021,29827,0.08250913601770209,0.50574982398498,0.49435075602641904,0.21222382405203338,0.22747845911422537,0.2732423643008013,0.23284272638884232,0.043249404901599224,0.879069299627854,0.06990310792235223,0.05112817246119288,0.1210312803835451,0.009722734435243236,0.005867167331612298,0.0018439668756495792,0.002346866932644919,25595,0.004023200455962718,0.39377074462735107,0.004861367217621618,0.008716934321252557,0.017601501994836892,0.01810440205183223,0.19780735575150032,0.002179233580313139,0.007711134207261877,660.0,0.38388037683977605,0.00033526670466355984,0.005867167331612298,1635.0,0.02514500284976699,0.9711000100580012,0.6334864384617963,0.5459818285446072,0.02514500284976699,7005.0,0.18238508733697656,0.0425788714922721,0.03453247058034667,0.18171455392764946,0.11600227981359171,0.011399067958561035,0.017601501994836892,0.042243604787608545,0.014919368357528414,1180.0,0.002346866932644919,0.014081201595869515,0.0010058001139906796,,0.0040633888663145065,0.012190166598943519,0.01828524989841528,0.04063388866314506,40.0,0.0013410668186542394,0.0008381667616588997,0.0005029000569953398,0.0030174003419720387,10.0,0.0036879337512991583,0.0006705334093271197,0.00033526670466355984,0.0005029000569953398,0.0008381667616588997,0.0006705334093271197,0.0005029000569953398,,,,,0.0005029000569953398,0.0006705334093271197,,,,0.00033526670466355984,0.0008381667616588997,0.0013410668186542394,0.0015087001709860194,,0.32710280373831774,8170.0,0.22027022496395882,0.13812988232138668,0.22010259161162704,0.21926442484996814,0.1905991216012338
GM0569,Nieuwkoop,2022,30082,0.08071271856924407,0.5051193404693837,0.4948141745894555,0.21025862642111562,0.23003789641646166,0.26677082640781863,0.2375174522970547,0.045375972342264474,0.8696230303836181,0.07629146998204907,0.054185227046074064,0.13047669702812312,0.009640316468319926,0.005651219998670301,0.001994548234824812,0.002659397646433083,25690,0.0049863705870620305,0.3945881257895087,0.003158034705139286,0.008310617645103383,0.018117146466325378,0.01861578352503158,0.19679542583604814,0.0028256099993351504,0.007479555880593045,510.0,0.4000731334352769,,0.005651219998670301,1645.0,0.02592912705272256,0.965028920949405,0.6440728674955123,0.5601356292799681,,7115.0,0.18582541054451165,0.04570839704806861,0.036400505285552824,0.18183631407486203,0.1161824346785453,0.010138953527026128,0.017618509407619175,0.04587460940097068,0.01495911176118609,1285.0,0.001994548234824812,0.013463200585067482,0.000997274117412406,,0.008237232289950576,0.01029654036243822,0.012355848434925865,0.028830313014827018,50.0,0.0011634864703144738,0.0006648494116082707,,0.003989096469649624,10.0,0.004653945881257895,0.00033242470580413535,0.000498637058706203,0.00033242470580413535,0.0006648494116082707,0.0006648494116082707,0.000498637058706203,,,,,0.000498637058706203,0.0006648494116082707,,,,,0.000498637058706203,0.0008310617645103384,0.000997274117412406,,0.335667215815486,8200.0,0.2205637923010438,0.142443986437072,0.2200651552423376,0.21823681936041486,0.1949670899541254
GM0569,Nieuwkoop,2023,30080,0.08055186170212766,0.5051529255319149,0.4948470744680851,0.20711436170212766,0.2327127659574468,0.2634640957446808,0.24069148936170212,0.04704122340425532,0.8653590425531915,0.07746010638297872,0.05701462765957447,0.1344747340425532,0.00964095744680851,0.005651595744680851,0.002327127659574468,0.0028257978723404257,25670,0.0029920212765957447,0.3959441489361702,0.002327127659574468,0.008976063829787235,0.01745345744680851,0.01928191489361702,0.19913563829787234,0.0029920212765957447,0.008643617021276596,565.0,0.4044215425531915,,0.005651595744680851,1610.0,0.0269281914893617,,,,,7195.0,0.18633643617021275,0.04404920212765957,0.03939494680851064,0.1830119680851064,0.11735372340425532,0.009308510638297872,0.01778590425531915,0.04654255319148936,0.01579122340425532,1310.0,0.0014960106382978723,0.014793882978723404,0.0004986702127659574,,0.006190672719768881,0.012381345439537762,0.010317787866281469,0.035080478745357,35.0,0.0009973404255319148,0.0006648936170212766,0.0003324468085106383,0.0038231382978723403,,0.004488031914893617,0.0004986702127659574,0.0004986702127659574,0.0003324468085106383,0.0006648936170212766,0.0006648936170212766,0.0008311170212765958,,,,,0.0004986702127659574,0.0008311170212765958,,,,,0.0004986702127659574,0.0006648936170212766,0.0008311170212765958,,0.330169211721007,8190.0,0.22539893617021275,0.1449468085106383,0.21908244680851063,0.22340425531914893,0.19847074468085107
GM0569,Nieuwkoop,2024,29634,0.0771748667071607,0.5036444624417898,0.4963892825808193,0.2046635621245866,0.22879125329013972,0.2591617736383883,0.24701356549908887,0.05061753391374772,0.8630289532293987,0.07761355200107985,0.059222514679084834,0.13683606668016468,0.009954781669703719,0.005567928730512249,0.0026996018087332117,0.003037052034824863,25670,0.01822231220894918,,,,,,,0.025814942296011337,0.026321117635148817,,,,,1540.0,,,,,,,,,,,,,,,,,,,,,,,,,,,,,,,,,,,,,,,,,,0.00033745022609165147,0.0005061753391374772,,,,,,,,,,,,,,,
GM0575,Noordwijk,2009,42068,0.38929827897689456,0.5031140058952173,0.49693353617951885,0.22451744794142817,0.2369972425596653,0.30153560901397736,0.19278311305505372,0.03494342493106399,0.8568270419321099,0.10518684035371303,0.03803365978891319,0.14322050014262622,0.007606731957782637,0.0035656556052106113,0.0013074070552438909,0.002495958923647428,8620,0.026029285918037465,,,,,,,0.007487876770942284,0.008082152705144053,,,0.0014262622420842446,,,,0.9406199486545593,0.6847247313872777,0.5318769611105829,0.032209755633735855,8870.0,0.19682418940762575,0.0480174954835029,0.030783493391651612,0.1697252068080251,0.08557573452505467,0.020324236949700484,0.023176761433868973,0.03815251497575354,,1455.0,0.015807739849767043,,0.005229628220975563,,,,,,,,,,,,,,,,,,,,,,,,,,,,,0.009746125320909004,0.009508414947228297,0.01628316059712846,0.00035656556052106114,,,,,,,
GM0575,Noordwijk,2010,42192,0.391045695866515,0.5037684869169511,0.49630261660978386,0.22219852104664392,0.2308494501327266,0.3030195297686765,0.19802332195676906,0.037210845657944636,0.8534793325748957,0.10689230185817217,0.03969946909366705,0.1465917709518392,0.007702882062950322,0.0037921880925293893,0.001422070534698521,0.002844141069397042,8050,0.025715775502464924,,,,,,,0.005569776260902541,0.013035646568069777,,,0.0011850587789154342,0.007821387940841865,,,0.9391590822904816,0.6860305271141449,0.5439419795221843,0.03436670458854759,9140.0,0.20537068638604475,0.05083902161547213,0.03223359878649981,0.17527019340159272,0.08970894956389837,0.0207385286310201,0.02500474023511566,0.043491657186196436,0.014576222980659841,1690.0,0.01907944634053849,0.013391164201744406,0.005569776260902541,0.0006060973392326808,,0.026668282926237952,0.2197102854718468,0.10303654766955574,,,,,,70.0,,,,,,,,,,,0.0008295411452408039,0.0008295411452408039,0.0008295411452408039,,,,0.0013035646568069776,0.010072999620781191,0.010191505498672733,0.016946340538490708,0.00023701175578308683,0.005757924722710467,,,,,,
GM0575,Noordwijk,2011,42146,0.3929673041332511,0.5038437811417453,0.4961324918141698,0.22006833388696437,0.2229155791771461,0.3053670573719926,0.2031034973662981,0.03879371707872633,0.8539363166136763,0.10546671095714896,0.040573245385089926,0.14603995634223887,0.00806719498884829,0.003677691833151426,0.0014236226450908746,0.0028472452901817493,34735,0.02598111327290846,0.37429412043847576,0.007236748445878612,0.008423100650121008,0.017202106961514734,0.024201584966544867,0.19906989987187396,0.005101314478242301,0.011507616381151236,1710.0,0.5104873534855028,0.0009490817633939164,0.00782992454799981,,,0.9496749394960375,0.6797798130308926,0.5699235989180468,0.04472547809993831,9470.0,0.20927252882835856,0.053148578750059315,0.03309922649836283,0.18103734636738955,0.0953827172210886,0.02076116357424192,0.025269301950363025,0.04520001898163527,0.015778484316423858,1760.0,0.019812081810848006,0.014829402553029943,0.006050396241636217,,,0.02717063156623596,0.23095036831300567,0.09781427363844947,,0.0002372704408484791,,,,70.0,,0.0002372704408484791,,,,,,,0.0002372704408484791,0.0002372704408484791,0.0014236226450908746,0.0020167987472120724,0.0020167987472120724,0.0002372704408484791,0.0002372704408484791,0.0002372704408484791,0.0011863522042423955,0.010202628956484602,0.010914440279030038,0.01826982394533289,0.0004745408816969582,0.009660669001328342,,,,,,
GM0575,Noordwijk,2012,42338,0.39373612357692855,0.5029760498842647,0.49695309178515756,0.2184798526146724,0.22249515801407718,0.30445462704898674,0.20607964476356938,0.03991685955878879,0.8501818697151495,0.10782275969578156,0.04192451225849119,0.14974727195427276,0.008384902451698237,0.0035429165288865796,0.0014171666115546317,0.0027162360054797108,34805,0.025745193443242477,0.3734234021446455,0.00803061079880958,0.008857291322216448,0.017242193773914685,0.023383249090651426,0.20206433936416457,0.00625915253436629,0.012636402286362133,1955.0,0.508172327459965,0.0008266805234068685,0.007322027493032264,,,0.9535169351410081,0.6724455571826727,0.5643866030516321,0.0401530539940479,9635.0,0.20383579762860787,0.053261845150928244,0.03413009589494072,0.18316878454343616,0.10120931550852662,0.02054891586754216,0.02586329066087203,0.0491284425338939,0.01747838820917379,1925.0,0.02054891586754216,0.016179318815248714,0.006377249751995843,,,0.023395320935812838,0.2336532693461308,0.10587882423515296,65.0,0.003306722093627474,0.001653361046813737,0.002598138787850158,0.002007652699702395,60.0,0.0037791109641456848,0.0015352638291841845,,,0.0011809721762955265,0.0008266805234068685,0.0009447777410364212,,0.0003542916528886579,0.0003542916528886579,0.0015352638291841845,0.0031886248759979215,0.0031886248759979215,0.0008266805234068685,0.0008266805234068685,0.0008266805234068685,0.0009447777410364212,0.01027445793377108,0.011337332892437053,0.01877745760309887,0.0007085833057773158,0.235752849430114,,,,,,
GM0575,Noordwijk,2013,42550,0.3936780258519389,0.5021151586368978,0.49788484136310224,0.2164512338425382,0.2217391304347826,0.30235017626321975,0.21069330199764982,0.04054054054054054,0.8481786133960048,0.10846063454759107,0.04336075205640423,0.1518213866039953,0.008225616921269096,0.0036427732079905993,0.001645123384253819,0.00282021151586369,34945,0.023971797884841363,0.3700352526439483,0.010223266745005875,0.009400705052878966,0.01692126909518214,0.02244418331374853,0.2045828437132785,0.007755581668625147,0.014571092831962397,2125.0,0.5217391304347826,0.0005875440658049354,0.00763807285546416,,,0.9539365452408931,0.6605170387779083,0.546180963572268,0.0427732079905993,9695.0,0.20423031727379554,0.0527614571092832,0.03513513513513514,0.18143360752056403,0.10258519388954171,0.019741480611045827,0.025029377203290248,0.04054054054054054,0.01574618096357227,1575.0,0.017156286721504113,0.014336075205640423,0.006815511163337251,,,0.022685212823115038,0.22147931466778104,0.11103814697629992,150.0,0.004112808460634548,0.001645123384253819,0.0021151586368977674,0.004582843713278496,75.0,0.006227967097532315,0.0012925969447708577,,,0.001645123384253819,0.0012925969447708577,0.0017626321974148062,0.00023501762632197415,0.0004700352526439483,0.0005875440658049354,0.0010575793184488837,0.003172737955346651,0.0037602820211515863,,0.0008225616921269095,0.0008225616921269095,0.0008225616921269095,0.010575793184488837,0.011045828437132785,0.01891891891891892,0.0005875440658049354,0.36445585338188763,11530.0,0.16345475910693302,0.11163337250293771,0.2191539365452409,0.1608695652173913,0.1643948296122209
GM0575,Noordwijk,2014,42561,0.3937407485726369,0.5016329503536101,0.4984610324005545,0.21345833039637227,0.2198021663024835,0.30133220554028334,0.21533798547966448,0.04158736871784027,0.8454923521533798,0.11042973614341768,0.04417189445736707,0.15460163060078475,0.008340969432109208,0.0037593101665844317,0.0016446981978806888,0.0031719179530556143,34755,0.00939827541646108,0.36805996099715704,0.01245271492681093,0.00939827541646108,0.016916895749629943,0.021616033457860482,0.2065271022767322,0.005521486807170884,0.014214891567397383,1965.0,0.5069194802753695,0.0005873922135288175,0.008223490989403445,,,0.9581541787082071,0.6655153779281502,0.5587274735086112,0.055684781842531894,9705.0,0.20276779211014778,0.05321773454571086,0.034068748384671416,0.18103428020958154,0.10643546909142172,0.019736378374568268,0.023260731655741173,0.04405441601466131,0.01574211132257231,1715.0,0.017386809520452996,0.013979934681985856,0.0054040083644651205,,,0.0256593865616422,0.20109798305287027,0.11755579424752358,150.0,0.003524353281172905,0.0019971335259979794,0.0027020041822325602,0.004111745494701722,70.0,0.0057564436925824115,0.0018796550832922158,0.00035243532811729045,0.00035243532811729045,0.0017621766405864524,0.0017621766405864524,0.0008223490989403444,0.00023495688541152698,0.0005873922135288175,0.0008223490989403444,0.0012922628697633984,0.0031719179530556143,0.004346702380113249,0.00023495688541152698,0.0008223490989403444,0.0008223490989403444,0.0010573059843518714,0.011865322713282113,0.011630365827870586,0.01879655083292216,0.0005873922135288175,0.37593984962406013,11625.0,0.1650572120015977,0.11818331336199807,0.21933225253166044,0.1650572120015977,0.17069617725147435
GM0575,Noordwijk,2015,42753,0.3941009987603209,0.5016022267443221,0.49844455359857787,0.21331836362360537,0.21928285734334432,0.29717212827170025,0.21904895562884477,0.042920964610670596,0.8409936144831942,0.11309147896054078,0.04596168689916497,0.15905316585970575,0.008303510864734638,0.0037424274319930767,0.0016373120014969709,0.0033915748602437257,34915,0.00994082286623161,0.36523752719107433,0.012630692582976633,0.010057773723481394,0.016607021729469276,0.021168105162210838,0.2087572801908638,0.008186560007484855,0.015437513156971441,1805.0,0.4986784553130774,0.0007017051434987018,0.008888265150983557,780.0,0.028769910883446777,0.9589970294482258,0.660538441746778,0.5576216873669684,0.042336210324421676,9865.0,0.20361144247187332,0.05368044347765069,0.03403269945968704,0.1815077304516642,0.11203892124529273,0.020349449161462353,0.022220662877458892,0.047014244614413024,0.015905316585970577,1865.0,0.018478235445465816,0.014735808013472738,0.005613641147989614,,,0.02700457000415455,0.16588521573980652,0.12582349100836845,145.0,0.0031576731457441582,0.0016373120014969709,0.0024559680022454566,0.004561083432741562,65.0,0.0065492480059878835,0.0016373120014969709,0.0003508525717493509,0.0003508525717493509,0.0014034102869974036,0.0015203611442471873,0.0010525577152480528,,0.0005847542862489182,0.0008186560007484854,0.0010525577152480528,0.0026898697167450237,0.004444132575491778,0.0002339017144995673,0.0003508525717493509,0.0008186560007484854,0.0011695085724978363,0.011110331438729446,0.01157813486772858,0.0185951863027156,0.0007017051434987018,0.3656003323639385,11730.0,0.170280448155685,0.12256449839777325,0.22127102191659065,0.16829228358243867,0.17682969616167288
GM0575,Noordwijk,2016,43057,0.3930371368186358,0.5016605894511926,0.49829296049422855,0.21216062428873353,0.22087000952226118,0.2917063427549527,0.22307638711475486,0.04389530157697935,0.835055856190631,0.1170541375386116,0.04784355621617856,0.16489769375479016,0.008361009824186543,0.0037160043663051305,0.0016257519102584946,0.0033676289569640246,34980,0.007896509278398403,0.3656780546717142,0.010102886870892074,0.010799637689574286,0.01683814478482012,0.021134774833360428,0.2097219964233458,0.007315883596163225,0.01567689342034977,1615.0,0.4815709408458555,0.000696750818682212,0.007896509278398403,2570.0,0.028218408156629585,0.95652274891423,0.657384397426667,0.5694776691362612,0.042734050212509,9975.0,0.20252223796362961,0.05469493926655364,0.034837540934110595,0.18103908772092808,0.11403488399098868,0.018812272104419724,0.021947650788489675,0.04900480758064891,0.016489769375479017,1965.0,0.019973523468890076,0.015560768283902734,0.0062707573681399075,,,0.03250014772794422,0.1264551202505466,0.12409147314305974,170.0,0.0037160043663051305,0.002206377592493671,0.002438627865387742,0.00522563114011659,70.0,0.006735257913928049,0.0019741273195996007,0.000696750818682212,0.0004645005457881413,0.0015096267738114592,0.0017418770467055298,0.0004645005457881413,0.00023225027289407066,0.0004645005457881413,0.0009290010915762826,0.001393501637364424,0.0031353786840699538,0.004645005457881413,0.00023225027289407066,0.000348375409341106,0.000696750818682212,0.0010451262280233178,0.011380263371809462,0.01242538959983278,0.018463896695078617,0.000696750818682212,0.49872953967972583,11765.0,0.17720695821817592,0.12913115172910328,0.21982488329423788,0.17221357735095338,0.1863808439974917
GM0575,Noordwijk,2017,43640,0.3946608615948671,0.5017186067827681,0.4982813932172319,0.20967002749770852,0.22433547204399634,0.2863198900091659,0.22651237396883592,0.04422548120989918,0.828826764436297,0.12098991750687443,0.050183318056828595,0.17117323556370304,0.008363886342804766,0.004010082493125573,0.0017186067827681026,0.0033226397800183317,35390,0.009624197983501375,0.36617781851512377,0.009280476626947755,0.011686526122823098,0.017529789184234645,0.020737855178735106,0.2115032080659945,0.00813473877176902,0.01764436296975252,1620.0,0.47135655362053164,0.0005728689275893675,0.007218148487626031,2675.0,0.02807057745187901,0.9586388634280477,0.6505499541704858,0.5732126489459212,0.04170485792850596,10105.0,0.20187901008249312,0.05545371219065078,0.03391384051329056,0.18091200733272228,0.11560494958753437,0.01856095325389551,0.021310724106324473,0.05052703941338222,0.018102658111824016,2030.0,0.019133822181484877,0.016842346471127406,0.0068744271310724105,,,0.03948208790570749,0.046739824653080186,0.12105904894617663,110.0,0.003093492208982585,0.0019477543538038496,0.0024060494958753438,0.00458295142071494,80.0,0.006989000916590284,0.0017186067827681026,0.00045829514207149406,0.00045829514207149406,0.0016040329972502293,0.002062328139321723,0.00045829514207149406,,0.00045829514207149406,0.0008020164986251146,0.001145737855178735,0.003093492208982585,0.004353803849679193,,0.0003437213565536205,0.00045829514207149406,0.0010311640696608615,0.012488542621448212,0.01237396883593034,0.01890467461044913,0.0008020164986251146,0.5013644545085061,11755.0,0.18492208982584785,0.13611365719523372,0.21688817598533455,0.1773602199816682,0.19489000916590285
GM0575,Noordwijk,2018,43356,0.39666943444967245,0.5025832641387582,0.49739367100286,0.20862164406310546,0.22026939754589908,0.28427437955530954,0.23237844819632808,0.04543777101208599,0.8257219300673494,0.12305101946674048,0.05131930989943722,0.1743703293661777,0.008072700433619337,0.0040363502168096685,0.0019605129624504104,0.0033444044653565827,35285,0.009341267644616662,0.36846111264876835,0.007496078974075099,0.01095580773134053,0.016606698034874065,0.022026939754589907,0.2126579942799151,0.01787526524587139,0.03321339606974813,1545.0,0.43938555217270964,0.0005766214595442384,0.006804133222622013,2640.0,0.027677830058123444,0.9566150013838916,0.6505443306578098,0.5763908109604207,0.04324660946581788,10125.0,0.20712242826829044,0.05570163299197343,0.03402066611311007,0.18105913829689085,0.11889934495802196,0.018797859581142173,0.02294953408986069,0.05120398560752837,0.019259156748777564,2055.0,0.019720453916412955,0.01799058953778024,0.006919457514530861,0.001162925921618793,,0.04419118502151413,0.03430631468775439,0.12123502732875915,135.0,0.0018451886705415628,0.0006919457514530861,0.0004612971676353907,0.0038057016329919734,85.0,0.0040363502168096685,0.0004612971676353907,0.0004612971676353907,0.00034597287572654304,0.0009225943352707814,0.0005766214595442384,0.00034597287572654304,0.00034597287572654304,0.0006919457514530861,0.001037918627179629,0.0011532429190884768,0.003113755881538887,0.00449764738444506,,0.0004612971676353907,0.0005766214595442384,0.0011532429190884768,0.01441553648860596,0.013146969277608635,0.019951102500230647,0.0006919457514530861,0.45935573903942317,11615.0,0.18809392010333056,0.1432327705507888,0.21438785865854784,0.1816357597564351,0.2019328351323923
GM0575,Noordwijk,2019,44519,0.396100541341899,0.5025943978975269,0.4974280644219322,0.20676565062108312,0.226195556953211,0.2801051236550686,0.2323726948044655,0.046609312877647746,0.8167299355331431,0.12882140209798063,0.054471124688335315,0.18329252678631597,0.008423369797165256,0.0044924638918214695,0.002133920348615198,0.0031447247242750286,35785,0.005727891462072374,0.3750084233697972,0.006738695837732204,0.011118848132258137,0.0165098048024439,0.02133920348615198,0.20946112895617602,0.00584020305936791,0.014263572856533166,1610.0,0.41802376513398776,0.00044924638918214695,0.006626384240436668,2880.0,0.029088703699544013,0.9518407870796739,0.6454547496574496,0.574810754958557,0.04436308093173701,10335.0,0.19924077360228218,0.05267413913160673,0.03346885599406995,0.17992317886744985,0.11624250320088052,0.017295985983512657,0.02235000786181181,0.047732428850603116,0.018306790359172487,1980.0,0.016285181607852826,0.017071362788921584,0.006064826253958984,0.0019848020868776226,,0.04791879324033118,0.03402517863218782,0.11256663264148803,140.0,0.001684673959433051,0.0006738695837732204,0.0005615579864776837,0.0037062827107527123,90.0,0.00415552909993486,0.00044924638918214695,0.00044924638918214695,0.00022462319459107347,0.0011231159729553674,0.0007861811810687572,0.00044924638918214695,0.0003369347918866102,0.0007861811810687572,0.0010108043756598306,0.0013477391675464408,0.003032413126979492,0.004717087086412543,,0.0003369347918866102,0.00044924638918214695,0.0011231159729553674,0.013926638064646555,0.012915833688986725,0.019542217929423393,0.0006738695837732204,0.46019054100034024,11960.0,0.19126665019429906,0.14926211280576832,0.2133920348615198,0.18430333116197578,0.20979806374806262
GM0575,Noordwijk,2020,45064,0.3969909462098349,0.5020637315817504,0.49784750576957215,0.20271169891709567,0.22656666074915677,0.2783818569146103,0.2358867388602876,0.04770992366412214,0.8180587608734244,0.12648677436534705,0.05547665542339784,0.18196342978874488,0.008432451624356472,0.0044381324338718265,0.0022190662169359133,0.0035505059470974615,36330,0.005991478785726966,0.37435647079708856,0.00665719865080774,0.01076247115213918,0.019194922776495652,0.022079708858512338,0.2126974968933073,0.006546245339960945,0.01586632345109178,1495.0,0.4005414521569324,0.0004438132433871827,0.005991478785726966,2780.0,0.029069767441860465,0.952977986863128,0.6178989881058051,0.5286925261849814,0.04227321143262915,10390.0,0.18617965560092314,0.04737706373158175,0.03273122669980472,0.17863483046334103,0.11328333037457838,0.016310136694478963,0.019971595952423222,0.046045624001420205,0.017530623113793716,1910.0,0.01564441682939819,0.016088230072785373,0.005214805609799396,0.0016769144773616546,0.003912800447177194,0.03856903297931805,0.03940749021799888,0.0869200670765791,95.0,0.0008876264867743654,0.0004438132433871827,0.000332859932540387,0.0032176460145570745,90.0,0.0027738327711698918,0.0004438132433871827,0.0005547665542339783,,0.000665719865080774,0.0007766731759275697,0.0005547665542339783,0.000332859932540387,0.0007766731759275697,0.0011095331084679566,0.0012204864193147524,0.0032176460145570745,0.00488194567725901,0.00022190662169359134,0.000332859932540387,0.0005547665542339783,0.001331439730161548,0.01253772412568791,0.011650097638913545,0.0179744363571809,0.0005547665542339783,0.4183901621017328,11995.0,0.1973859399964495,0.15921800106515177,0.21158796378483935,0.18595774897922954,0.2234599680454465
GM0575,Noordwijk,2021,45339,0.3968327488475705,0.5022166346853703,0.49780542138115086,0.2014821676702177,0.2262952425064514,0.27570083151370783,0.23919804142129292,0.04852334634641258,0.814640816956704,0.12660182183109464,0.05877941727872251,0.18538123910981716,0.008491585610622202,0.004852334634641258,0.0026467279825315953,0.0036392509759809438,36615,0.004521493636824809,0.37484285052603716,0.006065418293301573,0.011469154590970247,0.018857936875537617,0.02106354352764728,0.21438496658505923,0.006285978958512539,0.014005602240896359,1275.0,0.39447274972981317,0.00022056066521096627,0.00595513796069609,2815.0,0.030327091466507864,0.9541454377026402,0.6260614482013278,0.5601138093032488,0.04289904938353294,10510.0,0.19012329341185294,0.048743907011623545,0.03407662277509429,0.17964666181433203,0.11502238690751891,0.015218685899556673,0.019850459868986967,0.05172147599197159,0.018747656542932135,2145.0,0.015990648227795053,0.01687289088863892,0.00562429696287964,0.0016674077367718986,0.009448643841707426,0.044464206313917294,0.035293463761671855,0.08948421520675856,135.0,0.0008822426608438651,0.000771962328238382,0.00022056066521096627,0.0037495313085864268,80.0,0.002977568980348045,0.0005514016630274157,0.00044112133042193254,0.0003308409978164494,0.000771962328238382,0.0005514016630274157,0.00044112133042193254,0.00022056066521096627,0.0006616819956328988,0.0011028033260548314,0.0012130836586603144,0.003198129645559011,0.004631773969430292,,0.0003308409978164494,0.00044112133042193254,0.0020953263195041794,0.01577008756258409,0.014005602240896359,0.021173823860252763,0.000771962328238382,0.46270564695420185,11865.0,0.20434945631796025,0.1667438628994905,0.20909151061999603,0.19067469507488036,0.23114757714109266
GM0575,Noordwijk,2022,46261,0.39073949979464345,0.4996649445537278,0.5003134389658676,0.19995244374310975,0.22945893949547136,0.2732323123149089,0.23951060288363848,0.04928557532262597,0.8002421045805322,0.13769698017768747,0.06193121635935237,0.19962819653703984,0.008430427357817601,0.004755625689025313,0.003026307256652472,0.003566719266768985,36920,0.004539460884978708,0.3738570285986036,0.004431378482955405,0.010700157800306954,0.02021140917835758,0.02031949158038088,0.21216575517174294,0.005944532111281641,0.013618382654936123,1050.0,0.4080110676379672,0.00021616480404660512,0.0063768617193748515,2725.0,0.029830742958431508,0.9394522383865459,0.6309850630120404,0.5635416441494996,,10780.0,0.19519681805408443,0.04971790493071918,0.03512678065757333,0.17790363373035603,0.11445926374267741,0.01394262986100603,0.019130585158124554,0.05155530576511532,0.01761743152979832,2230.0,0.016644689911588594,0.01653660750956529,0.005296037699141826,0.002212878955521133,0.01189422438592609,0.04259791989378181,0.026554547466253596,0.08381279044036291,85.0,0.001729318432372841,0.0008646592161864205,0.0003242472060699077,0.003566719266768985,80.0,0.003890966472838892,0.00043232960809321024,0.0005404120101165129,0.00021616480404660512,0.0006484944121398154,0.000756576814163118,0.00043232960809321024,0.00021616480404660512,0.000756576814163118,0.0010808240202330257,0.0008646592161864205,0.0028101424526058667,0.004431378482955405,,0.00021616480404660512,0.0003242472060699077,0.0014050712263029333,0.016212360303495384,0.012969888242796308,0.02064373878645079,0.0008646592161864205,0.4400863022792653,11995.0,0.20351916300987874,0.16936512397051512,0.20870711830699726,0.18990078035494262,0.2316205875359374
GM0575,Noordwijk,2023,46634,0.38553415962602394,0.4990993695586911,0.5009220740232448,0.1976026075395634,0.23191233863704594,0.26900973538619893,0.24199082214693143,0.051357378736544154,0.7964146331003131,0.14002659004160056,0.0635802204400223,0.20360681048162285,0.008470214864690998,0.004610370116224214,0.0031093193807093535,0.003645408929107518,37305,0.005039241754942745,0.38073079727237635,0.003645408929107518,0.010829008877642921,0.019084787922974654,0.02155079984560621,0.21218424325599347,0.005039241754942745,0.014045546168031909,985.0,0.4096796328858773,,0.0058969850323798085,2775.0,0.03002101471029721,,,,,10935.0,0.19084787922974653,0.04513873997512544,0.03634687138139555,0.17766007633915168,0.11579534245400351,0.012437277522837414,0.019620877471372818,0.05232233992366085,0.018870352103615387,2250.0,0.016189904361624565,0.017262083458420896,0.00557533130334091,0.0019467156126592136,0.013905111518994382,0.04449635686078202,0.021970076200011124,0.07953723788864786,75.0,0.0012866149161555947,0.0007505253677574302,0.00032165372903889867,0.00407428056782605,75.0,0.004610370116224214,0.00042887163871853156,0.00042887163871853156,,0.0006433074580777973,0.0008577432774370631,0.00042887163871853156,0.00032165372903889867,0.0006433074580777973,0.0011793970064759617,0.001072179096796329,0.002787665651670455,0.004395934296864948,,,0.00021443581935926578,0.0012866149161555947,0.01672599391002273,0.014045546168031909,0.02069305656816915,0.000964961187116696,0.33678180099004396,12070.0,0.2051078612171377,0.1760518076939572,0.20746665523008964,0.1929922374233392,0.23748766994038684
GM0575,Noordwijk,2024,45891,0.3755856268113573,0.49868165871303743,0.5012965505218888,0.19470048593406114,0.22771349502081017,0.26748164128042534,0.24776099888867098,0.053932143557560305,0.7947092022400907,0.1389161273452311,0.0663528796496045,0.20526900699483558,0.008607352204135887,0.004793968316227582,0.0033775685864330697,0.003922337713277113,37205,0.021354949772286504,,,,,,,0.04085768451330326,0.03715325445076376,,,,,2730.0,,,,,,,,,,,,,,,,,,,,,,,,,,,,,,,,,,,,,,,0.0004358153014752348,0.0008716306029504696,,0.0018522150312697478,0.0033775685864330697,,,0.0002179076507376174,,,,,,,,,,,,
GM0579,Oegstgeest,2009,23552,0.1536599864130435,0.4802139945652174,0.5197010869565217,0.2570906929347826,0.22312330163043478,0.28829823369565216,0.1717476222826087,0.05073879076086957,0.778914741847826,0.14669667119565216,0.07430366847826086,0.22100033967391305,0.004033627717391304,0.010190217391304348,0.0038213315217391305,0.005731997282608696,4130,0.019955842391304348,,,,,,,0.0048828125,0.010614809782608696,,,0.0008491847826086956,,,,0.9247622282608695,0.6657608695652174,0.5252207880434783,0.04076086956521739,4680.0,0.19191576086956522,0.04458220108695652,0.02377717391304348,0.15625,0.0732421875,0.019106657608695652,0.016559103260869564,0.02993376358695652,,630.0,0.002759850543478261,,0.0006368885869565217,,,,,,,,,,,,,,,,,,,,,,,,,,,,,0.0008491847826086956,0.0008491847826086956,0.0010614809782608695,,,,,,,,
GM0579,Oegstgeest,2010,23529,0.1557227251476901,0.4796208933656339,0.5204216073781291,0.25479195885928,0.21462875600323006,0.2900675761825832,0.17871562752348166,0.05206341110969442,0.7830762038335671,0.14535254366951422,0.07161375324068171,0.21696629691019592,0.004462578095116665,0.009987674784308726,0.003825066938671427,0.00573760040800714,4185,0.007862637596157932,,,,,,,0.005100089251561903,0.013600238004165073,,,0.0006375111564452378,0.0036125632198563476,,,0.9350163627863488,0.6634366101406775,0.5367843937268902,0.04228824004420077,4785.0,0.19635343618513323,0.04653831442050236,0.025075438820179353,0.16171533001827532,0.07862637596157933,0.018912830974542053,0.018275319818096818,0.03145055038463173,0.010412682221938883,670.0,0.0027625483445960306,0.009562667346678566,0.0008500148752603171,,,0.013646288209606987,0.03138646288209607,0.03275109170305677,,,,,,,,,,,,,,,,,,,,,,,,0.001487526031705555,0.0008500148752603171,0.0019125334693357134,,0.0054585152838427945,,,,,,
GM0579,Oegstgeest,2011,23596,0.16155280556026444,0.4799542295304289,0.5200033904051534,0.25300898457365656,0.21105272080013562,0.29178674351585016,0.18265807764027803,0.052763180200033906,0.781700288184438,0.1468469232073233,0.07141040854382098,0.21825733175114426,0.004661807085946771,0.00995931513815901,0.004238006441769792,0.00487370740803526,19225,0.009111713849805051,0.355780640786574,0.006992710628920156,0.008476012883539583,0.008476012883539583,0.01525682319037125,0.2008815053398881,0.004449906763858281,0.013349720291574843,655.0,0.5051703678589592,0.0006357009662654687,0.004449906763858281,,,0.9440159349042211,0.6632480081369724,0.5509408374300729,0.052763180200033906,4920.0,0.19621969825394134,0.04661807085946771,0.026487540261061197,0.1667655534836413,0.0834887269028649,0.01991863027631802,0.01949482963214104,0.0345397525004238,0.011866418036955416,745.0,0.004026106119681302,0.011018816748601458,0.0012714019325309374,,,0.015739769150052464,0.027544596012591814,0.03541448058761805,,,,,,,,,,,,,,,,,0.0004238006441769792,0.0004238006441769792,0.0004238006441769792,,,,0.0004238006441769792,0.0019071028987964062,0.0012714019325309374,0.0019071028987964062,,0.007869884575026232,,,,,,
GM0579,Oegstgeest,2012,23797,0.16855065764592175,0.4824137496323066,0.5175022061604404,0.2473000798419969,0.21011051813253773,0.2941547253855528,0.18447703492036813,0.05378829264192966,0.7814010169349077,0.147707694247174,0.0708072446106652,0.21851493885783924,0.005252762953313443,0.010715636424759423,0.0042022103626507545,0.004412320880783292,19315,0.009875194352229272,0.3565575492709165,0.008614531243434047,0.009034752279699122,0.008614531243434047,0.014077404714880027,0.20254653947976636,0.005042652435180905,0.01575828885994033,770.0,0.5048955750724882,0.00042022103626507544,0.00462243139891583,,,0.9494894314409379,0.652183048283397,0.5500693364709838,0.04727486657982099,5035.0,0.1855275875110308,0.04412320880783292,0.026263814766567216,0.16808841450603018,0.08992730176072614,0.017859394041265707,0.018699836113795856,0.03319746186494096,0.0128167416060848,720.0,0.0039920998445182165,0.011556078497289575,0.001470773626927764,,,0.018698578908002993,0.031164298180004987,0.032410870107205184,40.0,0.00273143673572299,0.0018909946631928394,0.0025213262175904525,0.0018909946631928394,,0.0039920998445182165,0.0018909946631928394,,,0.0008404420725301509,0.0006303315543976131,0.00042022103626507544,,,,0.00042022103626507544,0.0008404420725301509,0.0008404420725301509,,,,,0.002311215699457915,0.0016808841450603018,0.00273143673572299,,0.2393418100224383,,,,,,
GM0579,Oegstgeest,2013,23560,0.1707130730050934,0.48132427843803055,0.5186757215619694,0.2480899830220713,0.199490662139219,0.29626485568760613,0.19206281833616298,0.05560271646859083,0.7807724957555179,0.1494057724957555,0.0700339558573854,0.2194397283531409,0.0055178268251273345,0.010611205432937181,0.0050933786078098476,0.004456706281833617,19220,0.011460101867572157,0.35356536502546687,0.00933786078098472,0.010823429541595925,0.009125636672325976,0.01400679117147708,0.2071307300509338,0.007640067911714771,0.01697792869269949,885.0,0.5127334465195246,0.00042444821731748726,0.00466893039049236,,,0.9530984719864176,0.6404923599320883,0.5294991511035654,0.04944821731748727,5000.0,0.18484719864176571,0.0466893039049236,0.027164685908319185,0.1678692699490662,0.09146859083191851,0.017190152801358233,0.01803904923599321,0.030560271646859084,0.011460101867572157,650.0,0.0038200339558573855,0.010186757215619695,0.0010611205432937182,,,0.018647439085032323,0.028592739930382895,0.03605171556439582,95.0,0.0031833616298811546,0.0019100169779286927,0.00233446519524618,0.004881154499151104,,0.007427843803056027,0.0019100169779286927,,,0.0012733446519524619,0.0008488964346349745,0.0010611205432937182,,,,0.00042444821731748726,0.0010611205432937182,0.0010611205432937182,,,,0.00042444821731748726,0.0029711375212224107,0.0019100169779286927,0.0027589134125636672,,0.37667826951765293,,0.13200339558573854,0.19567062818336162,,0.11544991511035653,0.2612478777589134
GM0579,Oegstgeest,2014,23589,0.17249565475433465,0.4809445080334054,0.5190978846072322,0.24524142608843105,0.20009326380940268,0.29632455805672137,0.19394633091695282,0.05468650642248506,0.7808724405443215,0.14795031582517276,0.07121963627114333,0.21916995209631607,0.005723006486074018,0.010598160159396328,0.005087116876510238,0.004875153673322311,19300,0.00932638094026877,0.35525032854296495,0.010598160159396328,0.010810123362584256,0.009538344143456695,0.013353681800839375,0.20624019670185256,0.005934969689261944,0.014625461019966934,755.0,0.5116791724956548,0.00042392640637585314,0.005299080079698164,,,0.9587095680189919,0.6492432913646191,0.5513162914917971,0.060621476111747,5030.0,0.18695154521175125,0.045784051888592144,0.02840306922718216,0.16787485692483786,0.0941116622154394,0.01716901945822205,0.016957056255034127,0.03370214930688033,0.011446012972148036,725.0,0.0036033744541947516,0.010598160159396328,0.001059816015939633,,,0.01966085033177685,0.03440648808060948,0.04423691324649791,85.0,0.002543558438255119,0.0023315952350671924,0.002967484844630972,0.0040273008605706045,,0.0074187121115774305,0.002119632031879266,0.0006358896095637797,,0.001059816015939633,0.0012717792191275594,0.0006358896095637797,,,0.00042392640637585314,0.00042392640637585314,0.0008478528127517063,0.001059816015939633,,,,,0.0036033744541947516,0.0019076688286913392,0.0036033744541947516,,0.3956746129270091,,0.13184111238289034,0.2087837551401077,,0.11700368815973547,0.27067701047098225
GM0579,Oegstgeest,2015,23761,0.17179411640924203,0.4812507891082025,0.5187071251209966,0.245991330331215,0.19969698245023357,0.29375868019022766,0.1967509784941711,0.0540802154791465,0.7771137578384748,0.1481419132191406,0.0747022431715837,0.2228441563907243,0.005681579058120449,0.010311013846218594,0.0050502924961070665,0.004839863642102605,19430,0.009048440722191827,0.35541433441353476,0.010311013846218594,0.01157358697024536,0.009890156138209672,0.013046588948276587,0.20516813265434958,0.005681579058120449,0.014309162072303355,750.0,0.5018728168006397,0.0006312865620133833,0.005260721350111527,1090.0,0.021884600816463953,0.9610285762383738,0.6365472833634948,0.5441690164555364,0.043769201632927905,5050.0,0.18391481839989898,0.04671520558899036,0.028197466436597787,0.16729093893354657,0.09448255544800303,0.016203021758343504,0.017886452590379194,0.03703547830478515,0.012625731240267666,815.0,0.004629434788098144,0.011784015824249821,0.0014730019780312277,,,0.022048015678588925,0.026947574718275354,0.04532092111709946,95.0,0.0025251462480535333,0.0021042885400446108,0.002735575102057994,0.004419005934093683,,0.007154581036151677,0.0021042885400446108,0.0008417154160178443,,0.0010521442700223054,0.0014730019780312277,0.0006312865620133833,,,,,0.0008417154160178443,0.0012625731240267666,,,,,0.0037877193720802995,0.0025251462480535333,0.004419005934093683,,0.37236648701616853,,0.13172846260679263,0.21674171962459493,,0.12078616219856067,0.27713480072387525
GM0579,Oegstgeest,2016,24184,0.17230400264637777,0.4802762156797883,0.5197651339728746,0.24561693681773072,0.2040605358914985,0.28841382732385046,0.1990985775719484,0.053341051935163745,0.7693102877935826,0.15030598742970558,0.0804250744293748,0.23073106185908038,0.006202447899437645,0.010750909692358585,0.005168706582864704,0.005168706582864704,19840,0.009096923585841878,0.3582947403241813,0.008476678795898114,0.013231888852133642,0.01013066490241482,0.012818392325504465,0.20302679457492556,0.008683427059212703,0.018193847171683757,805.0,0.4839976844194509,0.0004134965266291763,0.005168706582864704,1225.0,0.019641085014885876,0.961379424412835,0.634510420112471,0.5561528283162421,0.04300363876943434,5060.0,0.18441945087661263,0.046518359245782334,0.026670525967581873,0.16519186238835593,0.09345021501819385,0.016333112801852463,0.016333112801852463,0.03742143565994046,0.012611644062189878,825.0,0.004134965266291763,0.011577902745616937,0.0012404895798875288,,,0.01919846412287017,0.037197024238060955,0.04679625629949604,95.0,0.0024809791597750577,0.0020674826331458815,0.0024809791597750577,0.0043417135296063515,,0.0074429374793251735,0.0020674826331458815,0.0008269930532583526,,0.0014472378432021172,0.0014472378432021172,0.0008269930532583526,,0.0004134965266291763,0.0004134965266291763,,0.0008269930532583526,0.0012404895798875288,,,,,0.0037214687396625867,0.0022742308964604696,0.004755210056235528,,0.4775617950563955,,0.13707409857757194,0.23135130664902415,,0.1240489579887529,0.2944095269599735
GM0579,Oegstgeest,2017,24424,0.1733131346216836,0.48108417949557813,0.518956763838847,0.24320340648542418,0.20594497215853258,0.2829184408778251,0.20430723878152637,0.05384048476907959,0.7644120537176547,0.15271863740583033,0.08291025221094006,0.2356288896167704,0.006960366852276449,0.01084998362266623,0.005322633475270226,0.00491320013101867,20025,0.007165083524402227,0.3580494595479856,0.006960366852276449,0.014125450376678677,0.010440550278414675,0.013511300360301343,0.20717327219128726,0.00593678349164756,0.016991483786439568,820.0,0.4679823124795283,0.00040943334425155587,0.00491320013101867,1255.0,0.020266950540452015,0.9609400589584016,0.6309367834916476,0.553963314772355,0.0454471012119227,5100.0,0.18342613822469703,0.047084834588928925,0.026817884048476907,0.16459220438912545,0.09416966917785785,0.016377333770062234,0.016172617097936454,0.03991975106452669,0.014125450376678677,890.0,0.004299050114641337,0.012897150343924009,0.0012283000327546676,,,0.021261516654854713,0.03425466572171037,0.04724781478856603,85.0,0.002661316737635113,0.002251883393383557,0.002456600065509335,0.0038896167703897804,,0.0063462168358991156,0.002251883393383557,0.0006141500163773338,,0.0014330167048804455,0.0016377333770062235,0.0006141500163773338,,0.00040943334425155587,0.0006141500163773338,0.00040943334425155587,0.0006141500163773338,0.0012283000327546676,,,,,0.0038896167703897804,0.002251883393383557,0.004708483458892892,,0.47602173399480274,,0.14166393711103833,0.24217982312479527,,0.12590075335735343,0.3099410415984278
GM0579,Oegstgeest,2018,24909,0.18053715524509215,0.4819543137018748,0.5178851017704444,0.2440884820747521,0.20755550202737966,0.2792163475049179,0.20675257938897587,0.05198924083664539,0.7579589706531775,0.1557669918503352,0.0863141836284074,0.2420811754787426,0.007025573086033161,0.01104018627805211,0.0060219197880284235,0.005419727809225581,20480,0.007828495724436951,0.3651290698141234,0.005821189128427476,0.013448954193263479,0.009635071660845478,0.013047492874061584,0.20193504355855313,0.0046168051708217915,0.015255530129672006,880.0,0.4462242562929062,0.0004014613192018949,0.004416074511220844,1125.0,0.01886868200248906,0.9604962061905336,0.6325023084025854,0.5542173511582159,0.048376088963828334,5110.0,0.17905174836404514,0.045365129069814124,0.02669717772692601,0.1607852583403589,0.09273756473563773,0.01585772210847485,0.01585772210847485,0.03593078806856959,0.013047492874061584,820.0,0.0038138825324180014,0.011642378256854952,0.0014051146172066322,,,0.0200133422281521,0.035579275072270405,0.03446742272626195,80.0,0.0010036532980047372,0.0008029226384037898,0.0004014613192018949,0.0028102292344132644,,0.004416074511220844,0.0004014613192018949,0.0006021919788028423,,0.0006021919788028423,0.0004014613192018949,0.0004014613192018949,,0.0004014613192018949,0.0006021919788028423,0.0004014613192018949,0.0008029226384037898,0.0014051146172066322,,,,,0.003613151872817054,0.0024087679152113694,0.005218997149624633,,0.400266844563042,,0.14191657633786986,0.2555301296720061,,0.12625958488899594,0.3233770926171263
GM0579,Oegstgeest,2019,25347,0.1857419023947607,0.4827001223024421,0.5172209728962007,0.24519667021738273,0.2069278415591589,0.2781394247839981,0.2071251035625518,0.05227443089912021,0.750581922910009,0.15761234071093225,0.0917268315777015,0.24933917228863375,0.007298694125537539,0.010849410186609855,0.006509646111965913,0.005523336095001381,20900,0.007890480135716258,0.36434292026669823,0.0061151221051801005,0.013216554227324732,0.00946857616285951,0.013611078234110546,0.19785378940308518,0.004339764074643942,0.013216554227324732,760.0,0.42865033337278574,0.0003945240067858129,0.003945240067858129,1355.0,0.018148104312147393,0.9567207164555963,0.6267013847792638,0.5578569455951394,0.04734288081429755,5200.0,0.1767467550400442,0.0428058547362607,0.026630370458042372,0.15978222274825424,0.09113504556752279,0.015386436264646704,0.01558369826803961,0.03452085059375863,0.012230244210360201,795.0,0.0037479780644652226,0.010849410186609855,0.0011835720203574387,,,0.02017841971112999,0.02867459643160578,0.03929481733220051,90.0,0.0007890480135716258,0.0005917860101787194,,0.00335345405767941,10.0,0.005128812088215568,,0.0005917860101787194,,0.0007890480135716258,0.0005917860101787194,0.0003945240067858129,,0.0003945240067858129,0.0005917860101787194,0.0003945240067858129,0.0007890480135716258,0.0015780960271432516,,,,,0.003945240067858129,0.0027616680475006906,0.004142502071251036,,0.3929481733220051,,0.1438040004734288,0.26373929853631595,0.2144237976880893,0.12644494417485305,0.3327809997238332
GM0579,Oegstgeest,2020,25643,0.18991537651600826,0.48297781070857543,0.5169051982997309,0.24607105252895528,0.2086339351869906,0.2739539055492727,0.2086339351869906,0.05303591623444995,0.7430877822407674,0.16027765862028623,0.09671255313340872,0.25699021175369496,0.007409429473930507,0.011504114183207893,0.006239519556994111,0.0054595796123698475,21275,0.00682447451546231,0.3652068790703116,0.006044534570838045,0.01364894903092462,0.011309129197051827,0.013258979058612487,0.1982997309207191,0.004094684709277385,0.015403813906329212,760.0,0.40498381624614904,0.00038996997231213195,0.0033147447646531217,1165.0,0.0183285886986702,0.9599110868463129,0.5974339975821862,0.508130873922708,0.04718636664976797,5130.0,0.1589127637171938,0.036072222438872203,0.02632297313106891,0.15520804898022852,0.08871816870101003,0.014233903989392817,0.014623873961704949,0.03295246266037515,0.01111414421089576,765.0,0.00292477479234099,0.01013921928011543,0.0009749249307803299,,0.002053388090349076,0.015400410677618069,0.030800821355236138,0.030800821355236138,45.0,0.00038996997231213195,0.000584954958468198,0.000584954958468198,0.00292477479234099,,0.0031197597784970556,0.00038996997231213195,0.0009749249307803299,,0.000584954958468198,0.0007799399446242639,0.00038996997231213195,,0.00038996997231213195,0.0007799399446242639,0.00038996997231213195,0.0009749249307803299,0.0015598798892485278,,,,,0.003509729750809188,0.002144834847716726,0.0033147447646531217,,0.35010266940451745,,0.14409390476933276,0.2766836953554576,0.21682330460554539,0.12459540615372616,0.3466833053854853
GM0579,Oegstgeest,2021,26044,0.19121486714790356,0.48245277223160804,0.5175856243280602,0.24612194747350638,0.20791737060359392,0.2735754876363078,0.2098371985870066,0.05356320073721395,0.7337582552603287,0.16491322377514975,0.10136691752418983,0.2662801412993396,0.008063277530333281,0.010751036707111044,0.006527415143603133,0.0057594839502380585,21525,0.005183535555214253,0.3684149900168945,0.004415604361849178,0.013438795883888804,0.01113500230379358,0.013246813085547536,0.19831823068653048,0.00422362156350791,0.014590692673936416,780.0,0.4043157733067117,0.00038396559668253726,0.003071724773460298,1255.0,0.019006297035785595,0.9581861465212717,0.6020580555982183,0.5291045922285363,0.046267854400245736,5200.0,0.1628014129933958,0.036476731684841036,0.026877591767777608,0.1541621870680387,0.09003993242205498,0.011710950698817385,0.014974658270618953,0.03474888649976962,0.010943019505452312,835.0,0.003071724773460298,0.010367071110428505,0.0009599139917063431,,0.002008032128514056,0.015060240963855422,0.023092369477911646,0.030120481927710843,70.0,0.0007679311933650745,0.0005759483950238058,0.00038396559668253726,0.0032637075718015664,,0.0038396559668253723,0.0007679311933650745,0.00038396559668253726,,0.0005759483950238058,0.00038396559668253726,0.00038396559668253726,,0.00038396559668253726,0.0005759483950238058,,0.0007679311933650745,0.0013438795883888805,,,,0.00038396559668253726,0.0032637075718015664,0.002687759176777761,0.004415604361849178,,0.3885542168674699,,0.14571494394102288,0.28413454154507756,0.21521271694056213,0.12747657809860236,0.3532483489479343
GM0579,Oegstgeest,2022,26388,0.18876004244353495,0.481847809610429,0.5182279824162498,0.2442398059724117,0.20937547370016674,0.27209337577686826,0.2122176747006215,0.05343337880854934,0.7204032135819312,0.1709110201606791,0.10876155828406851,0.27967257844474763,0.008337122934667273,0.01042140366833409,0.007579202667879339,0.006252842201000455,21730,0.008905563134758224,0.3647491283916932,0.0030316810671517356,0.01307412460209186,0.013263604668788844,0.013453084735485827,0.1963013490980749,0.0034106412005457027,0.010989843868425041,595.0,0.424056389267849,0.00037896013339396695,0.002842201000454752,1290.0,0.019895407003183267,0.9449370926178566,0.6106942549643778,0.5398287100197059,,5285.0,0.1688267394270123,0.03884341367288161,0.02671668940427467,0.15177353342428376,0.08962407154767318,0.01042140366833409,0.013832044868879794,0.03619069273912384,0.011937244201909959,870.0,0.002842201000454752,0.011179323935122025,0.0007579202667879339,,0.004015257980325236,0.01806866091146356,0.016061031921300945,0.02810680586227665,55.0,0.0007579202667879339,0.0007579202667879339,0.00037896013339396695,0.002842201000454752,,0.00435804153403062,0.0005684402000909505,0.0007579202667879339,,0.00037896013339396695,0.0005684402000909505,,,0.00037896013339396695,0.00037896013339396695,,0.0007579202667879339,0.0013263604668788842,,,,,0.0034106412005457027,0.0026527209337577685,0.0037896013339396694,,0.3784380646456535,,0.1466575716234652,0.2855464605123541,0.2133545551008034,0.126004244353494,0.3545172047900561
GM0579,Oegstgeest,2023,26541,0.18857616517840323,0.4837798123657737,0.516182510078746,0.24245506951508985,0.20967559624731547,0.2718435627896462,0.2126898006857315,0.05369051655928563,0.7147432274594024,0.17463546965072907,0.1105836253343883,0.2852190949851174,0.008289062205644097,0.010361327757055122,0.007535511096040089,0.005840021099431069,21855,0.00678195998643608,0.36999359481556837,0.002825816661015033,0.013375532195471157,0.011114878866659132,0.013940695527674164,0.19611167627444331,0.004332918880223051,0.012056817753664142,515.0,0.420293131381636,,0.0030142044384160356,1300.0,0.020722655514110244,,,,,5350.0,0.16408575411627294,0.03504012659658641,0.028446554387551337,0.1525940996948118,0.09174484759428808,0.009984552202253118,0.013940695527674164,0.034851738819185414,0.011680042198862138,845.0,0.002637428883614031,0.010926491089258129,0.0007535511096040089,,0.005994005994005994,0.014985014985014986,0.014985014985014986,0.026973026973026972,50.0,0.0009419388870050111,0.00037677555480200445,,0.003579367770619042,,0.004332918880223051,0.00037677555480200445,0.0007535511096040089,,0.0005651633322030067,0.00037677555480200445,0.0005651633322030067,,,0.00037677555480200445,,0.0005651633322030067,0.0009419388870050111,,,,,0.002637428883614031,0.0022606533288120267,0.002637428883614031,,0.3146853146853147,,0.14505858859877171,0.29181266719415244,0.21532722956934555,0.12508948419426547,0.35944387928111227
GM0579,Oegstgeest,2024,26175,0.18326647564469914,0.48404966571155683,0.5159503342884432,0.24164278892072588,0.20458452722063036,0.2699140401146132,0.21948424068767908,0.055396370582617004,0.7075453677172875,0.1723018147086915,0.11996179560649475,0.2922636103151863,0.008404966571155683,0.010315186246418338,0.008404966571155683,0.0059216809933142316,21895,0.028271251193887296,,,,,,,0.033428844317096466,0.0332378223495702,,,,,1400.0,,,,,,,,,,,,,,,,,,,,,,,,,,,,,,,,,,,,,,,,0.00038204393505253105,,0.00038204393505253105,0.0005730659025787965,,,,,,,,,,,,,,,
GM0603,Rijswijk,2009,48299,0.20766475496387088,0.4727841156131597,0.5272365887492495,0.17774695128263526,0.24545021636058717,0.2829251123211661,0.21594649992753473,0.06770326507795192,0.7102631524462204,0.1488643657218576,0.14078966438228535,0.2896540301041429,0.020290275160976416,0.036543199652166715,0.01118035570094619,0.012940226505724756,8630,0.013664879190045342,,,,,,,0.007143005031160065,0.00952400670821342,,,0.002588045301144951,,,,0.938632269819251,0.7318992111637922,0.6079836021449719,0.0528996459554028,13160.0,0.265533447897472,0.06832439595022671,0.046584815420609126,0.2177063707323133,0.12319095633449968,0.02018675334893062,0.023602973146441955,0.05621234394086834,,2550.0,0.006832439595022671,,0.0030021325493281435,,,,,,,,,,,,,,,,,,,,,,,,,,,,,0.001966914428870163,0.0030021325493281435,0.0036232634216029317,,,,,,,,
GM0603,Rijswijk,2010,48276,0.20942083022619937,0.47259507829977626,0.527384207473693,0.17855663269533514,0.2444278730632198,0.280884911757395,0.21729223630789626,0.06856408981688623,0.7037658463832961,0.15038528461347253,0.14593172590935455,0.29631701052282705,0.02102493992874306,0.03769989228602204,0.01097854006131411,0.013360676112353965,8560,0.011807109122545364,,,,,,,0.0061106968265804956,0.012739249316430525,,,0.0025892783163476677,0.01729637915320242,,,0.9457080122628221,0.731522909934543,0.6114839671886652,0.053753417847377576,13315.0,0.27373850360427543,0.07301764852100423,0.0494034302759135,0.22153865274670645,0.12770320656226697,0.0200927997348579,0.024857071836937607,0.05831054768414947,0.023717789377744634,2645.0,0.007249979285773469,0.02237136465324385,0.003107133979617201,0.001483679525222552,,0.009396636993076163,0.1251236399604352,0.01483679525222552,,0.0003107133979617201,,0.0003107133979617201,,25.0,,,,,,,,,,,0.0003107133979617201,0.0003107133979617201,0.0003107133979617201,,,,0.0005178556632695335,0.001760709255116414,0.003417847377578921,0.003935703040848454,0.0003107133979617201,0.011374876360039565,,,,,,
GM0603,Rijswijk,2011,48564,0.21149411086401448,0.473190017296763,0.5268305740878017,0.17904208879005024,0.24380199324602586,0.2799398731570711,0.2181657194629767,0.06846635367762129,0.6983568075117371,0.14939049501688492,0.15227328885594268,0.3016637838728276,0.021929824561403508,0.03912363067292645,0.011325261510583972,0.01420805534964171,36800,0.010089778436702083,0.3787785190676221,0.01111934766493699,0.02378304917222634,0.008442467671526233,0.02821019685363644,0.24297833786343795,0.006074458446585948,0.013693270735524257,2780.0,0.5119018202783955,0.002573923070587266,0.018017461494110865,,,0.9561609422617576,0.7243019520632568,0.6273165307635286,0.06362737830491723,13580.0,0.2730417593278972,0.07721769211761799,0.0506548060291574,0.22444609175520963,0.13188781813689152,0.020385470719051148,0.025739230705872664,0.06352442138209373,0.025739230705872664,2870.0,0.008236553825879253,0.024091919940696812,0.003500535375998682,0.002434037581540259,,0.012656995424009347,0.13192483691948204,0.027748028429558952,,0.0004118276912939626,,0.0004118276912939626,,40.0,,,,,0.0002059138456469813,0.0002059138456469813,,,,,0.0010295692282349066,0.0013384399967053785,0.0013384399967053785,,,,0.0005147846141174533,0.002882793839057738,0.0031916646075282103,0.003912363067292645,0.0004118276912939626,0.014117417972933501,,,,,,
GM0603,Rijswijk,2012,48874,0.21301714613086714,0.4735646765151205,0.5264557842615706,0.1793387076973442,0.24379015427425624,0.27775504358145436,0.21964643777877807,0.06874820968203953,0.6914719482751566,0.15079592421328314,0.15775258828825142,0.30854851250153453,0.023529893194745674,0.04010312231452306,0.012378769898105333,0.013913328149936571,36905,0.009923476695175348,0.37299995907844663,0.013504112616114908,0.02332528542783484,0.009411957277898269,0.02711052911568523,0.24379015427425624,0.005729017473503294,0.014527151450669067,3105.0,0.5053811842697549,0.0025575970863853993,0.018823914555796538,,,0.9593035151614355,0.7195032123419405,0.6277366288824324,0.05053811842697549,13550.0,0.2651716659164382,0.07631869705774032,0.050947333960797155,0.22363628923353931,0.1359618611122478,0.019437737856529035,0.025575970863853992,0.06353071162581332,0.026292098048041904,2905.0,0.009002741744076606,0.024757539796210665,0.003887547571305807,0.005282873883392565,,0.011046009028911728,0.12534818941504178,0.027855153203342618,140.0,0.00634284077423579,0.0016368621352866556,0.008695830093710357,0.003887547571305807,45.0,0.005012890289315382,0.0016368621352866556,,,0.0013299504849204075,0.0020460776691083194,0.0011253427180095757,,,,0.0007161271841879118,0.0016368621352866556,0.0016368621352866556,,,,0.0007161271841879118,0.003171420387117895,0.00429676310512747,0.005217498056226215,0.0004092155338216639,0.3241763519354529,,,,,,
GM0603,Rijswijk,2013,48869,0.2153103194254026,0.47473858683418935,0.5252818760359328,0.1797663140232049,0.24279195399946796,0.27655568970103744,0.21987353946264504,0.06906218666230125,0.6850968916900284,0.15019746669667888,0.16472610448341485,0.31492357118009373,0.025885530704536617,0.04102805459493748,0.012584665125130451,0.01319855122879535,37020,0.008901348503141051,0.3634205733696208,0.0159610386952874,0.027215617262477235,0.00951523460680595,0.027522560314309684,0.24156418179213818,0.006548118439092267,0.015449466942233318,3675.0,0.5126972109108023,0.0023532300640487836,0.019235097914833535,,,0.9601178661319036,0.7085268779799054,0.6096912152898566,0.0521803188115165,13655.0,0.25936687879842024,0.07335938938795555,0.05187337575968405,0.2239661134870777,0.1381243733246025,0.019132783564222718,0.02527164460087172,0.05238494751273814,0.02179295668010395,2410.0,0.00767357629581125,0.020462870122163336,0.0036833166219894004,0.0009503896597605018,,0.012355065576886523,0.12925299372742824,0.030412469112336058,205.0,0.007264318893367983,0.0022509157134379667,0.008696719801919417,0.0061388610366490005,35.0,0.007878204997032883,0.0017393439603838835,0.0006138861036649,0.0004092574024432667,0.0022509157134379667,0.0024555444146596,0.0023532300640487836,0.00020462870122163335,0.00030694305183245,0.00030694305183245,0.0010231435061081667,0.0021486013628271503,0.0023532300640487836,,,,0.0009208291554973501,0.003478687920767767,0.005115717530540834,0.006445804088481451,0.0005115717530540833,0.47091807641132866,,0.16104278786142545,0.14201231864781355,,0.1497882092942356,0.1970574392764329
GM0603,Rijswijk,2014,49496,0.21573460481655082,0.4738766769031841,0.5261031194439955,0.1826410214966866,0.2446662356554065,0.27163811217068046,0.21951268789397124,0.06960158396638112,0.6794488443510587,0.15122434136091806,0.16930661063520283,0.3205309519961209,0.02666882172296751,0.04151850654598351,0.013334410861483756,0.013536447389688056,37505,0.007172296751252627,0.3587158558267335,0.015960885728139647,0.02798205915629546,0.010202844674317117,0.02778002262809116,0.23860513980927753,0.006768223694844028,0.0158598674640375,3665.0,0.5028689187005011,0.002424438338451592,0.019900598028123485,,,0.9599765637627283,0.7033901729432681,0.608129949894941,0.05535800872797802,13615.0,0.25759657346048165,0.0756626798125101,0.05182236948440278,0.22011879747858412,0.1384960400840472,0.01828430580248909,0.024648456440924518,0.05475189914336512,0.02161790851786003,2535.0,0.00888960724098917,0.020304671084532083,0.003636657507677388,,,0.01592058437909721,0.13157894736842105,0.03137291627645627,160.0,0.006970260223048327,0.002525456602553742,0.0070712784871504765,0.0068692419589461776,30.0,0.006566187166639728,0.001818328753838694,0.0008081461128171974,0.0004040730564085987,0.0023234200743494425,0.0027274931307580412,0.0010101826410214966,,0.0004040730564085987,0.0004040730564085987,0.000909164376919347,0.0020203652820429932,0.0027274931307580412,,0.00020203652820429934,0.00020203652820429934,0.0008081461128171974,0.004444803620494585,0.005353967997413932,0.006970260223048327,0.0005050913205107483,0.44671286757819817,12665.0,0.1655689348634233,0.14819379343785358,,0.15344674317116536,0.2045619848068531
GM0603,Rijswijk,2015,50644,0.21497117131348234,0.4746860437564173,0.5253337019192796,0.18590553668746546,0.24869678540399653,0.26834373272253376,0.21710370428876077,0.06841876629018245,0.6718466155911855,0.15243661638101255,0.17573651370349894,0.3281731300845115,0.02794013111128663,0.043341758154964063,0.013229602717004976,0.013624516230945422,38445,0.007207171629413159,0.35877892741489614,0.015204170286707211,0.02912487165310797,0.010958850011847406,0.027742674354316404,0.23329515836031908,0.00849064054971961,0.018264750019745677,3540.0,0.4946291762104099,0.0024682094621277942,0.019252033804596794,3655.0,0.0201405892109628,0.9608245794171076,0.6981083642682253,0.6010583682173604,0.04580996761709186,13795.0,0.255311586762499,0.07483611089171471,0.05104257167680278,0.21700497591027565,0.1375286312297607,0.01796856488429034,0.02359608245794171,0.05854592844167127,0.022016428402179922,2800.0,0.008786825685174946,0.02073295948187347,0.003751678382434247,0.0013777900248002205,,0.01974832368880316,0.1350234224304216,0.03765959401120603,115.0,0.006318616223047153,0.0022707527051575704,0.006318616223047153,0.0060224310875918174,40.0,0.007700813521838717,0.0016783824342469,0.0009872837848511175,0.0004936418924255588,0.0025669378406129057,0.0024682094621277942,0.0012834689203064529,0.00019745675697022352,0.0004936418924255588,0.0005923702709106706,0.0008885554063660058,0.002073295948187347,0.002863122976068241,0.00019745675697022352,0.0002961851354553353,0.00039491351394044705,0.0008885554063660058,0.004640233788800253,0.005824974330621594,0.006812258115472711,0.00039491351394044705,0.43721870120326994,13260.0,0.17129373667166892,0.15450991232919992,,0.1602361582813364,0.21098254482268383
GM0603,Rijswijk,2016,52337,0.20931654470068975,0.4770047958423295,0.5230525249823261,0.19020960314882396,0.25708389858035424,0.26071421747520873,0.21390221067313755,0.06525020539962169,0.6595716223704071,0.15352427536924165,0.18686588837724746,0.3403901637464891,0.029902363528669967,0.04432810440032864,0.013661463209584042,0.014139136748380687,39770,0.00917133194489558,0.35768194585092766,0.01394806733286203,0.029233620574354663,0.011273095515600818,0.026940787588130767,0.22632172268185033,0.008789193113858266,0.02034889275273707,3645.0,0.4749030322716243,0.0020062288629459084,0.01738731681219787,3640.0,0.018151594474272503,0.9552515428855303,0.6910025412232264,0.6070275331027762,0.04528345147792193,13785.0,0.2508741425759979,0.07394386380572061,0.04958251332709173,0.21027189177828304,0.13508607677169115,0.01652750444236391,0.02311939927775761,0.05894491468750597,0.02311939927775761,2905.0,0.00831151957506162,0.021781913369127003,0.0038213883103731584,,,0.025559105431309903,0.13920584208124145,0.03057964399817435,140.0,0.007069568374190344,0.002674971817261211,0.00649636012763437,0.006687429543153028,40.0,0.007929380744024304,0.0018151594474272504,0.0006687429543153027,0.0011464164931119475,0.002483902401742553,0.002674971817261211,0.0008598123698339607,0.00019106941551865793,0.0004776735387966448,0.0006687429543153027,0.0007642776620746317,0.0017196247396679214,0.002579437109501882,,0.00028660412327798687,0.00038213883103731586,0.0008598123698339607,0.004203527141410475,0.005732082465559738,0.007069568374190344,0.00028660412327798687,0.47740757644910997,14065.0,0.17798116055562985,0.1609759825744693,0.2206851749240499,0.16479737088484248,0.22020750138525327
GM0603,Rijswijk,2017,53495,0.20962706795027572,0.47911019721469295,0.520889802785307,0.19497149266286568,0.25871576782876904,0.2584353677913824,0.21207589494345266,0.06365080848677447,0.6493130199084026,0.15300495373399384,0.1976820263576035,0.3506869800915973,0.029442003925600525,0.04542480605664081,0.015702402093653613,0.014674268623235816,40945,0.01364613515281802,0.3635853818113842,0.01196373492849799,0.029348537246471632,0.010748668099822414,0.02710533694737826,0.22170296289372837,0.006916534255537901,0.018132535751004767,3500.0,0.46125806150107485,0.002056266940835592,0.01523506869800916,3600.0,0.01850640246752033,0.9511169268155902,0.6822132909617721,0.604635947284793,0.04411627254883634,13920.0,0.24591083278811104,0.07253014300401907,0.04860267314702309,0.2065613608748481,0.13300308440041125,0.015515468735395832,0.02215160295354706,0.05907094120945883,0.023366669782222637,2990.0,0.008879334517244602,0.02215160295354706,0.0038321338442845127,0.0008917424647761727,,0.029873372570001784,0.1306402710897093,0.02898163010522561,115.0,0.006636134218151229,0.0028040003738667163,0.0053276007103467615,0.005421067389475652,50.0,0.008412001121600149,0.001869333582577811,0.0006542667539022339,0.0009346667912889055,0.002336666978222264,0.002243200299093373,0.00046733339564445275,0.0001869333582577811,0.0005608000747733433,0.000841200112160015,0.0007477334330311244,0.0015889335451911393,0.002430133657351154,,0.00028040003738667165,0.00028040003738667165,0.001028133470417796,0.004019067202542294,0.005701467426862323,0.006636134218151229,0.00028040003738667165,0.46147672552166935,14660.0,0.17954949060659875,0.1723525563136742,0.22469389662585287,0.16777268903635853,0.23123656416487523
GM0603,Rijswijk,2018,54842,0.20903686955253273,0.48019765872871156,0.5198570438714853,0.20139673972502825,0.259655008934758,0.25327303891178293,0.2096933007548959,0.062269793224171255,0.6426643813135918,0.15152620254549434,0.20586411874111082,0.35739032128660514,0.030359943109295795,0.047500091171000326,0.016866635060719885,0.015772583056781298,42225,0.012308085044309107,0.36842201232631927,0.009481784034134423,0.028445352102403267,0.010484665037744794,0.026804274096495388,0.2145253637722913,0.007749535027898326,0.018781226067612414,3640.0,0.4415411545895482,0.001823420006564312,0.014405018051858065,3620.0,0.018507713066627768,0.9507311914226323,0.6836001604609606,0.6037343641734437,0.044491448160169214,13945.0,0.2453411618832282,0.07357499726486999,0.047408920170672116,0.20194376572699754,0.13019218846869188,0.015590241056124868,0.022519237081069253,0.0601728602166223,0.023795631085664272,3105.0,0.00829656102986762,0.02242806608074104,0.004011524014441486,,,0.029221912072575018,0.12255757152826238,0.0314026517794836,100.0,0.0022792750082053902,0.0006381970022975093,0.000455855001641078,0.004011524014441486,55.0,0.004832063017395427,0.0003646840013128624,0.0006381970022975093,0.0008205390029539404,0.000911710003282156,0.0006381970022975093,0.0003646840013128624,,0.0003646840013128624,0.0006381970022975093,0.0006381970022975093,0.0015499070055796653,0.0021881040078771744,,0.0001823420006564312,0.0002735130009846468,0.0010028810036103715,0.003646840013128624,0.005287918019036505,0.006108457021990445,0.0002735130009846468,0.38119330076762037,15420.0,0.17960687064658473,0.18252434265708764,0.23011560482841617,0.1711279676160607,0.23941504686189416
GM0603,Rijswijk,2019,55848,0.2103387766795588,0.4815749892565535,0.5183712935109583,0.2068113450795015,0.25891706059303826,0.2522919352528291,0.2079752184500788,0.06150623119896863,0.6296554934823091,0.15354175619538749,0.21674903308981522,0.3702907892852027,0.0324093969345366,0.04771880819366853,0.019338203695745595,0.0162046984672683,43195,0.014772238934250108,0.3693059733562527,0.007430883827531872,0.0275748460106002,0.010743446497636441,0.02694814496490474,0.2089600343790288,0.005461251969631858,0.015488468700759204,3620.0,0.4269624695602349,0.0017010456954591033,0.013697894284486463,3370.0,0.0186219739292365,0.9502578427159433,0.6757627847013322,0.5963508093396361,0.043152843432173044,14090.0,0.24011602922217448,0.0689371150265005,0.04655493482309125,0.19830611660220598,0.1289213579716373,0.014861767655063744,0.023187938690731987,0.05613450795015041,0.02372511101561381,2945.0,0.007520412548345509,0.022292651482595616,0.0034020913909182065,,,0.028517919468800546,0.12045628671150081,0.02468715416702137,85.0,0.0018801031370863773,0.0008057584873227331,0.0004476436040681851,0.003939263715800029,40.0,0.004834550923936399,0.00026858616244091106,0.0007162297665090961,0.0006267010456954592,0.0009848159289500072,0.0006267010456954592,0.00026858616244091106,0.00017905744162727402,0.0004476436040681851,0.0006267010456954592,0.0005371723248818221,0.0014324595330181922,0.0019696318579000144,,0.00017905744162727402,0.00026858616244091106,0.0005371723248818221,0.004834550923936399,0.006714654061022776,0.0072518263859045985,0.00026858616244091106,0.3660509066144548,15910.0,0.1811166022059877,0.18595115312992408,0.23277467411545624,0.17296948861194672,0.2437867067755336
GM0603,Rijswijk,2020,56573,0.21073657044880068,0.4817669206158415,0.5182684319374967,0.2107012178954625,0.25851554628533047,0.2505612217842434,0.20760786947837306,0.06089477312498895,0.6220281759850105,0.15281141180421756,0.2251957647641101,0.37800717656832766,0.0357060788715465,0.0488749049900129,0.021123150619553496,0.016792462835628304,43990,0.01334558888515723,0.36793169886695065,0.00751241758436003,0.027928517137150232,0.013522351651848055,0.027574991603768584,0.2077846322450639,0.0060983154508334365,0.016792462835628304,3330.0,0.39939547133791736,0.001414102133526594,0.012550156435048521,3725.0,0.018383327735845723,0.9533699821469606,0.6465098191716897,0.5530023155922437,0.04118572463896205,13935.0,0.22130698389691195,0.060452866208261895,0.04640022625634137,0.1932017039930709,0.1253248015837944,0.013964258568575116,0.02032771816944479,0.05241016032382939,0.02209534583635303,2755.0,0.006893747900942146,0.020769625086171847,0.0030933484170894243,,0.0008387854386847844,0.023066599563831572,0.10149303808085891,0.021808421405804395,75.0,0.0013257207501811818,0.00044190691672706063,0.0003535255333816485,0.0032701111837802484,40.0,0.003446873950471073,0.0005302883000724727,0.0005302883000724727,,0.0011489579834903577,0.0006186696834178849,0.00017676276669082426,0.00017676276669082426,0.0003535255333816485,0.000707051066763297,0.0005302883000724727,0.001414102133526594,0.0020327718169444787,,,0.00026514415003623635,0.0005302883000724727,0.0041539250172343695,0.005568027150760963,0.006363459600869673,0.00026514415003623635,0.3271263210870659,16355.0,0.1866614816255104,0.19125731355947184,0.2355363866155233,0.17702791084086048,0.25197532391776994
GM0603,Rijswijk,2021,58492,0.2116357792518635,0.4840832934418382,0.5158825138480476,0.2125076933597757,0.2642241674075087,0.248153593653833,0.2040449976065103,0.05846953429528824,0.6070060863024004,0.15275593243520483,0.24020378855228067,0.3929597209874855,0.03863776242905013,0.051374546946590986,0.024276824181084594,0.018293099911098953,45345,0.007693359775695821,0.37056349586268206,0.0060692060452711485,0.027097722765506396,0.01282226629282637,0.026926759214935377,0.20182247144908705,0.005641797168843603,0.01760924570881488,3270.0,0.384155098133078,0.0011967448539971278,0.012223893865827805,3680.0,0.019147917663954045,0.9541475757368529,0.6493195650687273,0.571018258907201,0.039919989058332765,14170.0,0.22037201668604253,0.059837242699856394,0.04616015865417493,0.1883163509539766,0.12189701155713602,0.013078711618682896,0.01940436298981057,0.05590508103672297,0.020857553169664228,3025.0,0.007094987348697257,0.01957532654038159,0.0027354168091362923,,0.0016156393892883109,0.023022861297358428,0.11632603602875838,0.021811131755392198,65.0,0.0013677084045681462,0.0006838542022840731,0.00042740887642754566,0.0035902345619913834,30.0,0.00393216166313342,0.00025644532585652736,0.0006838542022840731,0.00025644532585652736,0.0010257813034261095,0.0006838542022840731,0.00025644532585652736,,0.00034192710114203654,0.0005983724269985639,0.0005128906517130547,0.0011967448539971278,0.00196608083156671,,,0.00025644532585652736,0.0007693359775695821,0.004188606988989947,0.007094987348697257,0.006838542022840731,0.00034192710114203654,0.33968818159786734,16950.0,0.19165014019011148,0.19806127333652465,0.2361861451138617,0.1798536552007112,0.26037748751966083
GM0603,Rijswijk,2022,59583,0.2097074668949197,0.4821845157175704,0.517765134350402,0.2161690415051273,0.26685463974623636,0.24587550140140643,0.20215497709078092,0.05731500595807529,0.5922830337512378,0.15734353758622427,0.2504069952838897,0.407750532870114,0.04061561183559069,0.05160868032828156,0.026853297081382274,0.018545558296829634,46030,0.00646157461020761,0.3720859976839031,0.003440578688552104,0.025762381887451117,0.01468539684138093,0.026853297081382274,0.19502207005353875,0.005118909756138496,0.015524562375174127,2485.0,0.3969252974841817,0.0010069986405518351,0.012083983686622023,3615.0,0.01930080727724351,0.949431884933622,0.6579057784938657,0.5783528858902707,,14310.0,0.22229494990181764,0.0599164191128342,0.0470771864457983,0.18478425054126177,0.12235033482704798,0.012419649900139301,0.01896514106372623,0.05454575969655774,0.021986136985381738,3015.0,0.0072168235906214856,0.02072738868469194,0.0031049124750348253,,0.004001600640256103,0.02921168467386955,0.13845538215286116,0.022408963585434174,55.0,0.0020139972811036703,0.0006713324270345569,0.0005034993202759176,0.002937079368276186,40.0,0.005286742862897135,0.00041958276689659803,0.0005874158736552372,0.00016783310675863922,0.0010069986405518351,0.0005874158736552372,0.0002517496601379588,,0.00033566621351727844,0.0005034993202759176,0.00041958276689659803,0.0011748317473104744,0.0018461641743450312,,,0.00016783310675863922,0.0007552489804138764,0.004951076649379857,0.0069650739304835275,0.0067133242703455685,0.0005034993202759176,0.34853941576630654,17475.0,0.19250457345215918,0.19997314670291863,0.24042092543175067,0.17983317389188191,0.2627427286306497
GM0603,Rijswijk,2023,60783,0.20663672408403666,0.48327657404208413,0.516756329894872,0.2163433854860734,0.2723623381537601,0.24340687363243013,0.202194692594969,0.05437375581988385,0.5809190069591826,0.16024217297599658,0.2588717240017768,0.4191138969777734,0.04162348024941184,0.052975338499251436,0.028873204678939834,0.019824622016024217,47045,0.003537173222776105,0.37716137735880095,0.0032081338532155374,0.02541829129855387,0.013243834624812859,0.02788608657025813,0.1902670154483984,0.005675929124919796,0.01711004721714953,2040.0,0.4013457710215027,0.0007403385815112778,0.012421236200911439,3430.0,0.019248803119293223,,,,,14475.0,0.21091423588832403,0.05313985818403172,0.048368787325403485,0.1822055508941645,0.12116874784067913,0.011598637777010019,0.018426204695391805,0.054949574716614845,0.021716598390997485,3120.0,0.004935590543408519,0.020564960597535493,0.0021387559021436913,0.0015923566878980893,0.009952229299363057,0.027070063694267517,0.028264331210191083,0.029856687898089172,65.0,0.0017274566901929816,0.0004935590543408519,0.0003290393695605679,0.003619433065166247,25.0,0.005429149597749371,0.0003290393695605679,0.0006580787391211358,0.00016451968478028395,0.0012338976358521297,0.0003290393695605679,0.00024677952717042594,0.00016451968478028395,0.0003290393695605679,0.0005758188967309939,0.00024677952717042594,0.0009048582662915617,0.0014806771630225556,,,0.00016451968478028395,0.0005758188967309939,0.0027968346412648275,0.004030732277116957,0.003948472434726815,0.00016451968478028395,0.35429936305732485,17850.0,0.19577842488853792,0.20490926739384369,0.23995196025204416,0.1831926690028462,0.26816708619186286
GM0603,Rijswijk,2024,60110,0.1994010979870238,0.4836133754782898,0.5163866245217102,0.21726834137414738,0.2670936616203627,0.2439693894526701,0.20495757777408086,0.0545666278489436,0.5736982199301282,0.16162036266844118,0.2646814174014307,0.4263017800698719,0.042089502578605886,0.0524039261354184,0.030111462319081683,0.019963400432540343,47185,0.01064714689735485,,,,,,,0.03443686574613209,0.03568457827316586,,,0.0004990850108135085,,4690.0,,,,,,,,,,,,,,,,,,,,,,,,,,,,,,,,,,,,,,,0.00024954250540675427,0.0004159041756779238,,0.0006654466810846781,0.0011645316918981866,,,,,,,,,,,,,,,
GM0626,Voorschoten,2009,24041,0.8055821305270163,0.479805332556882,0.5201530718356142,0.24520610623518158,0.19591531134312218,0.2969926375774718,0.19737115760575683,0.05303439956740568,0.7903165425731042,0.1364335926126201,0.07320826920677176,0.20964186181939187,0.01123081402603885,0.010606879913481136,0.007071253275654091,0.005823385050538663,4810,0.01331059440123123,,,,,,,0.005823385050538663,0.006239341125577139,,,0.0012478682251154279,,,,0.9618984235264756,0.7069173495278899,0.5638284597146541,0.03826795890353979,5390.0,0.21941682958279607,0.05345035564244416,0.029116925252693316,0.1823967389043717,0.08360717108273366,0.01851004533921218,0.01954993552680837,0.032860529928039596,,705.0,0.04034773927873216,,0.012686660288673516,,,,,,,,,,,,,,,,,,,,,,,,,,,,,0.010814857951000375,0.009982945800923423,0.015598352813942848,0.00041595607503847596,,,,,,,
GM0626,Voorschoten,2010,24547,0.8093453375157861,0.480303092027539,0.519615431620972,0.24666965413288794,0.19513586181610787,0.29514808326883124,0.19900598851183443,0.05418177374017191,0.7899132276856642,0.13565812522915224,0.07434717073369454,0.21000529596284678,0.011202998329734794,0.010388234814844991,0.007740253391453131,0.005703344604228623,4675,0.010591925693567442,,,,,,,0.00753656251273068,0.00998085305740009,,,0.0008147635148898032,0.007332871634008229,,,0.9583655843891311,0.7051778221371247,0.5731861327249765,0.043793538925326926,5575.0,0.22100460341385914,0.05438546461889437,0.03014625005092272,0.18515500875870777,0.0877907687293763,0.018739560842465475,0.01996170611480018,0.03462744938281664,0.011406689208457246,755.0,0.041552939259379966,0.010388234814844991,0.013647288874404204,,,0.03145920370463583,0.05285146222378819,0.06669351185382795,,,,,,55.0,,,,,,,,,,,0.001222145272334705,0.001222145272334705,0.001222145272334705,,,,0.00244429054466941,0.012017761844624598,0.011406689208457246,0.018739560842465475,0.0008147635148898032,0.006543514370564252,,,,,,
GM0626,Voorschoten,2011,24870,0.8117812625653398,0.4817048652995577,0.5182951347004423,0.243264977885002,0.1948130277442702,0.2937273823884198,0.20345798150381986,0.0546843586650583,0.7919179734620024,0.13208685162846803,0.07619622034579815,0.20828307197426618,0.012062726176115802,0.010253317249698432,0.007840772014475271,0.005830317651789305,20940,0.010052271813429835,0.3663047848813832,0.007840772014475271,0.009449135504624045,0.005428226779252111,0.01769199839163651,0.21773220747889022,0.004221954161640531,0.008845999195818254,735.0,0.5044229995979091,0.0012062726176115801,0.007639726578206675,,,0.9698431845597105,0.7026537997587454,0.5934861278648975,0.05367913148371532,5820.0,0.22416566143948533,0.056493767591475674,0.03176517893043828,0.19039002814636108,0.09167671893848009,0.016686771210293525,0.019903498190591073,0.038198632891033375,0.01347004422999598,855.0,0.043626859670285484,0.012062726176115802,0.014877362283876157,,,0.03442468671058497,0.048788944474713956,0.0755361830699886,,,,0.0004020908725371934,,70.0,,,,,,,,,,,0.0014073180538801769,0.002613590671491757,0.002613590671491757,,,,0.0024125452352231603,0.014475271411338963,0.011459589867310011,0.019099316445516688,0.0012062726176115801,0.0128783000643915,,,,,,
GM0626,Voorschoten,2012,25206,0.812901690073792,0.48262318495596285,0.5173371419503293,0.24160914068079029,0.19400142823137348,0.2939776243751488,0.2055066254066492,0.054748869316829325,0.7896929302547012,0.12992938189320002,0.08013964928985162,0.21006903118305165,0.013885582797746569,0.010513369832579545,0.007537887804490994,0.005752598587637864,21195,0.010711735301118781,0.3638022693009601,0.009719907958422598,0.009918273426961834,0.006744425930334048,0.016861064825835118,0.2211774974212489,0.006347694993255574,0.011901928112354201,915.0,0.5004760771244942,0.0015869237483138936,0.007934618741569468,,,0.9745695469332698,0.7043957787828294,0.5869634214076014,0.04602078870110291,5945.0,0.21919384273585654,0.056732524002221695,0.032531936840434816,0.1930096008886773,0.09561215583591208,0.016464333888756646,0.019638181385384434,0.03788780449099421,0.013092120923589622,865.0,0.04383876854717131,0.011505197175275728,0.014282313734825042,0.0004880429477794046,,0.04001952171791118,0.06686188384577843,0.07540263543191801,35.0,0.003173847496627787,0.0015869237483138936,0.0029754820280885504,0.002578751091010077,90.0,0.004959136713480917,0.001983654685392367,,,0.0009918273426961835,0.0017852892168531303,0.0007934618741569468,,,,0.0015869237483138936,0.003768943902245497,0.003768943902245497,,0.0003967309370784734,0.0003967309370784734,0.002182020153931604,0.01249702451797191,0.011505197175275728,0.017257795762913593,0.0007934618741569468,0.2759882869692533,,,,,,
GM0626,Voorschoten,2013,25480,0.8154631083202512,0.4831240188383045,0.5168759811616954,0.24215070643642073,0.19211145996860282,0.29140502354788067,0.20702511773940346,0.057103610675039246,0.7876766091051806,0.12970957613814757,0.08281004709576138,0.21251962323390894,0.014324960753532182,0.010792778649921507,0.007653061224489796,0.005690737833594976,21390,0.010400313971742544,0.35694662480376765,0.011773940345368918,0.011381475667189953,0.007260596546310832,0.016679748822605967,0.22233124018838304,0.00510204081632653,0.01098901098901099,1135.0,0.5072605965463108,0.0015698587127158557,0.00804552590266876,,,0.973116169544741,0.6870094191522763,0.5690737833594977,0.048861852433281006,6045.0,0.21546310832025117,0.0565149136577708,0.03218210361067504,0.19211145996860282,0.09831240188383046,0.016875981161695447,0.019819466248037678,0.036891679748822605,0.011970172684458399,855.0,0.03885400313971742,0.010596546310832025,0.0141287284144427,0.000481278275098662,,0.03729906632014631,0.069785349889306,0.07411685436519395,80.0,0.003532182103610675,0.0015698587127158557,0.0027472527472527475,0.005298273155416013,115.0,0.007653061224489796,0.0019623233908948193,0.0003924646781789639,,0.0013736263736263737,0.0021585557299843012,0.002354788069073783,0.0005886970172684458,0.0007849293563579278,0.0007849293563579278,0.0021585557299843012,0.004513343799058085,0.005298273155416013,0.0003924646781789639,0.0005886970172684458,0.0005886970172684458,0.0029434850863422294,0.014324960753532182,0.014913657770800628,0.02040816326530612,0.0011773940345368916,0.4136586774473,,0.1348116169544741,0.16012558869701726,,0.12912087912087913,0.21487441130298274
GM0626,Voorschoten,2014,25706,0.8218703804559246,0.48237765502217383,0.5175834435540341,0.24060530615420525,0.19372909048471174,0.28748152182369874,0.20948416712051662,0.0591301641640084,0.789309888741928,0.1275966700381234,0.08305453979615654,0.21065120983427993,0.014393526803080993,0.010892398661791022,0.0075857776394616045,0.005640706449856064,21615,0.009530848829067145,0.35225239243756323,0.011864934256593792,0.012448455613475453,0.0075857776394616045,0.016922119349568193,0.22426670816151872,0.004862677974013849,0.012837469851396562,1075.0,0.497549210301097,0.0015560569516844317,0.00836380611530382,,,0.9738971446354937,0.6833035089084261,0.5734069866957131,0.056407064498560644,6090.0,0.21395783085660935,0.059324671282968956,0.03151015327160974,0.19120049793822455,0.10114370185948805,0.016144090873725977,0.019450711896055396,0.03890142379211079,0.01322648408931767,905.0,0.03695635260250525,0.012059441375554345,0.013031976970357115,,,0.039522885407298716,0.06153263596345908,0.07691579495432385,65.0,0.0031121139033688633,0.0015560569516844317,0.0027230996654477556,0.005446199330895511,110.0,0.007002256282579942,0.0019450711896055396,0.0005835213568816618,,0.0011670427137633237,0.0025285925464872015,0.0005835213568816618,0.0007780284758422158,0.0013615498327238778,0.0013615498327238778,0.0019450711896055396,0.004862677974013849,0.006613242044658835,0.0003890142379211079,0.0005835213568816618,0.0007780284758422158,0.0023340854275266474,0.016144090873725977,0.01672761223060764,0.023340854275266474,0.0013615498327238778,0.41013868509490226,,0.13829456158095385,0.16961020773360305,,0.13090329106045281,0.22446121528047927
GM0626,Voorschoten,2015,25747,0.8284848720239251,0.4808327183749563,0.519089602672156,0.24002796442303959,0.19206121101487553,0.284887559715695,0.21361712044121645,0.060006991105759896,0.7872761875169922,0.12817027226472988,0.08467005864760943,0.2128403309123393,0.014370606284227289,0.01087505340428011,0.007962092670990795,0.00504913193770148,21660,0.008156290053210082,0.35130306443469145,0.011457645550937973,0.0126228298442537,0.007962092670990795,0.017089369635297315,0.2256573581388123,0.004466539791043616,0.011069250786499398,1080.0,0.48821221889928923,0.0015535790577543014,0.0075736979065522195,195.0,0.019808132986367345,0.9744824639763856,0.6796908377675069,0.5775430147201616,0.03767429215054181,6110.0,0.2176952654678215,0.059230201576882746,0.032430962830621045,0.19167281625043694,0.10331300734066105,0.016118382724200877,0.019225540839709482,0.04039305550161184,0.01339961937313085,955.0,0.03728589738610324,0.012234435079815123,0.012428632462034411,0.0007032019127092026,,0.04125451221227322,0.0541465472786086,0.08204022314940697,65.0,0.0033013554977278908,0.0013593816755350138,0.002912960733289315,0.004854934555482192,90.0,0.007379500524332932,0.0021361712044121644,0.00038839476443857534,,0.0013593816755350138,0.00252456596885074,0.0007767895288771507,0.0005825921466578631,0.0017477764399735892,0.0017477764399735892,0.0023303685866314524,0.005437526702140055,0.007185303142113644,0.00038839476443857534,0.0007767895288771507,0.0009709869110964384,0.0027187633510700276,0.02097331727968307,0.019031343457490194,0.027964423039577427,0.0013593816755350138,0.407388308096198,,0.13982211519788712,0.17769060473064824,,0.1306948382335806,0.2320658717520488
GM0626,Voorschoten,2016,25833,0.8370688654047149,0.4823288042426354,0.5175550652266481,0.24000309681415244,0.19026051949057407,0.2823907405256842,0.21716409243990245,0.06077497774164828,0.7834939805674912,0.12755003290365036,0.08903340688266945,0.21658343978631983,0.014709867224093214,0.010645298649014825,0.008129137150156776,0.005419424766771184,21730,0.009677544226377115,0.3516819571865443,0.009483993341849573,0.01354856191692796,0.007935586265629234,0.015677621646730925,0.22897069639608253,0.004838772113188557,0.01432276545503813,995.0,0.471489954709093,0.001354856191692796,0.007161382727519065,1220.0,0.018000232261061434,0.9737545000580653,0.6816862153060039,0.5930399101923896,0.04064568575078388,6150.0,0.2192931521697054,0.06212983393334107,0.0325165486006271,0.1908411721441567,0.10567878295203809,0.015677621646730925,0.01935508845275423,0.04567800874849998,0.01606472341578601,1095.0,0.0425811945960593,0.015096968993148299,0.014709867224093214,,,0.053181650018497964,0.07468553459119497,0.09295227524972254,70.0,0.0030968141524406767,0.002129059729802965,0.002709712383385592,0.006000077420353811,95.0,0.007354933612046607,0.0025161614988580498,0.0005806526535826269,0.0003871017690550846,0.0019355088452754229,0.002709712383385592,,0.0015484070762203383,0.002709712383385592,0.0030968141524406767,0.0019355088452754229,0.005419424766771184,0.007742035381101691,,0.0007742035381101692,0.0007742035381101692,0.0023226106143305076,0.021871249951612277,0.02264545348972245,0.03058103975535168,0.0011613053071652538,0.5480022197558269,,0.1469051213564046,0.18851856152982618,,0.1354856191692796,0.2467773777726164
GM0626,Voorschoten,2017,25975,0.8451203079884504,0.4821944177093359,0.5178055822906641,0.23734359961501444,0.19268527430221366,0.2785370548604427,0.22078922040423485,0.061597690086621755,0.7809432146294514,0.1289701636188643,0.08989412897016362,0.2188642925890279,0.01482194417709336,0.0109720885466795,0.008277189605389798,0.005582290664100096,21730,0.008854667949951878,0.3539942252165544,0.008662175168431183,0.013089509143407122,0.007892204042348411,0.01693936477382098,0.2302213666987488,0.00519730510105871,0.013859480269489894,970.0,0.45851780558229066,0.0009624639076034649,0.006544754571703561,1245.0,0.01886429258902791,0.9743984600577479,0.678344562078922,0.5965351299326275,0.03946102021174206,6240.0,0.22136669874879691,0.06371511068334937,0.03253128007699711,0.19249278152069296,0.10837343599615014,0.014629451395572667,0.018479307025986526,0.04523580365736285,0.01616939364773821,1105.0,0.04196342637151107,0.015399422521655439,0.015014436958614052,,,0.05375364431486881,0.08473032069970846,0.10044642857142858,65.0,0.0032723772858517805,0.0019249278152069298,0.002694898941289702,0.00519730510105871,130.0,0.00846968238691049,0.002694898941289702,0.0005774783445620789,0.0005774783445620789,0.0023099133782483157,0.0021174205967276227,,0.0019249278152069298,0.0038498556304138597,0.0046198267564966315,0.0021174205967276227,0.005582290664100096,0.008277189605389798,0.00038498556304138594,0.0007699711260827719,0.0009624639076034649,0.0019249278152069298,0.02637151106833494,0.022329162656400385,0.03599615014436958,0.001347449470644851,0.5434584548104956,,0.1507218479307026,0.19903753609239652,,0.13936477382098172,0.25967276227141484
GM0626,Voorschoten,2018,26020,0.8468870099923136,0.48232129131437357,0.5176787086856265,0.23616448885472713,0.19254419677171405,0.2772867025365104,0.22309761721752497,0.0622598001537279,0.7784396617986165,0.1291314373558801,0.09242890084550345,0.22156033820138354,0.01479631053036126,0.010953112990007686,0.008455034588777863,0.005572636433512683,21690,0.008647194465795541,0.3556879323597233,0.006149116064565719,0.013066871637202153,0.007878554957724828,0.01748654880860876,0.22905457340507301,0.004419677171406611,0.013066871637202153,970.0,0.43159108378170635,0.0009607993850883935,0.007109915449654112,1200.0,0.018831667947732514,0.972521137586472,0.6810146041506533,0.5941583397386626,0.04342813220599539,6230.0,0.22694081475787856,0.06283627978478094,0.03170637970791699,0.19273635664873173,0.11106840891621829,0.014411990776325902,0.019984627209838585,0.04265949269792468,0.015949269792467333,1020.0,0.03651037663335895,0.01479631053036126,0.013835511145272867,0.0013614086041023779,,0.05059901978580505,0.07805409330186967,0.1005173352695589,55.0,0.0017294388931591083,0.0003843197540353574,0.0003843197540353574,0.0036510376633358955,80.0,0.005380476556495004,0.0007686395080707148,0.0009607993850883935,0.0005764796310530361,0.0007686395080707148,0.0007686395080707148,0.0003843197540353574,0.0007686395080707148,0.003843197540353574,0.0048039969254419675,0.002113758647194466,0.005764796310530361,0.008262874711760184,,0.0003843197540353574,0.0007686395080707148,0.0023059185242121443,0.03228285933897002,0.02421214450422752,0.038816295157571096,0.002113758647194466,0.48942639317480485,,0.15468870099923135,0.2083013066871637,,0.14239046887009993,0.27056110684089163
GM0626,Voorschoten,2019,26079,0.8445875992177614,0.4816135588021013,0.5184247862264657,0.23658882625867556,0.1917251428352314,0.275892480539898,0.2233597914030446,0.06326929713562636,0.7715019747689712,0.1330572491276506,0.09528739598911001,0.22834464511676061,0.013995935426971893,0.010353157713102495,0.008435906284750182,0.0061352045707274054,21665,0.008435906284750182,0.3591011925303884,0.004984853713716017,0.012462134284290043,0.007669005713409257,0.017255262855170827,0.22796119483109015,0.0038345028567046283,0.012845584569960504,905.0,0.4145097588097703,0.0007669005713409257,0.006902105142068331,1315.0,0.02032286514053453,0.967636795889413,0.6737221519230032,0.5935810422178764,0.04102918056673952,6265.0,0.22546876797423215,0.0628858468499559,0.030867747996472256,0.1917251428352314,0.11177575827293991,0.013804210284136661,0.020898040569040224,0.04045400513823383,0.014379385712642356,970.0,0.02971739713946087,0.013229034855630968,0.010736607998772959,0.0018160355942976483,,0.0601561790611096,0.07354944156905475,0.13733769181875966,55.0,0.0013420759998466199,0.0005751754285056943,0.00038345028567046284,0.004409678285210323,90.0,0.005176578856551248,0.0005751754285056943,0.0005751754285056943,0.00038345028567046284,0.0007669005713409257,0.0009586257141761571,0.00038345028567046284,0.0005751754285056943,0.0024924268568580084,0.004217953142375091,0.0019172514283523141,0.005560029142221711,0.008435906284750182,,0.0005751754285056943,0.0007669005713409257,0.0015338011426818514,0.036236051995858734,0.025882894282756242,0.04620575942329077,0.0021089765711875454,0.4889675837646418,,0.15644771655354883,0.21684113654664672,0.22201771540319798,0.14436903255492925,0.2789600828252617
GM0626,Voorschoten,2020,26140,0.8442234123947973,0.48297628156082634,0.5170237184391737,0.23565416985462892,0.19166029074215762,0.27314460596786533,0.22685539403213467,0.06446059678653404,0.769319051262433,0.1315990818668707,0.09908186687069626,0.23068094873756695,0.014728385615914307,0.010137719969395562,0.008607498087222647,0.006312165263963275,21785,0.007077276205049732,0.35788064269319053,0.004973221117061974,0.01262433052792655,0.009755164498852333,0.01702371843917368,0.22895944912012242,0.004016832440703902,0.012433052792654935,830.0,0.3930757459831676,0.00038255547054322876,0.00612088752869166,1350.0,0.020657995409334353,0.9684391736801836,0.646327467482785,0.5420811017597552,0.03978576893649579,6165.0,0.2044758990053558,0.055661820964039786,0.030604437643458302,0.18821729150726854,0.10845447589900535,0.012433052792654935,0.01970160673297628,0.04016832440703902,0.014345830145371078,940.0,0.029265493496557,0.013006885998469778,0.010137719969395562,0.0013594344752582926,0.004984593075947072,0.048259923871669386,0.059588544498821824,0.10490302700743158,35.0,0.0009563886763580719,0.00038255547054322876,0.0005738332058148432,0.0036342769701606732,110.0,0.002869166029074216,0.0007651109410864575,0.0005738332058148432,,0.0009563886763580719,0.0007651109410864575,0.00038255547054322876,0.00038255547054322876,0.0011476664116296864,0.004016832440703902,0.001530221882172915,0.004781943381790359,0.0076511094108645756,,0.0005738332058148432,0.0007651109410864575,0.001530221882172915,0.03557765876052028,0.02448355011476664,0.04322876817138485,0.001530221882172915,0.4284484321189052,,0.16411629686304513,0.2234123947972456,0.2180566182096404,0.14862280030604438,0.29016832440703905
GM0626,Voorschoten,2021,26179,0.8434241185683181,0.48531265518163413,0.5147255433744604,0.2335841705183544,0.19175675159478972,0.27331066885671723,0.22880935100653196,0.06302761755605638,0.7675999847205776,0.1317850185262997,0.1006531953092173,0.23243821383551702,0.01527942243783185,0.009549639023644906,0.008976660682226212,0.005920776194659842,21735,0.002864891707093472,0.36002139119141296,0.004201841170403758,0.012796516291684174,0.008976660682226212,0.01738034302303373,0.22823637266511326,0.0038198556094579624,0.011268574047900989,765.0,0.3942090988960617,0.00038198556094579627,0.00611176897513274,1345.0,0.018908285266816913,0.9681424042171206,0.6539592803392031,0.5750792620038963,0.0406814622407273,6220.0,0.20818213071545896,0.05634287023950495,0.029412888192826312,0.18774590320485884,0.10848389930860614,0.012414530730738378,0.017953321364452424,0.04182741892356469,0.013942472974521563,985.0,0.029221895412353413,0.012605523511211277,0.009931624584590702,0.0009057971014492754,0.006793478260869565,0.05570652173913043,0.058650362318840576,0.1403985507246377,80.0,0.0011459566828373887,0.0005729783414186943,,0.0036288628289850642,80.0,0.0032468772680392683,0.0005729783414186943,0.0005729783414186943,,0.0009549639023644906,0.0005729783414186943,,0.00038198556094579627,0.0013369494633102869,0.00305588448756637,0.001718935024256083,0.004583826731349555,0.0072577256579701285,,0.0005729783414186943,0.0007639711218915925,0.0026738989266205737,0.03934451277741701,0.02864891707093472,0.04622025287444135,0.0019099278047289812,0.4757699275362319,,0.16692769013331296,0.2328201993964628,0.21582184193437487,0.1522212460368998,0.2983307230986669
GM0626,Voorschoten,2022,26268,0.8339043703365311,0.4882366377341252,0.5116491548652353,0.23050860362418152,0.19453327242271967,0.27124257651895844,0.23088929495964672,0.06452718136135221,0.7554819552306989,0.1349550784224151,0.10944875894624638,0.2444038373686615,0.015417999086340796,0.00951728338663012,0.009897974722095325,0.005329678696512867,21700,0.008565555047967108,0.3586112380082229,0.0030455306837216386,0.012182122734886554,0.01104004872849094,0.017892492766864627,0.22574996193086647,0.002855185015989036,0.010659357393025735,565.0,0.412669407644282,,0.006091061367443277,50.0,0.01903456677326024,0.9566773260240596,0.6641160347190498,0.5851225826100198,,6280.0,0.21604233287650373,0.059768539668037156,0.03102634384041419,0.18672910004568297,0.10925841327851378,0.01104004872849094,0.01751180143139942,0.043208466575300745,0.014466270747677782,1035.0,0.03083599817268159,0.013133851073549566,0.010088320389827928,0.002054325496461995,0.010956402647797306,0.05546678840447387,0.05866240584341475,0.14220497603286922,50.0,0.0017131110095934216,0.0011420740063956144,0.00038069133546520483,0.003997259022384651,75.0,0.004948987361047662,0.0005710370031978072,0.00038069133546520483,,0.0005710370031978072,0.0005710370031978072,,0.00038069133546520483,0.0011420740063956144,0.001903456677326024,0.0017131110095934216,0.0041876046901172526,0.006662098370641085,,0.0005710370031978072,0.0007613826709304097,0.0022841480127912287,0.04130500989797472,0.02779046748895995,0.04701537992995279,0.001903456677326024,0.45537548504907555,6970.0,0.1667428049337597,0.23488655398203137,0.21204507385411908,0.15303791685701235,0.29941373534338356
GM0626,Voorschoten,2023,26194,0.8242345575322593,0.4871344582728869,0.5129037184087959,0.2282965564633122,0.19565549362449416,0.26876383904711004,0.23402305871573642,0.06680919294494922,0.7499809116591586,0.1347636863403833,0.11510269527372681,0.2498663816141101,0.015270672673131251,0.009544170420707033,0.010880354279606017,0.005344735435595938,21605,0.011453004504848438,0.36019699167748337,0.002672367717797969,0.012407421546919142,0.00935328701229289,0.019470107658242346,0.22753302282965565,0.0034359013514545316,0.009735053829121173,520.0,0.4094449110483317,0.0003817668168282813,0.005535618844010079,1375.0,0.02042452470031305,,,,,6330.0,0.2071084981293426,0.050774986638161414,0.03245017943040391,0.1901198747804841,0.11166679392227227,0.011071237688020158,0.01756127357410094,0.041421699625868516,0.01469802244788883,990.0,0.02977781171260594,0.013170955180575704,0.010689470871191877,0.0025474756831866605,0.014358499305233904,0.061371005094951366,0.045159796201945344,0.13131079203334878,35.0,0.0013361838588989846,0.0003817668168282813,,0.003817668168282813,90.0,0.005344735435595938,0.0007635336336565626,0.0007635336336565626,,0.0007635336336565626,0.0007635336336565626,0.0003817668168282813,0.0009544170420707032,0.0015270672673131252,0.0022906009009696876,0.002099717492555547,0.004772085210353516,0.007062686111323204,,0.0003817668168282813,0.0005726502252424219,0.0017179506757272658,0.039703748950141254,0.029205161487363518,0.048102618920363445,0.0019088340841414064,0.3758684576192682,,0.16969535008017103,0.23917691074291822,0.2071084981293426,0.15518821104069636,0.3036955027868978
GM0626,Voorschoten,2024,25895,0.8003861749372466,0.48870438308553776,0.5112956169144622,0.22533307588337517,0.1936667310291562,0.2654952693570187,0.2392353736242518,0.06873913882988994,0.7430005792624059,0.135547402973547,0.12145201776404711,0.25699942073759413,0.015060822552616334,0.009461285962541031,0.01216451052326704,0.0054064491214520175,21520,0.02432902104653408,,,,,,,0.03224560726008882,0.030507820042479244,,,0.0003861749372465727,,1335.0,,,,,,,,,,,,,,,,,,,,,,,,,,,,,,,,,,,,,,,0.0011585248117397182,0.0017377872176095772,,0.0034755744352191545,0.0054064491214520175,,,0.0005792624058698591,,,,,,,,,,,,
GM0629,Wassenaar,2009,27142,0.0991820794340874,0.4763834647409918,0.5237270650652126,0.24758676589787046,0.15492594502984305,0.30543069781150983,0.2142436076928745,0.07055485962714612,0.6874953945914082,0.22566502100066319,0.08676589787045906,0.31243091887112223,0.003684326873480215,0.00736865374696043,0.0033158941861321936,0.0060791393412423555,5380,0.008289735465330484,,,,,,,0.004236975904502248,0.005710706653894334,,,0.0011052980620440645,,,,0.8814752044801415,0.667415813130941,0.5607545501436888,0.03481688895438803,6570.0,0.2190332326283988,0.05268587429076708,0.030211480362537766,0.18937440129688307,0.09966104192763982,0.017684768992705033,0.01897428339842311,0.03647483604745413,,865.0,0.001473730749392086,,0.0005526490310220323,,,,,,,,,,,,,,,,,,,,,,,,,,,,,,0.0003684326873480215,0.000736865374696043,,,,,,,,
GM0629,Wassenaar,2010,27129,0.10184673227911091,0.47587452541560693,0.5241623355081279,0.2473367982601644,0.15297283349920748,0.3046555346676988,0.2180323638910391,0.07077297357071768,0.6861660953223487,0.2259574624940101,0.08772899848870212,0.31368646098271225,0.0035017877548011354,0.007556489365623502,0.0036860923734748792,0.006450661653581039,5350,0.008478012458992223,,,,,,,0.0031331785174536476,0.009030926315013454,,,0.0011058277120424638,0.008109403221644735,,,0.8951675328983745,0.6625751041321095,0.5630506100482878,0.03464926831066387,6710.0,0.2242987209259464,0.05860886873825058,0.03077887131851524,0.19351984960743115,0.10302628183862288,0.01769324339267942,0.01953628957941686,0.04239006229496111,0.014007151019204541,1030.0,0.0025802646614324154,0.01253271406981459,0.0007372184746949758,,,0.009048136083966703,0.016286644951140065,0.014477017734346724,,,,,,,,,,,,,,,,,,,,,,,,0.0005529138560212319,0.0003686092373474879,0.0007372184746949758,,0.007238508867173362,,,,,,
GM0629,Wassenaar,2011,27007,0.10634280001481097,0.47432147221090826,0.5257896101010849,0.2458621838782538,0.15125708149738956,0.3039952604880216,0.21938756618654423,0.07312918872884808,0.6872292368645166,0.2221646239863739,0.09071722146110267,0.3128818454474766,0.003887880919761543,0.007775761839523086,0.00351760654645092,0.006479801532935906,22050,0.008886584959454956,0.272151664383308,0.006479801532935906,0.010182545266042137,0.005183841226348724,0.014810974932424927,0.24863924167808346,0.0037027437331062316,0.008701447772799645,1200.0,0.46247269226496834,0.001295960306587181,0.008516310586144334,,,0.9105046839708224,0.6668641463324323,0.588180842003925,0.04498833635724071,6765.0,0.22938497426593105,0.06016958566297627,0.031843596104713594,0.19772651534787278,0.10812011700670196,0.01740289554559929,0.019624541785463027,0.043877513237308846,0.01647720961232273,1055.0,0.0027770577998296737,0.01518124930573555,0.0009256859332765579,,,0.015668523676880222,0.020891364902506964,0.010445682451253482,,,,,,,,,,,,,,,,,,,,,,,,0.0009256859332765579,0.0005554115599659347,0.0005554115599659347,,0.015668523676880222,,,,,,
GM0629,Wassenaar,2012,26706,0.10900172245937242,0.47348910357223095,0.5264734516588032,0.2445143413465139,0.14790683741481314,0.30461319553658356,0.22298359919119298,0.07395341870740657,0.6865498389874934,0.2222347038118775,0.09117801243166329,0.3134127162435408,0.003931700741406426,0.007301729948326219,0.0035572530517486707,0.006927282258668464,21785,0.010671759155246012,0.2701640080880701,0.006552834569010709,0.010671759155246012,0.0054294915000374444,0.014229012206994683,0.25144162360518235,0.004118924586235303,0.008799520706957237,1400.0,0.4613195536583539,0.0013105669138021418,0.008799520706957237,,,0.9194563019546169,0.6633340822287126,0.5951846027110013,0.03463641129334232,6760.0,0.22766419531191492,0.06122219725904291,0.03257694900022467,0.1988317232082678,0.11345764996629971,0.017411817569085598,0.020407399086347637,0.044372051224443945,0.016850146034598966,1065.0,0.0028083576724331613,0.015352355275967948,0.000936119224144387,,,0.022329096530401923,0.020611473720371008,0.015458605290278255,50.0,0.006927282258668464,0.001872238448288774,0.0026211338276042836,0.0029955815172620385,,0.00430614843106418,0.0024339099827754064,,,0.0014977907586310193,0.0028083576724331613,0.0007488953793155096,,,,,0.0003744476896577548,0.0003744476896577548,,,,,0.000936119224144387,0.0005616715344866322,0.0013105669138021418,,0.32463071109584335,,,,,,
GM0629,Wassenaar,2013,26641,0.11114447655868774,0.47295521939867124,0.5270072444728051,0.24473555797455052,0.14695394317030142,0.3029165571862918,0.22653053564055403,0.07319545062122293,0.6839082617018881,0.2224015615029466,0.09384032130926016,0.3162418828122068,0.003941293494988927,0.007507225704740813,0.003941293494988927,0.007319545062122293,21775,0.010885477271874179,0.2687586802297211,0.009196351488307495,0.011260838557111219,0.00600578056379265,0.014451409481626066,0.2520551030366728,0.004128974137607447,0.009384032130926017,1505.0,0.46957696783153785,0.0015014451409481626,0.008070267632596374,,,0.9171953004767088,0.651064149243647,0.5778686986224241,0.036973086595848505,6700.0,0.22296460343080216,0.05968244435268946,0.03246875117300402,0.19912916181825008,0.11523591456777148,0.01707893847828535,0.020081828760181674,0.042040463946548555,0.015014451409481626,1020.0,0.003002890281896325,0.013513006268533464,0.001126083855711122,,,0.025329280648429583,0.028706518068220197,0.020263424518743668,105.0,0.007882586989977854,0.002252167711422244,0.0026275289966592847,0.0050673773507000485,15.0,0.007882586989977854,0.002252167711422244,0.0007507225704740813,,0.0020644870688037234,0.003002890281896325,0.001126083855711122,,,,0.00037536128523704064,0.000563041927855561,0.0007507225704740813,,,,,0.001126083855711122,0.0009384032130926016,0.001126083855711122,,0.4728132387706856,,0.10998085657445292,0.12236777898727526,,0.10941781464659735,0.16778649450095717
GM0629,Wassenaar,2014,26722,0.11383878452211661,0.47283137489708854,0.5272808921487913,0.24025147818277076,0.14931517102013322,0.3019983534166604,0.2286505501085248,0.07297357982186962,0.6765960631689245,0.22434698001646583,0.09898211211735648,0.3233290921338223,0.004116458348925978,0.008045804954718959,0.004677793578324976,0.007297357982186962,21815,0.010852481101713943,0.26607289873512463,0.008981363670383954,0.012723598533043935,0.006923134495920964,0.014968939450639922,0.2539106354314797,0.004864905321457975,0.012162263303644937,1465.0,0.4606691115934436,0.0014968939450639921,0.008232916697851957,,,0.9226480053888182,0.6479679664695757,0.595389566649203,0.04322281266372278,6775.0,0.22079185689693887,0.06118554000449068,0.03311877853454083,0.19946111817977696,0.11750617468752339,0.016840056881969913,0.02058229174462989,0.04509393009505277,0.014968939450639922,1095.0,0.0031808996332609836,0.013659157248708928,0.0011226704587979943,,,0.026298487836949377,0.03451676528599606,0.023011176857330704,95.0,0.0035551231195269815,0.0013097822019309932,0.002058229174462989,0.004864905321457975,15.0,0.005052017064590974,0.0016840056881969913,0.0007484469725319961,0.00037422348626599803,0.0013097822019309932,0.0022453409175959885,0.00037422348626599803,,,,0.00037422348626599803,0.0009355587156649951,0.0009355587156649951,,,,0.00037422348626599803,0.0011226704587979943,0.0009355587156649951,0.0013097822019309932,,0.4339250493096647,,0.11226704587979941,0.12779732055983833,,0.11151859890726742,0.1721428036823591
GM0629,Wassenaar,2015,26821,0.11550650609596957,0.4727638790499981,0.5271988367324112,0.2417881510756497,0.15081466015435666,0.2997651094291786,0.22799299056709296,0.07270422430185303,0.6686924424890943,0.22556951642369785,0.1057007568696171,0.33127027329331493,0.004474106110883263,0.009134633309719996,0.004660527198836732,0.007456843518138772,21860,0.009507475485626934,0.270124156444577,0.007829685694045711,0.013422318332649789,0.006897580254278364,0.015100108124231014,0.24924499459378846,0.006524738078371425,0.013608739420603259,1435.0,0.44703776891241936,0.0014913687036277544,0.00801610678199918,180.0,0.019760635323067745,0.9194288057865105,0.6401700160322136,0.5905820066365908,0.03187800604004325,6740.0,0.21811267290555908,0.060027590321017114,0.03187800604004325,0.19779277431863093,0.11856381193840647,0.017337161179672645,0.019201372059207338,0.04660527198836732,0.015659371388091422,1130.0,0.0035420006711159168,0.013981581596510197,0.0011185265277208157,,,0.02420916720464816,0.03227888960619755,0.027437056165267915,75.0,0.0070840013422318335,0.0014913687036277544,0.00260989523134857,0.005779053726557548,10.0,0.006338316990417956,0.00260989523134857,0.0009321054397673465,0.0003728421759069386,0.0014913687036277544,0.003169158495208978,0.0005592632638604079,,,,,0.0009321054397673465,0.0011185265277208157,,,,0.0003728421759069386,0.0014913687036277544,0.0007456843518138772,0.001304947615674285,,0.45029051000645576,,0.11408970582752322,0.136646657469893,,0.11464896909138361,0.1802691920510048
GM0629,Wassenaar,2016,26926,0.11594741142390255,0.47314862957736015,0.5269999257223501,0.24400207977419594,0.14818391146104137,0.2982247641684617,0.22803238505533685,0.07520612047834807,0.6644135779543935,0.2252469731857684,0.11030231003491049,0.3355492832206789,0.0046423531159474115,0.010398870979722202,0.0050137413652232045,0.007056376736240065,21875,0.009284706231894823,0.26888509247567405,0.007056376736240065,0.014484141721755923,0.007056376736240065,0.014484141721755923,0.24920151526405704,0.0053851296144989975,0.012255812226101167,1380.0,0.4289534279135408,0.0012998588724652752,0.007427764985515858,1120.0,0.020797741959444404,0.9201143875807769,0.6337740473891406,0.5944068929659065,0.03249647181163188,6765.0,0.21726212582633886,0.06183614350441952,0.030639530565252916,0.19627868974225657,0.12255812226101166,0.015969694718859097,0.020612047834806507,0.047909084156577283,0.017083859466686474,1170.0,0.00315680011884424,0.0157840005942212,0.0014855529971031717,,,0.024023062139654067,0.033632286995515695,0.030429212043561818,85.0,0.006499294362326376,0.0018569412463789645,0.0025997177449305505,0.0061279061130505835,15.0,0.006870682611602169,0.0025997177449305505,0.0009284706231894823,0.0007427764985515859,0.002042635371016861,0.003342494243482136,0.00037138824927579294,,0.00037138824927579294,0.00037138824927579294,0.00037138824927579294,0.0007427764985515859,0.0011141647478273788,,,,,0.0011141647478273788,0.0011141647478273788,0.001671247121741068,,0.47565663036515055,,0.12162965163782218,0.1461412760900245,,0.11568743964940949,0.19590730149298077
GM0629,Wassenaar,2017,26955,0.11626785383045816,0.47375255054720833,0.5262474494527917,0.2442960489705064,0.14728250788350955,0.29716193656093487,0.2287145242070117,0.07475421999629012,0.6607308477091449,0.224819143016138,0.11445000927471712,0.33926915229085514,0.005008347245409015,0.01001669449081803,0.005564830272676683,0.006863290669634576,21990,0.008532739751437582,0.2700797625672417,0.006492301984789464,0.01632350213318494,0.00667779632721202,0.015025041736227046,0.24967538490076052,0.004080875533296235,0.01335559265442404,1350.0,0.42533852717492115,0.0011129660545353367,0.00667779632721202,1080.0,0.02003338898163606,0.9261732517158227,0.6453348172880727,0.6043405676126878,0.03209052123910221,6810.0,0.22129475051010944,0.06251159339640142,0.03097755518456687,0.1956965312557967,0.12613615284733815,0.01632350213318494,0.01910591726952328,0.049341495084399924,0.016879985160452606,1205.0,0.00333889816360601,0.015767019105917268,0.0011129660545353367,,,0.027121888959795788,0.03350350989151244,0.03350350989151244,75.0,0.005935818957521795,0.001669449081803005,0.001854943424225561,0.005193841587831571,10.0,0.006492301984789464,0.0025969207939157855,0.0007419773696902244,0.0007419773696902244,0.0022259321090706734,0.0027824151363383415,0.0003709886848451122,,,0.0003709886848451122,,0.0005564830272676684,0.0009274717121127806,,,,,0.001669449081803005,0.0009274717121127806,0.001669449081803005,,0.46266751754945756,,0.12836208495640883,0.15488777592283434,,0.11853088480801335,0.2096086069374884
GM0629,Wassenaar,2018,27000,0.11548148148148148,0.4737037037037037,0.5262962962962963,0.2461111111111111,0.14759259259259258,0.29333333333333333,0.23,0.07666666666666666,0.6566666666666666,0.22240740740740741,0.12092592592592592,0.3433333333333333,0.00537037037037037,0.010185185185185186,0.006111111111111111,0.007222222222222222,22005,0.007222222222222222,0.2714814814814815,0.005555555555555556,0.015925925925925927,0.006666666666666667,0.015555555555555555,0.24648148148148147,0.005555555555555556,0.012407407407407407,1335.0,0.3988888888888889,0.0007407407407407407,0.006481481481481481,1075.0,0.02185185185185185,0.9272222222222222,0.6403703703703704,0.6035185185185186,0.035,6775.0,0.2222222222222222,0.06481481481481481,0.030185185185185186,0.1938888888888889,0.12407407407407407,0.015370370370370371,0.02,0.05037037037037037,0.017777777777777778,1240.0,0.002777777777777778,0.016481481481481482,0.000925925925925926,,,0.028864656831302116,0.03367543296985247,0.03688261706221937,65.0,0.0016666666666666668,0.0007407407407407407,0.0005555555555555556,0.004629629629629629,10.0,0.0042592592592592595,0.0007407407407407407,0.0007407407407407407,0.0007407407407407407,0.0007407407407407407,0.0007407407407407407,0.00037037037037037035,,,0.00037037037037037035,,0.0005555555555555556,0.000925925925925926,,,,,0.0014814814814814814,0.0014814814814814814,0.002037037037037037,,0.39448364336112896,,0.13240740740740742,0.16462962962962963,,0.12203703703703704,0.22111111111111112
GM0629,Wassenaar,2019,27042,0.11763183196509135,0.47278307817469123,0.5273278603653576,0.2438798905406405,0.1490274387989054,0.291028770061386,0.23297093410250722,0.07673249020042897,0.6541675911545004,0.22280156793136602,0.12314177945418238,0.3459433473855484,0.005546927002440648,0.010724058871385252,0.006471414836180756,0.007211005103172842,22060,0.007395902669920864,0.27975001848975667,0.004437541601952518,0.014237112639597663,0.006286517269432734,0.015716293173581836,0.2448043783743806,0.004992234302196583,0.014606907773093706,1255.0,0.3905036609718216,0.0007395902669920864,0.006286517269432734,1190.0,0.02200281044301457,0.9278159899415723,0.6397455809481547,0.599807706530582,0.03439094741513202,6810.0,0.22150728496412989,0.062125582427335256,0.03143258634716367,0.19488203535241477,0.12036831595296206,0.014791805339841728,0.020708527475778418,0.04788846978773759,0.01738037127431403,1180.0,0.0024036683677242806,0.01608608830707788,0.000924487833740108,,,0.023577491354919836,0.03615215341087708,0.025149324111914492,55.0,0.001848975667480216,0.0005546927002440647,0.0005546927002440647,0.004437541601952518,,0.004807336735448561,0.0003697951334960432,0.000924487833740108,0.0003697951334960432,0.0011093854004881295,0.0011093854004881295,,,,0.0003697951334960432,,0.0003697951334960432,0.0007395902669920864,,,,,0.0014791805339841727,0.001294282967236151,0.002218770800976259,,0.39295818924866394,,0.13645440426003994,0.17361881517639227,0.2105983285259966,0.1266548332223948,0.23260113896901116
GM0629,Wassenaar,2020,27317,0.11890031848299594,0.47351466119998536,0.5264121243181902,0.24197386242998864,0.15338433942233773,0.28938023941135554,0.23227294358824174,0.07650913350660761,0.6503276348061646,0.22293809715561738,0.12666105355639345,0.3495991507120108,0.005857158545960391,0.010433063659991946,0.006955375773327964,0.007504484387011751,22320,0.008602701614379324,0.2820587912289051,0.004758941318592818,0.01317860672841088,0.008968774023501849,0.01629022220595234,0.24325511586191748,0.0053080499322766045,0.015192004978584764,1200.0,0.3673536625544533,0.00036607240912252443,0.005857158545960391,1255.0,0.021781308342790205,0.9289087381484058,0.6146355749167185,0.5481934326609803,0.0344108064575173,6685.0,0.20317018706300105,0.05545996998206245,0.031665263389098364,0.19017461653915144,0.11494673646447268,0.014459860160339715,0.019584873888055056,0.04685726836768313,0.015924149796829812,1165.0,0.002562506863857671,0.014642896364900978,0.0009151810228063111,,,0.021551724137931036,0.026169950738916255,0.024630541871921183,75.0,0.0012812534319288356,0.0007321448182450489,0.0005491086136837867,0.0036607240912252446,,0.002196434454735147,0.0007321448182450489,0.0009151810228063111,,0.0005491086136837867,0.0005491086136837867,,,,,,0.0005491086136837867,0.0005491086136837867,,,,,0.0009151810228063111,0.0009151810228063111,0.0020133982501738842,,0.3463669950738916,,0.14112091371673316,0.1845004941977523,0.2077460921770326,0.1279423069883223,0.24728191236226527
GM0629,Wassenaar,2021,27723,0.12300256105039137,0.4737943224037803,0.5260974641994012,0.24059445225985643,0.15438444612776395,0.2878476355372795,0.23193738051437435,0.07899577967752408,0.6399018865202178,0.22508386538253436,0.13490603470042925,0.3599899000829636,0.006312448147747358,0.010460628359124194,0.00757493777729683,0.00757493777729683,22505,0.0036071132272842044,0.2842405223099953,0.004508891534105256,0.013346318940951556,0.00829636042275367,0.01605165386141471,0.24095516358258487,0.004328535872741046,0.012264184972766295,1255.0,0.3639577246329762,,0.005591025502290517,1270.0,0.023446235977347327,0.9246834758143058,0.6139306712837715,0.5719078021859106,0.03156224073873679,6730.0,0.20163762940518704,0.054287054070627276,0.03192295206146521,0.18973415575514915,0.11542762327309454,0.013346318940951556,0.019117700104606283,0.04779425026151571,0.01713378782959997,1185.0,0.0027053349204631534,0.01514987555459366,0.0010821339681852614,,0.002932551319648094,0.01906158357771261,0.016129032258064516,0.024926686217008796,65.0,0.001623200952277892,0.0009017783068210511,0.0007214226454568409,0.004148180211376835,,0.002344623597734733,0.0005410669840926307,0.0009017783068210511,,0.0010821339681852614,0.0009017783068210511,,,,,,0.0005410669840926307,0.0007214226454568409,,,,0.0003607113227284204,0.0014428452909136817,0.0012624896295494715,0.0019839122750063124,,0.3592375366568915,,0.1444648847527324,0.18955380009378495,0.20542509829383546,0.13093821015041662,0.25213721458716587
GM0629,Wassenaar,2022,27936,0.12546534936998854,0.4742983963344788,0.5256658075601375,0.23929696449026347,0.1587557273768614,0.2836841351660939,0.23321162657502864,0.07857245131729668,0.6298324742268041,0.23303264604810997,0.1370990836197022,0.37013172966781216,0.006264318442153494,0.011096792668957618,0.007696162657502864,0.007338201603665521,22725,0.005011454753722795,0.2881586483390607,0.0028636884306987398,0.013244558991981672,0.0143184421534937,0.01575028636884307,0.2364332760595647,0.004474513172966781,0.011275773195876288,1075.0,0.3976947308132875,,0.005011454753722795,55.0,0.023625429553264604,0.9156643757159221,0.6190936426116839,0.5730956471935853,,6760.0,0.20761741122565866,0.05494702176403207,0.03311139747995418,0.18649770904925544,0.11526345933562429,0.013244558991981672,0.01879295532646048,0.04921964490263459,0.016645189003436426,1210.0,0.0019687857961053837,0.014855383734249713,0.0008949026345933562,,0.0028530670470756064,0.015691868758915834,0.014265335235378032,0.021398002853067047,55.0,0.0017898052691867124,0.0008949026345933562,0.00035796105383734247,0.004474513172966781,,0.003400630011454754,0.0007159221076746849,0.0008949026345933562,,0.0012528636884306988,0.0007159221076746849,,,,0.00035796105383734247,,0.0005369415807560138,0.0005369415807560138,,,,0.00035796105383734247,0.0014318442153493699,0.0014318442153493699,0.0019687857961053837,,0.35805991440798857,,0.1456901489117984,0.19222508591065293,0.20672250859106528,0.13119272623138603,0.25415234822451316
GM0629,Wassenaar,2023,28238,0.12164459239322899,0.4856930377505489,0.5143777887952404,0.2296550747220058,0.17352503718393653,0.27958778950350593,0.23425880019831433,0.07702386854593102,0.6140661519937672,0.22717614561937816,0.15865146256817056,0.3858276081875487,0.006374389121042567,0.011155180961824492,0.008676251859196828,0.006905588214462781,22985,0.02107089737233515,0.2898576386429634,0.0023018627381542604,0.016290105531553228,0.009030384588143637,0.01646717189602663,0.23036334017989943,0.004603725476308521,0.016998370989446846,995.0,0.37307882994546354,,0.005489057298675544,1315.0,0.021956229194702175,,,,,6890.0,0.19282527091153764,0.044974856576244775,0.034527941072313904,0.18769034634180892,0.11527020327218641,0.012748778242085134,0.018946100998654295,0.04462072384729797,0.014873574615765989,1130.0,0.001416530915787237,0.013634110064452157,0.0005311990934202139,,0.004366812227074236,0.01455604075691412,0.005822416302765648,0.01455604075691412,75.0,0.0012394645513138325,0.0003541327289468093,0.0003541327289468093,0.004426659111835116,,0.004072526382888307,0.0005311990934202139,0.0008853318223670232,,0.0008853318223670232,0.0005311990934202139,0.0003541327289468093,,,,,0.0005311990934202139,0.0007082654578936186,,,,,0.001416530915787237,0.0008853318223670232,0.0017706636447340463,,0.3624454148471616,,0.14413202068135136,0.19618953183653234,0.20167858913520786,0.13049791061689922,0.2565691621219633
GM0629,Wassenaar,2024,27603,0.11730608991776256,0.48853385501575913,0.5115386008767163,0.22606238452342137,0.17117704597326378,0.27732492844980616,0.24091584248088976,0.07861464333586929,0.60953519544977,0.22606238452342137,0.16447487591928414,0.3905372604427055,0.006339890591602362,0.010687244140129696,0.009600405752997863,0.006883309785168279,22780,0.03731478462485962,,,,,,,0.03387312973227548,0.03387312973227548,,,0.0003622794623772778,,1300.0,,,,,,,,,,,,,,,,,,,,,,,,,,,,,,,,,,,,,,,,,,0.0003622794623772778,0.0005434191935659167,,,,,,,,,,,,,,,
GM0637,Zoetermeer,2009,124906,0.8292556002113589,0.4904488175107681,0.5095832065713416,0.2460650409107649,0.2562326869806094,0.306190255071814,0.15123372776327798,0.02922197492514371,0.7159383856660209,0.11000272204697933,0.1740508862664724,0.2840536083134517,0.015251469104766784,0.06713048212255616,0.008086080732710998,0.021376074808255808,25975,0.00556418426656846,,,,,,,0.005884425087665924,0.008406321553808464,,,0.003722799545258034,,,,0.9717307415176213,0.7207019678798456,0.5654251997502121,0.04715546090660176,25975.0,0.21812402927001104,0.04791603285670824,0.0389893199686164,0.16536435399420363,0.08862664723872352,0.014530927257297488,0.015451619617952701,0.03991001232927161,,4690.0,0.044873745056282326,,0.01961475029221975,,,,,,,,,,,,,,,,,,,,,,,,,,,,,0.010487886890941989,0.015651770131138616,0.017533184955086226,0.0006404816421949306,,,,,,,
GM0637,Zoetermeer,2010,125208,0.8400581432496326,0.4908232700785892,0.5091927033416395,0.24347485783655998,0.25261964091751327,0.30489265861606285,0.15805699316337615,0.030069963580601877,0.7129736119097821,0.10969746342086768,0.17734489808957893,0.2870423615104466,0.015534151172449044,0.06736789981470832,0.008545779822375567,0.021723851511085555,25445,0.00563063063063063,,,,,,,0.006109833237492812,0.012379400677273018,,,0.0033144846974634207,0.01952750622963389,,,0.970984282154495,0.720640853619577,0.580474091112389,0.04827966264136477,26785.0,0.22746150405724874,0.05187368219283113,0.04029295252699508,0.17139479905437352,0.09308510638297872,0.015094882116158712,0.01641268928502971,0.0436873043256022,0.016971758993035588,5175.0,0.04907833365280174,0.01617308798159862,0.021084914701935978,0.00023768325378867108,,0.024861668346294993,0.0376490274001255,0.07230324580251374,,0.0002795348540029391,0.00023960130343109068,0.0002795348540029391,0.00023960130343109068,270.0,,7.986710114369689e-05,,,,7.986710114369689e-05,,0.000359401955146636,0.000359401955146636,0.000359401955146636,0.001437607820586544,0.001437607820586544,0.001437607820586544,,,,0.0033544182480352695,0.012299533576129321,0.01956743978020574,0.02332119353395949,0.0009184716631525143,0.010030233309881918,,,,,,
GM0637,Zoetermeer,2011,125178,0.8518509642269408,0.4904216395852306,0.509554394542172,0.24013804342616116,0.24956461998114685,0.30372749205131894,0.1642061704133314,0.03067631692469923,0.7098292032146224,0.1093642652862324,0.1808225087475435,0.2901867740337759,0.01597724839828085,0.0678234194507022,0.008947259103037276,0.02200865966863187,105910,0.00527249197143268,0.419442713575868,0.012981514323603189,0.021609228458674846,0.008028567320136126,0.027440924124047358,0.1584543609899503,0.005552093818402595,0.012701912476633274,7085.0,0.5348383901324514,0.0032353928006518718,0.01981178801386825,,,0.9806835066864784,0.7197350972215565,0.6150042339708256,0.062271325632299604,27550.0,0.2315103292910895,0.054961734490086116,0.04206010640847433,0.1751106424451581,0.09726149962453466,0.015537874067328124,0.017215485149147614,0.047771972710859735,0.018214063174040167,5705.0,0.052645033472335394,0.017255428270143317,0.02244803399958459,0.00032822859715097576,,0.02832143895416991,0.03465156189922444,0.08308872487878986,,0.00027960184696991487,0.00027960184696991487,0.0004393743309527233,0.00027960184696991487,230.0,7.988624199140424e-05,0.0001997156049785106,,,0.00011982936298710636,0.00015977248398280848,,0.00031954496796561695,0.000679033056926936,0.000679033056926936,0.0017175542028151911,0.002995734074677659,0.002995734074677659,,7.988624199140424e-05,7.988624199140424e-05,0.0034750515266260846,0.016736167697199187,0.02488456438032242,0.030436658198725014,0.00131812299285817,0.016317650258362796,,,,,,
GM0637,Zoetermeer,2012,125738,0.8615374827021266,0.4902654726494775,0.5097504334409645,0.23819370436940304,0.24785665431293644,0.30098299638931747,0.17043375908635416,0.031494059075219905,0.7061906504000381,0.10855906726685648,0.1852264231974423,0.2937854904642988,0.016542334059711464,0.06811783231799456,0.009146002004167396,0.02250711797547281,106220,0.00501041848923953,0.4115303249614277,0.014673368432772909,0.022785474558208337,0.00874834974311664,0.02723917988197681,0.16427014904006745,0.006004549141866421,0.014832429337193212,8640.0,0.5303488205633937,0.0031812180884060507,0.020996039383479933,,,0.9820420238909479,0.7126723822551655,0.6108336382000668,0.05372282046795718,28190.0,0.22157183985748144,0.0535239943374318,0.04310550509790199,0.1786651608901048,0.10175921360288855,0.015786794763715025,0.018371534460544944,0.049467941274714086,0.019882613052537818,5930.0,0.052927515945855666,0.018928247626016,0.023819370436940303,0.00036924894764049925,,0.028755261797503876,0.032032346207813304,0.0885274351968097,190.0,0.004175348741032941,0.0033005137667212778,0.00536830552418521,0.004771827132609076,285.0,0.007475862507754219,0.0014315481397827229,,0.0002385913566304538,0.001192956783152269,0.0014713133658877985,0.0009146002004167395,0.0006760088437862858,0.0013520176875725716,0.0013520176875725716,0.0017894351747284034,0.004573001002083698,0.004573001002083698,0.0001192956783152269,0.00019882613052537817,0.00019882613052537817,0.0035391051233517315,0.022029935262211902,0.029744389126596573,0.038651799774133515,0.0012327220092573446,0.30269182482829926,,,,,,
GM0637,Zoetermeer,2013,126180,0.8717070851165002,0.4892613726422571,0.5107386273577429,0.23601204628308764,0.24659216991599303,0.2970756062767475,0.1773656680932002,0.03277064511016009,0.7034395308289745,0.10829766999524489,0.18826279917578062,0.2965604691710255,0.016841020763987954,0.06819622761134887,0.009430971627833254,0.022745284514186084,106455,0.0038040893961008085,0.40077666825170394,0.017752417181803773,0.02488508479949279,0.010064986527183389,0.027698525915359012,0.16789507053415756,0.006736408305595181,0.015255983515612618,9630.0,0.5370106197495641,0.0028926929782849896,0.020328102710413694,,,0.9818513235061024,0.6949595815501665,0.5888017118402282,0.055753685211602476,28640.0,0.2136630210809954,0.05194959581550167,0.04390553177999683,0.18033761293390393,0.10580123632905374,0.0157711206213346,0.01826755428752576,0.04430179109209066,0.01620700586463782,5330.0,0.0466000951022349,0.015335235378031383,0.021120621334601363,0.0004091206633209688,,0.03009309767983126,0.03459342497636192,0.09605244017746745,265.0,0.004953241401172928,0.003605959740053891,0.005428752575685529,0.0066967823743857985,335.0,0.01077825328895229,0.00150578538595657,0.0003170074496750674,0.0003566333808844508,0.001783166904422254,0.0019416706292597877,0.0014265335235378032,0.0008717704866064353,0.0017435409732128706,0.002100174354097321,0.0023775558725630053,0.005270248850847995,0.006300523062291964,0.00011887779362815027,0.00027738151846568395,0.00027738151846568395,0.0042796005706134095,0.02456807734981772,0.033800919321604055,0.04319226501822793,0.001228403867490886,0.4509418866826678,39090.0,0.19349342209541925,0.1240291646853701,0.24706768109050561,0.19174988112220637,0.18711364717070852
GM0637,Zoetermeer,2014,126580,0.881466266392795,0.4889793016274293,0.5110206983725707,0.23388370990677831,0.2456549217885922,0.2925027650497709,0.18423131616369096,0.03310159582872492,0.7003476062569126,0.10827144888607995,0.19134144414599463,0.29961289303207456,0.0178543213777848,0.06817822720808975,0.00959867277610997,0.022673408121346186,106565,0.003278559014062253,0.3931505767103808,0.01852583346500237,0.025754463580344448,0.011297203349660294,0.027808500553009954,0.17107757939642915,0.005490598830778954,0.014931268762837731,9265.0,0.5253594564702164,0.002883551903934271,0.021251382524885447,,,0.9821456786222152,0.6979775635961447,0.5989887817980724,0.05763153736767262,28970.0,0.21595038710696793,0.054313477642597564,0.04376678780218044,0.18122926212671828,0.1091799652393743,0.015958287249170484,0.01765681782272081,0.048743877389793015,0.017301311423605626,5870.0,0.04783536103649866,0.016392795070311265,0.019315847685258333,0.0008066250806625081,,0.03338531583853158,0.03177206567720657,0.10374094787409478,210.0,0.004779586032548586,0.0037130668352030336,0.005016590298625375,0.006517617317111708,310.0,0.01050718912940433,0.0015800284405119293,0.00035550639911518405,0.0007110127982303681,0.0018565334176015168,0.002054036972665508,0.00067151208721757,0.0009480170643071576,0.002251540527729499,0.0028045504819086743,0.002409543371780692,0.005688102385842945,0.007900142202559647,0.00019750355506399116,0.0003950071101279823,0.0004345078211407805,0.004068573234318217,0.02610996997945963,0.03645915626481277,0.04665033970611471,0.0014615263074735346,0.4429716067971607,39425.0,0.19699004582082477,0.12916732501185021,0.24881497866961605,0.19568652235740244,0.19142044556802024
GM0637,Zoetermeer,2015,126726,0.8920584568281174,0.4891261461736345,0.510865962785853,0.23097075580386028,0.2460820983854931,0.2881018891150987,0.19076590439215316,0.03357637738112147,0.697133974085823,0.1085807174534034,0.19427741742026103,0.3028581348736644,0.017873206761043512,0.06845477644682228,0.00994271104587851,0.022647286271167716,106475,0.0032353266101668166,0.3928949071224532,0.01712355791234632,0.025330240045452392,0.011639284756087939,0.02809210422486309,0.17301106323879867,0.006549563625459653,0.016531729873901172,8555.0,0.5170998847908085,0.002880229787099727,0.01937250445843789,6035.0,0.011757650363776968,0.9820005365907548,0.6955952211858656,0.6008238246295157,0.042927260388554836,29555.0,0.221856604011805,0.057841326957372596,0.044071461262882125,0.18441361677950854,0.11363098338146868,0.016137177848271074,0.017754841153354482,0.05432981392926471,0.01937250445843789,6590.0,0.05298833704212237,0.01846503479948866,0.020674526143017218,0.0009730466089325679,,0.035693118791299196,0.03281820835581661,0.10942351411359877,195.0,0.005129176333191295,0.0037482442434859462,0.004931900320376245,0.006786294840837713,315.0,0.00962706942537443,0.0015782081025203984,0.0004340072281931095,0.0007496488486971892,0.001736028912772438,0.002130580938402538,0.0006312832410081593,0.001144200874327289,0.0025251329640326374,0.0033142370152928367,0.0022489465460915677,0.005997190789577514,0.00844341334848413,0.0001972760128150498,0.0004734624307561195,0.0005918280384451494,0.0034326026229818665,0.030775057999147766,0.04036267222195919,0.052396509003677226,0.0014598424948313684,0.4350845223668032,39465.0,0.20181336110979595,0.13371368148604074,0.24821267932389565,0.20110316746366175,0.1960923567381595
GM0637,Zoetermeer,2016,127538,0.9047342752748201,0.48895231225203467,0.5110241653467986,0.22883375935015446,0.24725964026407815,0.28191597798303253,0.19743135379259516,0.03363703366839687,0.6924994903479748,0.10890871740187238,0.1986074738509307,0.3075161912528031,0.018308268908090137,0.0684501873951293,0.010271448509463847,0.022581505120042655,106910,0.0042340322100079975,0.39200081544324045,0.014819112735027992,0.026384293308660947,0.01223164860668977,0.028070065392275242,0.17598676472894353,0.006978312346124292,0.018151452900312063,8200.0,0.5019288368956704,0.002744280136116295,0.01721055685364362,6150.0,0.011016324546409698,0.9817466166946321,0.6991249666765983,0.6108375542975427,0.04347723815647101,29975.0,0.2267951512490395,0.06072699901205915,0.044888582226473676,0.18625821323840738,0.1140052376546598,0.01689692483808747,0.0182298609042011,0.05688500682149634,0.021758221079207767,6940.0,0.05500321472815945,0.020582101020872212,0.022542301118098136,0.00021666031129753528,,0.03899885603355635,0.03258571081914931,0.11214337712760426,185.0,0.005410152268343553,0.0043908482177860714,0.004900500243064812,0.0075271683733475515,295.0,0.010781100534742587,0.0017249760855588137,0.00031363201555614794,0.0011761200583355548,0.0017249760855588137,0.002587464128338221,0.0005096520252787405,0.0010585080525019994,0.002665872132227258,0.0037635841866737758,0.0022738321127820727,0.005919804293622293,0.008820900437516661,0.00019602000972259248,0.0005488560272232589,0.000705672035001333,0.0037243801847292573,0.03312738164311813,0.04265395411563613,0.05551286675343819,0.0014897520738917029,0.46776961209137863,39760.0,0.20950618639150684,0.13835092286220577,0.24847496432435823,0.20699713026705766,0.20295911806677225
GM0637,Zoetermeer,2017,127363,0.9181551942086791,0.4887997299058596,0.5112159732418363,0.22954076144563176,0.24587203504942565,0.2756687578025015,0.2045334987398224,0.03435063558490299,0.6892111523754937,0.1087835556637328,0.2019817372392296,0.3107652929029624,0.01813713558882878,0.06850498182360654,0.010403335348570622,0.022573274812936254,106685,0.004357623485627694,0.39446307012240606,0.012130681595125743,0.02642054599844539,0.01224845520284541,0.028030118637280842,0.18078248784968948,0.007027158593940155,0.016566820819233215,7950.0,0.4912729756679726,0.0024732457621130157,0.015349826872796651,6095.0,0.01138478207956785,0.9825459513359452,0.6960420216232344,0.6116768606267127,0.041652599263522376,30440.0,0.229108924883993,0.06340145882242096,0.04628502783382929,0.18839851448222797,0.1171062239425893,0.016566820819233215,0.01856897215046756,0.06061415010638883,0.02280882202837559,7395.0,0.05759129417491736,0.021788117428138472,0.022887337766855365,0.00029930134514575976,,0.04344145238115599,0.03258108928586699,0.11629995125663807,180.0,0.005025007262705809,0.0044361392241074726,0.004357623485627694,0.006987900724700266,420.0,0.010285561740850954,0.0018451198542747895,0.00027480508467922396,0.0012562518156764523,0.002002151331234346,0.0027480508467922393,0.00031406295391911307,0.0011777360771966742,0.0029443401929916853,0.0041613341394282485,0.002394730023633237,0.005967196124463148,0.009186341402134058,0.00019628934619944567,0.00047109443087866963,0.0007066416463180045,0.0038865290547490244,0.037609038731813794,0.04616725422610962,0.0610852445372675,0.0016488305080753437,0.4571614260426376,39745.0,0.21552570212699135,0.144115637979633,0.2478349285114201,0.21234581471856034,0.209990342564167
GM0637,Zoetermeer,2018,127507,0.922819923612037,0.48836534464774484,0.51165818347228,0.22806591010689609,0.2459080677923565,0.27037731261813075,0.21069431482193135,0.03497847177017732,0.6847859333213079,0.10881755511462116,0.20638082615072115,0.3151983812653423,0.018508787752829256,0.06885896460586477,0.010626867544526967,0.02293991702416338,106370,0.0034115774035935282,0.3996643321543131,0.009568102143411734,0.02509666135976848,0.012077768279388583,0.02850823876336201,0.18187236779157223,0.005529108205823994,0.01505799681586109,7765.0,0.4728367854313881,0.002156744335605104,0.014116872014869771,6625.0,0.01192091414589003,0.9821421569011898,0.6969421286674458,0.6159269687154431,0.04450736038021442,30785.0,0.23434007544683821,0.065800309002643,0.04678174531594344,0.1898327150666238,0.12018947979326625,0.016508897550722705,0.01870485541970245,0.060467268463692186,0.0228614899574141,7340.0,0.05654591512622836,0.021881151623048146,0.022586995223791637,0.0021671510886747234,,0.04508524127615454,0.035396801115020485,0.11362670610031785,135.0,0.0019214631353572744,0.001372473668112339,0.0006274165339942121,0.003999780404213102,410.0,0.005293827005576165,0.0003921353337463825,0.00047056240049565904,0.0011371924678645095,0.001215619534613786,0.0007450571341181269,0.00023528120024782952,0.0012548330679884243,0.002941015003097869,0.004352702204584846,0.0022351714023543805,0.005960457072945015,0.009019112676166799,0.00019606766687319126,0.00047056240049565904,0.000784270667492765,0.0035684315370920813,0.03991937697538175,0.04819343251743041,0.06415334060090819,0.0016861819351094449,0.37079530195638505,39575.0,0.21990949516497132,0.15156030649297686,0.2450845835914891,0.21747825609574375,0.21759589669586768
GM0637,Zoetermeer,2019,127854,0.9229511786881912,0.4887606175794265,0.5112472038418822,0.2267821108451828,0.24610102147762292,0.26581100317549705,0.21563658548031348,0.03574389538066858,0.6794468690850501,0.10922614857571918,0.21133480376053937,0.32056095233625853,0.01873230403428911,0.06945422122108029,0.011106418258325902,0.023034085754063228,106720,0.003949817760883508,0.4024903405446838,0.00770409998905001,0.02307319286060663,0.011927667495737326,0.02897836594866019,0.18356875811472462,0.005592316235706353,0.015095343125752812,7145.0,0.46107278614669855,0.0018380340075398501,0.01317909490512616,7570.0,0.012553381200431743,0.9819403381982574,0.6928606066294367,0.6149201432884384,0.043096031410827976,31085.0,0.23006710779482847,0.06268869178907191,0.04681120653245108,0.1906080372925368,0.12377399220986438,0.01536909287155662,0.01982730301750434,0.0586215527085582,0.02342515681949724,7130.0,0.0515040593176592,0.022173729410108405,0.021156944639979976,0.0019914747930137367,0.000338974432853402,0.046227638280382705,0.03597366168656729,0.11448861469623654,155.0,0.0019553553271700534,0.0013296416224756363,0.0004692852785208128,0.004849281211381732,460.0,0.005162138063728941,0.0004692852785208128,0.0003910710654340107,0.0008603563439548234,0.0009776776635850267,0.0008994634504982245,0.00019553553271700535,0.001134106089758631,0.00293303299075508,0.004340888826317518,0.0025419619253210695,0.006257137046944171,0.009229277144242652,0.0001173213196302032,0.0004692852785208128,0.0007039279177812192,0.003597853801992898,0.04078871212476731,0.04814084815492671,0.06507422528821938,0.001759819794453048,0.36842283670754133,39645.0,0.22470943419838252,0.15541164140347585,0.24375459508501884,0.22154175856836705,0.2229496144039295
GM0637,Zoetermeer,2020,127865,0.9224338169162789,0.48883588159386854,0.5111641184061315,0.22605873382082664,0.24385093653462636,0.26234700660853244,0.22093614358894145,0.036992140147812144,0.6730536112305948,0.10906033707425801,0.21788605169514721,0.32694638876940524,0.01963007859852188,0.07007390607281117,0.011692018926211238,0.023657764048019395,106750,0.003558440542759942,0.3985453407891135,0.00825088961013569,0.023266726625738084,0.014038243459899112,0.029640636608923476,0.1884409337973644,0.0044578266140069605,0.01399913971767098,6555.0,0.43412974621671296,0.0012122160090720683,0.012043952606264419,8010.0,0.013451687326477144,0.9814257224416376,0.6683611621632191,0.5629765768584053,0.04129355179290658,30740.0,0.21628279826379385,0.05693504868415907,0.0478238767450045,0.1880498963750831,0.12298126930747273,0.014155554686583506,0.018496070073906072,0.05572283267508701,0.022445548038947327,6775.0,0.048762366558479646,0.021350643256559654,0.019825597309662536,0.0016532849500199241,0.005383774068013599,0.04383324713642568,0.02836019568111101,0.09271113296650191,130.0,0.0011340085246158058,0.0011340085246158058,0.00043014116450944354,0.0036366480272162047,355.0,0.0026981582137410552,0.0004692449067375748,0.0003910374222813123,0.00019551871114065615,0.0008602823290188871,0.0005865561334219685,0.0001173112266843937,0.0009775935557032808,0.002737261955969186,0.0041449966761819106,0.0019160833691784303,0.005787353849763422,0.009072068196926446,0.0001173112266843937,0.0003519336800531811,0.0005865561334219685,0.003050091893794236,0.027685449497516914,0.035662612912055684,0.04508661478903531,0.0014077347202127244,0.32455255326544974,39580.0,0.2303601454659211,0.15993430571305675,0.2425214092988699,0.22633246001642357,0.22879599577679585
GM0637,Zoetermeer,2021,128227,0.9207031280463553,0.4887036271612063,0.5112807754996997,0.2260054434713438,0.2428895630405453,0.2591887823937236,0.2238218159981907,0.03801851404150452,0.6644466454022944,0.10949332043953301,0.22604443681907865,0.3355377572586117,0.020471507560810127,0.07092889952974023,0.012867804752509222,0.02413688224788851,106835,0.0017936939958043158,0.3958604662044655,0.006394909028519734,0.0231620485545166,0.013452704968532368,0.029790917669445593,0.19184727085559203,0.004250274903101531,0.01267283801383484,6050.0,0.4143823063785318,0.0008578536501672815,0.011386057538583917,8225.0,0.014661498748313538,0.9818524959641886,0.6747408892043018,0.5915680784858103,0.040943015121620255,31425.0,0.21957154109508917,0.059113915166072666,0.049677525014232574,0.190911430509955,0.1278981805703947,0.013257738229857987,0.01844385347859655,0.05821706816817051,0.023084061859046847,7055.0,0.05049638531666498,0.021758288036061047,0.020042580735726484,0.0014399579871081408,0.008131527456610678,0.04641746923148595,0.02693568470002287,0.10460871259285612,170.0,0.0012867804752509221,0.0012477871275160457,0.0003899334773487643,0.004016314816692272,420.0,0.0030414811233203617,0.00054590686828827,0.0005069135205533936,0.0003119467818790114,0.0008578536501672815,0.000818860302432405,0.0001169800432046293,0.0011308070843114165,0.00272953434144135,0.004172288207631778,0.0019106740390089452,0.0054200753351478234,0.008578536501672814,0.0001559733909395057,0.00035094012961388787,0.0006628869114928993,0.008227596372058927,0.034548106093100515,0.048975644755004794,0.05669632760651033,0.0015987272571299335,0.35689782227530303,39505.0,0.23680660079390456,0.16385004718195076,0.24183674265170363,0.2307626318949987,0.23380411301831908
GM0637,Zoetermeer,2022,129796,0.9134410921754137,0.48903664211531944,0.5109556534870103,0.22612407162008075,0.2448457579586428,0.25597861259206756,0.22462171407439366,0.038676076304354524,0.6505978612592067,0.11317760177509323,0.23621683256802983,0.34939443434312306,0.020994483651268145,0.07084193657739837,0.014253135689851768,0.02488520447471417,107645,0.005046380473974545,0.3960445622361244,0.0038521988350950723,0.022612407162008075,0.013405651946130852,0.029738975006933958,0.19072236432555703,0.003929242811796974,0.012404080249006133,4335.0,0.42085272273413665,0.0005007858485623594,0.01117137662177571,7740.0,0.015216185398625535,0.9746833492557552,0.6799516163826312,0.5939320163949583,,31920.0,0.22550771980646553,0.06124996147801165,0.05200468427378348,0.1894896606983266,0.12939535887084347,0.012404080249006133,0.018374988443403496,0.06067213165274739,0.02338284692902709,7480.0,0.053160343924312,0.022227187278498567,0.02026256587260008,0.0016447229696105801,0.011513060787274062,0.04875127571461104,0.02711684280665649,0.10336451278244954,130.0,0.0015408795340380288,0.0010786156738266202,0.00042374187186045796,0.003929242811796974,430.0,0.004699682578815988,0.0004622638602114087,0.00042374187186045796,0.00023113193010570435,0.0009245277204228174,0.0006163518136152116,7.704397670190145e-05,0.0014253135689851768,0.0030047150913741563,0.004314462695306481,0.002080187370951339,0.0049308145089216925,0.008051095565348701,0.00023113193010570435,0.0004622638602114087,0.0006548738019661623,0.00481524854386884,0.034400135597399,0.04395358870843478,0.054970877376806684,0.0016949674874418318,0.3539106451531279,40125.0,0.236871706369996,0.16383401645659343,0.24357453234306142,0.23074671022219484,0.23328916145335757
GM0637,Zoetermeer,2023,130845,0.9008215827887959,0.4901218999579655,0.5098781000420345,0.22511368413007757,0.24723909969811608,0.25247430165462953,0.22687148916657113,0.038900989720661854,0.6402231648133287,0.11402804845427797,0.24574878673239328,0.35977683518667125,0.022125415568038518,0.07142038289579274,0.015094195422064275,0.02537353357025488,108410,0.005693759792120448,0.3965761014941343,0.00317169169628186,0.022048989262104017,0.012724979938094693,0.030111964538194046,0.1915625358248309,0.004088807367495892,0.012992472008865451,3550.0,0.4340249914020406,0.0003057052237380106,0.011616798502044404,7980.0,0.015438113798769536,,,,,32285.0,0.21647751155947878,0.05590584279108869,0.05414803775459513,0.19011043601207536,0.13122396728954105,0.011769651113913409,0.018304100271313385,0.06098819213573312,0.023768581145630328,7600.0,0.05319270893041385,0.022813252321449044,0.020902594673086475,0.0018664947229103744,0.011495910679743442,0.05472223164896325,0.025070417755455255,0.09650626124138867,130.0,0.0014520998127555505,0.0009171156712140319,0.0003821315296725133,0.004241659979364897,410.0,0.00546448087431694,0.0004203446826397646,0.00045855783560701593,0.00022927891780350797,0.0009171156712140319,0.0006114104474760212,0.0001528526118690053,0.0013374603538537965,0.003248118002216363,0.004470938897168405,0.0021399365661660744,0.005120562497611678,0.007948335817188276,7.642630593450266e-05,0.0004203446826397646,0.0005731972945087699,0.004967709885742673,0.036035003248118,0.04493866788948756,0.055676563873285186,0.0017195918835263098,0.35412495333763194,40435.0,0.23948182964576406,0.1664564943253468,0.24223317665940616,0.23481982498375942,0.23569872750200618
GM0637,Zoetermeer,2024,129026,0.8793421480941825,0.49121882411296947,0.5087734255111372,0.2224357881357246,0.242160494783997,0.251964720288934,0.2325500286763908,0.04111574411358951,0.6350270488118673,0.11373676623316231,0.25126718645854323,0.36500395269170555,0.022476090090369383,0.07103219506146048,0.015965774340055493,0.025459984809263248,107880,0.011858075116643158,,,,,,,0.028327623889758652,0.029063909599615582,,,0.00019375939733077055,,7915.0,,,,,,,,,,,,,,,,,,,,,,,,,,,,,,,,,,,,,,,0.0023638646474354007,0.0036814285492846404,,0.0036814285492846404,0.006122796955652349,,0.00027126315626307875,0.0005037744330600035,,,,,,,,,,,,
GM0638,Zoeterwoude,2009,8273,0.11894113380877554,0.4955880575365647,0.5040493170554817,0.25262903420766347,0.19581772029493533,0.3245497401184576,0.1861477094161731,0.032636286715822554,0.9017285144445788,0.05802006527257343,0.040493170554816875,0.0985132358273903,0.0018131270397679197,0.008461259518916959,0.007856883838994319,0.0024175027196905595,1425,0.04532817599419799,,,,,,,0.0036262540795358395,0.005439381119303759,,,,,,,0.9579354526773842,0.6823401426326604,0.5644868850477457,0.028405656956364076,1675.0,0.1952133446150127,0.03868004351504895,0.026592529916596157,0.16136830653934486,0.08279946814940167,0.013296264958298078,0.019340021757524476,0.027196905596518797,,195.0,0.0024175027196905595,,,,,,,,,,,,,,,,,,,,,,,,,,,,,,,0.0018131270397679197,0.0012087513598452798,,,,,,,,,
GM0638,Zoeterwoude,2010,8270,0.12055622732769045,0.496372430471584,0.5036275695284159,0.2478839177750907,0.19407496977025393,0.3252720677146312,0.19226118500604594,0.032648125755743655,0.8990326481257558,0.05743651753325272,0.04353083434099154,0.10096735187424426,0.0018137847642079807,0.009673518742442563,0.009068923821039904,0.0018137847642079807,1500,0.039298669891172915,,,,,,,0.003022974607013301,0.007255139056831923,,,,0.0048367593712212815,,,0.9087061668681983,0.6922611850060459,0.5773881499395405,0.03325272067714631,1720.0,0.19347037484885127,0.04171704957678356,0.02781136638452237,0.16686819830713423,0.08645707376058041,0.013301088270858524,0.019347037484885126,0.02962515114873035,0.008464328899637243,215.0,0.0036275695284159614,0.007255139056831923,0.0012091898428053204,,,0.03009027081243731,0.08525576730190572,0.03009027081243731,,,,,,,,,,,,,,,,,,,,,,,,0.0018137847642079807,0.0012091898428053204,0.0012091898428053204,,,,,,,,
GM0638,Zoeterwoude,2011,8303,0.12019751896904733,0.4962061905335421,0.5034324942791762,0.24087679152113695,0.1945080091533181,0.32638805251114056,0.19571239311092375,0.034324942791762014,0.8972660484162351,0.057810429965072865,0.04456220643141033,0.1023726363964832,0.0024087679152113694,0.009032879682042635,0.008430687703239792,0.0024087679152113694,7160,0.03793809466457907,0.38480067445501626,0.005419727809225581,0.005419727809225581,0.036733710706973385,0.015656991448873902,0.18969047332289535,0.0024087679152113694,0.007226303745634108,195.0,0.5022281103215706,0.001806575936408527,0.0060219197880284235,,,0.966518125978562,0.683487895941226,0.5973744429724196,0.043357822473804646,1795.0,0.1993255449837408,0.04576659038901602,0.027098639046127904,0.17403348187402143,0.09153318077803203,0.015054799470071059,0.02047452727929664,0.036733710706973385,0.009635071660845478,275.0,0.003613151872817054,0.008430687703239792,0.0012043839576056847,,,0.025050100200400802,0.08016032064128256,0.04008016032064128,,,,,,,,,,,,,,,,,,,,,,,,0.0012043839576056847,0.001806575936408527,0.001806575936408527,,0.01002004008016032,,,,,,
GM0638,Zoeterwoude,2012,8246,0.11496483143342226,0.4947853504729566,0.5056997332039777,0.2352655833131215,0.18918263400436575,0.3298569003153044,0.20312878971622605,0.03516856657773466,0.8986175115207373,0.05699733203977686,0.04426388552025225,0.10126121756002911,0.001819063788503517,0.009701673538685424,0.006669900557846229,0.002425418384671356,7125,0.039413048750909535,0.3856415231627456,0.006669900557846229,0.005457191365510551,0.0357749211739025,0.014552510308028135,0.19524617996604415,0.004244482173174873,0.009095318942517585,225.0,0.5026679602231385,0.001819063788503517,0.005457191365510551,,,0.9719864176570459,0.6742663109386369,0.6002910502061606,0.0357749211739025,1820.0,0.18736357021586222,0.043051176327916565,0.02910502061605627,0.1758428328886733,0.09883579917535774,0.015158864904195974,0.018796992481203006,0.039413048750909535,0.01212709192335678,295.0,0.002425418384671356,0.010308028134853263,0.001212709192335678,,,0.02109704641350211,0.08438818565400844,0.04219409282700422,,0.002425418384671356,0.001819063788503517,0.004244482173174873,0.001819063788503517,,0.002425418384671356,0.001212709192335678,,,,0.001819063788503517,0.001212709192335678,,,,,,,,,,,0.002425418384671356,0.001819063788503517,0.001212709192335678,,0.25316455696202533,,,,,,
GM0638,Zoeterwoude,2013,8242,0.11562727493326862,0.49623877699587476,0.503518563455472,0.23295316670710992,0.18745450133462752,0.3294103372967726,0.20626061635525358,0.03700558116961902,0.8954137345304538,0.05945158942004368,0.044892016500849306,0.10434360592089299,0.0024265954865323952,0.00909973307449648,0.006066488716330988,0.0024265954865323952,7095,0.04064547439941762,0.3834020868721184,0.007279786459597185,0.006066488716330988,0.03700558116961902,0.015772870662460567,0.1941276389225916,0.00909973307449648,0.012132977432661975,220.0,0.5010919679689396,0.0018199466148992962,0.0048531909730647905,,,0.9718514923562243,0.6667071099247756,0.5787430235379762,0.03761223004125212,1830.0,0.18866779907789372,0.0479252608590148,0.02911914583838874,0.17592817277359865,0.10434360592089299,0.012739626304295074,0.021839359378791556,0.04125212327105072,0.012132977432661975,305.0,0.0024265954865323952,0.010919679689395778,,,,0.02098635886673662,0.06820566631689402,0.04197271773347324,15.0,0.003033244358165494,0.0012132977432661976,0.0036398932297985924,0.0048531909730647905,,0.007279786459597185,0.0012132977432661976,,,0.0012132977432661976,0.0024265954865323952,0.0018199466148992962,,,,,,0.0012132977432661976,,,,0.0012132977432661976,0.0018199466148992962,0.0018199466148992962,0.0024265954865323952,,0.4144805876180483,,0.15894200436787187,0.10798349915069158,,0.15833535549623878,0.16197524872603736
GM0638,Zoeterwoude,2014,8221,0.11677411507115923,0.49750638608441794,0.5023719742123829,0.2232088553703929,0.1915825325386206,0.32599440457365286,0.21226128208247172,0.03831650650772412,0.8897944289015934,0.06021165308356648,0.0492640797956453,0.10947573287921178,0.0030409925799781048,0.009731176255929936,0.006690183675951831,0.002432794063982484,6985,0.026760734703807323,0.37951587398126746,0.010947573287921177,0.007298382191947452,0.0377083079917285,0.013988565867899282,0.2000973117625593,0.004257389611969347,0.009122977739934314,205.0,0.4938571949884442,0.001824595547986863,0.0060819851599562096,,,0.9700766330130155,0.656246198759275,0.57778859019584,0.04561488869967157,1835.0,0.18124315776669506,0.04561488869967157,0.02980172728378543,0.17820216518671694,0.10765113733122492,0.014596764383894904,0.021286948059846735,0.03831650650772412,0.011555771803916799,295.0,0.001824595547986863,0.010947573287921177,,,,0.020833333333333332,0.0625,0.046875,15.0,0.002432794063982484,0.001216397031991242,0.0030409925799781048,0.0030409925799781048,,0.007906580707943072,0.001216397031991242,,,0.001824595547986863,0.001824595547986863,,,,,,0.001216397031991242,0.001216397031991242,,,,0.001216397031991242,0.001824595547986863,0.002432794063982484,0.001824595547986863,,0.4010416666666667,,0.16786279041479138,0.11373312249118112,,0.1623890037708308,0.16786279041479138
GM0638,Zoeterwoude,2015,8222,0.11615178788615908,0.49744587691559233,0.5029189978107517,0.21831671126246655,0.19703235222573584,0.320481634638774,0.2158842130868402,0.040744344441741666,0.8860374604719047,0.06324495256628558,0.05108246168815373,0.1143274142544393,0.0030406227195329603,0.009729992702505474,0.006689369982972513,0.0030406227195329603,6955,0.0231087326684505,0.38068596448552666,0.010338117246412065,0.008513743614692289,0.035879348090488934,0.013378739965945026,0.20128922403308197,0.0030406227195329603,0.008513743614692289,220.0,0.48528338603746046,0.0018243736317197761,0.006081245439065921,15.0,0.04986621260034055,0.9657017757236682,0.6543420092434931,0.5868401848698613,0.03283872537095597,1895.0,0.19216735587448308,0.04682558988080759,0.030406227195329604,0.1842617368036974,0.11736803697397227,0.015203113597664802,0.022500608124543908,0.04317684261736804,0.012162490878131841,330.0,0.0036487472634395522,0.010946241790318657,,,,0.031413612565445025,0.06806282722513089,0.041884816753926704,15.0,0.0018243736317197761,0.0018243736317197761,0.0036487472634395522,0.0042568718073461445,,0.005473120895159328,0.0018243736317197761,,,0.0018243736317197761,0.0024324981756263684,0.0012162490878131842,,,,,0.0012162490878131842,0.0012162490878131842,,,,,0.0012162490878131842,0.0018243736317197761,0.0024324981756263684,,0.387434554973822,,0.16784237411821942,0.12162490878131842,,0.16784237411821942,0.17331549501337873
GM0638,Zoeterwoude,2016,8491,0.11989164998233423,0.49523024378753977,0.504651984454128,0.22023318808149805,0.2049228594982923,0.31209515958073253,0.21257802378989518,0.04180897420798493,0.8809327523259922,0.06418560829113179,0.05476386762454363,0.11894947591567542,0.004122011541632316,0.010010599458249912,0.006477446708279355,0.004122011541632316,7175,0.025320928041455658,0.384524790955129,0.01059945824991167,0.008244023083264633,0.03474266870804381,0.014132610999882228,0.1978565539983512,0.007066305499941114,0.01059945824991167,225.0,0.4699093157460841,0.001177717583323519,0.005299729124955835,140.0,0.04710870333294076,0.9686727122835944,0.6624661406194794,0.5888587916617595,0.032387233541396776,1920.0,0.18843481333176304,0.04769756212460252,0.028265221999764455,0.17960193145683664,0.1148274643740431,0.015310328583205747,0.020021198916499824,0.044164409374631966,0.01354375220822047,345.0,0.0029442939583087975,0.01236603462489695,0.001177717583323519,,,0.02455795677799607,0.08349705304518663,0.04420432220039293,15.0,0.0017665763749852785,0.002355435166647038,0.0029442939583087975,0.004710870333294076,,0.005888587916617595,0.001177717583323519,,,0.0017665763749852785,0.003533152749970557,,,,,,,0.001177717583323519,,,,,0.0017665763749852785,0.002355435166647038,0.0029442939583087975,,0.4764243614931238,,0.17194676716523377,0.13484866329054293,,0.171357908373572,0.18666823695677776
GM0638,Zoeterwoude,2017,8549,0.12036495496549304,0.4959644402854135,0.5041525324599369,0.2222482161656334,0.2047023043630834,0.3070534565446251,0.21581471517136508,0.04211018832612001,0.877880453854252,0.06433500994268336,0.05790150894841502,0.12223651889109838,0.004678909814013335,0.00935781962802667,0.006433500994268335,0.004678909814013335,7230,0.02047023043630834,0.38776465083635514,0.007603228447771669,0.007603228447771669,0.03450695987834834,0.014621593168791672,0.19826880336881506,0.006433500994268335,0.014036729442040005,235.0,0.4503450695987835,,0.004094046087261668,195.0,0.045619370686630016,0.9609311030529887,0.6532927827816118,0.5889577728389286,0.030997777517838342,1915.0,0.18481693765352672,0.045034506959878345,0.028658322610831677,0.1783834366592584,0.11463329044332671,0.015791320622295005,0.019885366709556672,0.045034506959878345,0.015206456895543338,350.0,0.0029243186337583344,0.014036729442040005,0.0011697274535033338,,,0.019436345966958212,0.0923226433430515,0.06316812439261418,15.0,0.0023394549070066676,0.0017545911802550006,0.0023394549070066676,0.004678909814013335,,0.005848637267516669,0.0011697274535033338,,,0.0011697274535033338,0.0023394549070066676,,,,,,,,,,,,0.0011697274535033338,0.0017545911802550006,0.0029243186337583344,,0.46647230320699706,,0.17896830038601005,0.14387647678091003,,0.1818926190197684,0.1976839396420634
GM0638,Zoeterwoude,2018,8583,0.12023767913317022,0.4974950483513923,0.5021554235115927,0.21845508563439356,0.20680414773389258,0.30175929162297566,0.21962017942444367,0.044273564021903765,0.8744028894325994,0.06524525224280554,0.0600023301875801,0.12524758243038564,0.005825468950250495,0.009903297215425842,0.006990562740300594,0.004660375160200396,7220,0.01223348479552604,0.39438424793195853,0.005242922055225445,0.007573109635325643,0.03320517301642782,0.015146219270651287,0.20039613188861705,0.003495281370150297,0.006990562740300594,210.0,0.4246766864732611,,0.0040778282651753464,175.0,0.04660375160200396,0.9588721892112315,0.6565303506932308,0.5807992543399744,0.03437026680647792,1945.0,0.18991028777816615,0.04776884539205406,0.029127344751252476,0.18058953745776535,0.1153442852149598,0.017476406850751487,0.018058953745776533,0.04077828265175346,0.015146219270651287,305.0,0.002330187580100198,0.01339857858557614,0.001165093790050099,,,0.014534883720930232,0.06298449612403101,0.05813953488372093,15.0,0.001165093790050099,,,0.003495281370150297,,0.004660375160200396,,,,,,,,,,,,,,,,,0.0017476406850751485,0.0017476406850751485,0.002330187580100198,,0.4021317829457364,,0.1835022719328906,0.15087964581148783,,0.18932774088314108,0.20505650704881742
GM0638,Zoeterwoude,2019,8747,0.12244198010746542,0.5007431119240883,0.4995998628101063,0.2200754544415228,0.21035783697267635,0.2903852749514119,0.22407682634045958,0.045158340002286496,0.8682977020692809,0.06745169772493426,0.06459357493997943,0.13204527266491367,0.00685949468389162,0.009717617468846461,0.007431119240882588,0.004572996455927746,7300,0.0062878701269006515,0.39556419343775007,0.005144621012918715,0.0062878701269006515,0.032582599748485194,0.01657711215273808,0.19778209671887503,0.005716245569909684,0.011432491139819367,205.0,0.41214130559048817,,0.002858122784954842,345.0,0.04744483823025037,0.9511832628329713,0.6447925002858123,0.5859151709157425,0.03086772607751229,1980.0,0.18349148279410082,0.04458671544529553,0.029152852406539385,0.17777523722419114,0.11661140962615754,0.018291985823710985,0.021150108608665827,0.037155596204412944,0.01371898936778324,300.0,0.002858122784954842,0.012004115696810334,0.0011432491139819366,,,0.018674136321195144,0.06535947712418301,0.056022408963585436,25.0,0.0011432491139819366,,,0.00342974734194581,,0.005144621012918715,,,,,,,,,,,,,,,,,0.0011432491139819366,0.002286498227963873,0.002286498227963873,,0.39215686274509803,,0.18463473190808277,0.16291299874242599,0.21035783697267635,0.1880644792500286,0.21607408254258603
GM0638,Zoeterwoude,2020,8986,0.13009125306031605,0.5002225684397953,0.4996661473403071,0.21644780770086802,0.21978633429779657,0.28099265524148676,0.22813265079011796,0.0450701090585355,0.8674604941019364,0.06565768973959493,0.0667705319385711,0.13242822167816604,0.007233474293345203,0.010015579790785666,0.007789895392833296,0.00445136879590474,7545,0.005564210994880926,0.40006677053193856,0.00445136879590474,0.005564210994880926,0.03338526596928555,0.016136211885154687,0.19752949031827288,0.006120632094369019,0.014466948586690407,195.0,0.3917204540396172,,0.0033385265969285557,350.0,0.04673937235699978,0.9514800801246384,0.6120632094369018,0.5458490985978188,0.036167371466726016,2030.0,0.1736033830402849,0.04061874026263076,0.02837747607389272,0.17694190963721346,0.11350990429557088,0.018361896283107054,0.01947473848208324,0.03950589806365457,0.013354106387714223,330.0,0.002782105497440463,0.012241264188738037,0.001112842198976185,,,0.01710863986313088,0.05132591958939264,0.04704875962360992,15.0,,,,0.0033385265969285557,,0.002782105497440463,,,,,0.001112842198976185,,,,,,,,,,,,0.001112842198976185,0.0016692632984642779,0.0016692632984642779,,0.3763900769888794,,0.19307812152236814,0.17694190963721346,0.20921433340752282,0.18918317382595148,0.234253282884487
GM0638,Zoeterwoude,2021,9434,0.1407674369302523,0.5008479966080136,0.4992580029679881,0.21199915200339198,0.22630909476362093,0.27400890396438415,0.22948908204367183,0.04663981344074624,0.8638965444138224,0.06624973500105999,0.06942972228111087,0.13567945728217087,0.0079499682001272,0.01006995972016112,0.00900996396014416,0.00476998092007632,7940,0.00953996184015264,0.40438838244647024,0.0031799872800508796,0.006359974560101759,0.03232987068051728,0.0158999364002544,0.19874920500318,0.0079499682001272,0.0158999364002544,155.0,0.3969684121263515,,0.00423998304006784,565.0,0.04610981556073776,0.95187619249523,0.6206275174899301,0.5602077591689634,0.03338986644053424,2115.0,0.17383930464278144,0.04345982616069536,0.028619885520457918,0.17542929828280687,0.11129955480178079,0.01695993216027136,0.01801992792028832,0.04292982828068688,0.014309942760228959,375.0,0.0026499894000424,0.012719949120203519,0.00105999576001696,,,0.022590361445783132,0.02635542168674699,0.05647590361445783,25.0,0.00105999576001696,,,0.0031799872800508796,,0.0031799872800508796,,,,0.00105999576001696,,,,,,,,,,,,,0.0015899936400254398,0.0015899936400254398,0.00211999152003392,,0.39156626506024095,,0.20457918168327327,0.185499258002968,0.20563917744329022,0.19079923680305277,0.2485690057239771
GM0638,Zoeterwoude,2022,9588,0.14351272423863162,0.4990613266583229,0.5006257822277848,0.21328744263662913,0.23049645390070922,0.26595744680851063,0.23258239465999164,0.04849812265331665,0.8531497705465165,0.07248644138506466,0.0745723821443471,0.14705882352941177,0.007822277847309137,0.010429703796412181,0.010429703796412181,0.005214851898206091,7960,0.005214851898206091,0.4020650813516896,0.0031289111389236545,0.0073007926574885276,0.03181059657905715,0.015644555694618274,0.19764288694201085,0.0020859407592824365,0.009908218606591572,130.0,0.41093032957863995,,0.0031289111389236545,345.0,0.04536921151439299,0.944409678765123,0.6336045056320401,0.5819774718397998,,2170.0,0.18095536086775135,0.041718815185648725,0.03024614100959533,0.17365456821026282,0.11055486024196913,0.014601585314977055,0.0172090112640801,0.043283270755110556,0.014080100125156446,385.0,0.0020859407592824365,0.012515644555694618,,,0.007267441860465116,0.018168604651162792,0.02180232558139535,0.050872093023255814,20.0,0.0010429703796412183,,,0.0026074259491030453,,0.004693366708385482,,,,,,,,,,,,,,,,,0.0020859407592824365,0.0010429703796412183,0.0026074259491030453,,0.3815406976744186,,0.2007717980809345,0.19242803504380476,0.20546516478931998,0.19242803504380476,0.2503128911138924
GM0638,Zoeterwoude,2023,9875,0.15027848101265823,0.4962025316455696,0.5037974683544304,0.20405063291139242,0.250126582278481,0.2541772151898734,0.23139240506329115,0.04962025316455696,0.8440506329113924,0.0759493670886076,0.07949367088607595,0.15544303797468353,0.009113924050632912,0.010126582278481013,0.011645569620253165,0.0060759493670886075,8160,0.005063291139240506,0.40860759493670884,0.0030379746835443038,0.006582278481012658,0.030379746835443037,0.016708860759493672,0.1959493670886076,0.0035443037974683543,0.012151898734177215,115.0,0.40759493670886077,,0.0035443037974683543,355.0,0.045063291139240506,,,,,2215.0,0.17924050632911392,0.0369620253164557,0.030886075949367087,0.17367088607594935,0.10734177215189873,0.015189873417721518,0.016708860759493672,0.044050632911392405,0.014177215189873417,410.0,0.0030379746835443038,0.013164556962025316,,,0.006738544474393531,0.016846361185983826,0.02358490566037736,0.05053908355795148,20.0,0.0010126582278481013,,,0.0035443037974683543,,0.005063291139240506,,0.0010126582278481013,,,,,,,,,,,,,,,0.0015189873417721519,0.0015189873417721519,0.002531645569620253,,0.32345013477088946,,0.20911392405063292,0.2010126582278481,0.2020253164556962,0.19443037974683544,0.26126582278481014
GM0638,Zoeterwoude,2024,9801,0.14457708397102337,0.49535761656973776,0.5050505050505051,0.2015100499948985,0.2484440363228242,0.24793388429752067,0.2382409958167534,0.052545658606264666,0.8437914498520559,0.07499234771962045,0.08162432404856647,0.15661667176818692,0.009692888480767268,0.010203040506070809,0.011733496581981431,0.006121824303642486,8295,0.041832466074890315,,,,,,,0.03162942556881951,0.03264972961942659,,,,,585.0,,,,,,,,,,,,,,,,,,,,,,,,,,,,,,,,,,,,,,,,,,,,,,,,,,,,,,,,,,
GM1525,Teylingen,2009,36662,0.7019529758332879,0.49751786591020675,0.5024275816922154,0.2645791282526867,0.22230102012983471,0.30044732966013854,0.16324804975178658,0.03955048824395832,0.866292073536632,0.0863291691669849,0.0473242048988053,0.1336533740657902,0.006682668703289509,0.0065462877093448255,0.0036822868365064642,0.0035459058425617806,7020,0.01663848126125143,,,,,,,0.004773334788063935,0.007228192679068245,,,0.0016365719273362064,,,,0.9642136271889149,0.7019529758332879,0.5346134962631608,0.03109486661938792,7575.0,0.1917516774862255,0.04091429818340516,0.029321913698107032,0.16802138453985052,0.07391849871801866,0.019229720146200426,0.01554743330969396,0.032867819540668815,,1110.0,0.031231247613332607,,0.010364955539795974,,,,,,,,,,,,,,,,,,,,,,,,,,,,,0.016365719273362063,0.011592384485298129,0.020184387103813213,0.0006819049697234194,,,,,,,
GM1525,Teylingen,2010,36718,0.7092978920420502,0.49907402363963177,0.5009804455580369,0.26104362982733265,0.21774061768070158,0.3055721989215099,0.16613105288959093,0.03894547633313361,0.8638814750258729,0.08728688926412113,0.048749931913502915,0.13603682117762406,0.006944822702761588,0.006400130726074405,0.003676670842638488,0.0034043248542948963,6610,0.013753472411351381,,,,,,,0.004221362819325672,0.009123590609510322,,,0.0013617299417179585,0.006400130726074405,,,0.9683261615556403,0.7000653630372025,0.538291845961109,0.034315594531292556,7690.0,0.19772318753744758,0.04357535813497467,0.03050275069448227,0.16980772373222944,0.07993354757884416,0.01865570020153603,0.016204586306443707,0.03812843836810284,0.012391742469633423,1285.0,0.03336238357208998,0.011438531510430852,0.010893839533743668,0.0005759483950238058,,0.02610966057441253,0.015166641068960221,0.05145138995545999,,,,,,95.0,,,,,,,,0.0002723459883435917,0.0002723459883435917,0.0002723459883435917,0.0014979029358897543,0.0014979029358897543,0.0014979029358897543,,,,0.0023149409009205293,0.014161991393866768,0.01116618552208726,0.01906421918405142,0.0005446919766871834,0.005951466748579327,,,,,,
GM1525,Teylingen,2011,36482,0.7159695192149553,0.498876158105367,0.5010690203387972,0.2576613124280467,0.212022367194781,0.3097417904720136,0.16953566142207116,0.040705005208047804,0.8642618277506716,0.08675511211008169,0.049065292473000385,0.13582040458308206,0.006989748369058714,0.006304478921111781,0.003837508908502823,0.003289293350145277,31495,0.012608957842223562,0.3964969025820953,0.0071268022586481,0.005345101693986076,0.005756263362754235,0.016857628419494546,0.17954059536209638,0.00397456279809221,0.008908502823310125,1030.0,0.5166931637519873,0.0010964311167150924,0.006989748369058714,,,0.9763719094347898,0.6954114357765473,0.5619209473164848,0.04289786744147799,7910.0,0.2047585110465435,0.046598322460391424,0.03193355627432706,0.17515487089523601,0.08620689655172414,0.017954059536209637,0.01713173619867332,0.04056795131845842,0.013842442848528041,1360.0,0.03645633463077682,0.012608957842223562,0.011375472835919083,0.00038284839203675346,,0.027182235834609495,0.01875957120980092,0.05781010719754977,,,,,,85.0,,0.0002741077791787731,,,,,,0.0004111616687681596,0.0005482155583575462,0.0005482155583575462,0.0016446466750726385,0.0028781316813771174,0.0028781316813771174,,,,0.002466970012608958,0.019598706211282277,0.015350035634011293,0.026040239021983443,0.001233485006304479,0.009188361408882083,,,,,,
GM1525,Teylingen,2012,36569,0.7193251114331811,0.4985096666575515,0.501517678908365,0.25800541442205144,0.2083732122836282,0.30996198966337607,0.17255052093303072,0.04224889934097186,0.8605649593918346,0.08791599442150455,0.05154639175257732,0.13946238617408188,0.00765675845661626,0.006289480160791928,0.00382837922830813,0.0036916513987256968,31590,0.012578960321583855,0.39295578221991306,0.007793486286198693,0.006152752331209495,0.006289480160791928,0.01654406737947442,0.18143782985588885,0.004238562717055429,0.009570948070770325,1175.0,0.513823183570784,0.0012305504662418988,0.00724657496786896,,,0.9771937980256501,0.6841860592304958,0.5631819300500424,0.04156526019305969,8040.0,0.19333315102956056,0.04402636112554349,0.03267795127020154,0.17719926713883344,0.09133419016106538,0.017774617845716316,0.016817523038639284,0.0411550767043124,0.015040061254067653,1400.0,0.0370532418168394,0.01408296644699062,0.012578960321583855,0.00038015586390420075,,0.031172780840144458,0.018437559399353733,0.0541722106063486,50.0,0.0030080122508135305,0.0017774617845716318,0.0021876452733189315,0.0015040061254067653,95.0,0.003965107057890563,0.0015040061254067653,,,0.0008203669774945993,0.0009570948070770325,0.0005469113183297329,0.00041018348874729963,0.0009570948070770325,0.0009570948070770325,0.001367278295824332,0.00382837922830813,0.00382837922830813,,0.00027345565916486644,0.00027345565916486644,0.0024611009324837976,0.019005168311958216,0.016817523038639284,0.02720883808690421,0.001914189614154065,0.23056453145789774,,,,,,
GM1525,Teylingen,2013,36486,0.7225785232691991,0.49813627144658224,0.5018363207805734,0.2532478210820589,0.2072027627035027,0.3098448720057008,0.17787644576001754,0.04289316450145261,0.8586855232143836,0.08852710628734309,0.05289700158965083,0.14142410787699392,0.007674176396426026,0.006303787754207093,0.003974127062434906,0.003837088198213013,31380,0.0123334977799704,0.38932741325439896,0.010826070273529572,0.0061667488899852,0.00698898207531656,0.01603354711396152,0.18445431124266842,0.00534451570465384,0.011785342323082827,1285.0,0.5240366167845201,0.00082223318533136,0.006851943211094666,,,0.9794167625938717,0.6703941237735022,0.5478813791591295,0.04535986405744669,8055.0,0.1929507208244258,0.04563394178589048,0.03384859946280765,0.1762319793893548,0.09318642767088746,0.018637285534177494,0.016307624842405305,0.03823384311790824,0.01315573096530176,1275.0,0.03234117195636683,0.012196458915748507,0.011648303458860932,,,0.030344409042633896,0.014603246851767561,0.04684418145956608,125.0,0.0031518938771035467,0.00164446637066272,0.00164446637066272,0.003837088198213013,95.0,0.00657786548265088,0.00164446637066272,,0.00041111659266568,0.0010963109137751466,0.00164446637066272,0.0013703886422189334,0.00041111659266568,0.0010963109137751466,0.00123334977799704,0.0019185440991065065,0.0041111659266568,0.0050704379762100535,,0.00027407772844378664,0.00027407772844378664,0.0023296606917721867,0.0226114125966124,0.019596557583730745,0.03206709422792304,0.0019185440991065065,0.35806402670307996,,0.16197993751027792,0.13525735898700872,,0.15636134407718028,0.19390999287397906
GM1525,Teylingen,2014,36327,0.7255760178379718,0.4992154595755223,0.5008671236270542,0.24967654912324166,0.2045310650480359,0.3100999256751177,0.18237123902331598,0.04418201337847882,0.8559748947064167,0.08974041346656757,0.054367275029592314,0.14410768849615987,0.007570126902854626,0.006469017535166681,0.00426679879979079,0.003991521457868803,31055,0.008946513612464558,0.38621411071654693,0.01252511905745038,0.006744294877088667,0.00729484956093264,0.016241363173397198,0.18594984446830182,0.003991521457868803,0.01252511905745038,1110.0,0.5102265532524018,0.000688193354804966,0.00688193354804966,,,0.9791615052165056,0.6658958901092851,0.5533074572631926,0.05835879648746112,8035.0,0.1924188620034685,0.047072425468659675,0.03317091970159936,0.17521402813334436,0.0949706829630853,0.017755388553968122,0.015966085831475213,0.041979794643102926,0.014314421779943293,1420.0,0.03358383571448234,0.013213312412255348,0.011286371018801443,,,0.034334926777448975,0.013658092419758707,0.05596023977540026,100.0,0.0030280507611418505,0.0016516640515319184,0.0017893027224929116,0.0038538827869078096,85.0,0.006193740193244694,0.0017893027224929116,0.0004129160128829796,0.0004129160128829796,0.0009634706967269524,0.0017893027224929116,0.000688193354804966,0.0004129160128829796,0.0011011093676879457,0.0015140253805709253,0.0019269413934539048,0.004679714812673769,0.006606656206127674,,,0.0004129160128829796,0.0022022187353758914,0.026426624824510695,0.022159826024719904,0.03785063451427313,0.002064580064414898,0.3697169739737461,,0.1639276571145429,0.14204310843174497,,0.16103724502436204,0.19957607289344015
GM1525,Teylingen,2015,36704,0.7283674803836094,0.4979021360069747,0.5021251089799477,0.24643090671316478,0.20556342632955535,0.3067785527462947,0.18690061028770708,0.04631647776809067,0.8518145161290323,0.091134481255449,0.05707824760244115,0.14821272885789014,0.007901046207497821,0.006675021795989538,0.0040867480383609414,0.0040867480383609414,31340,0.009127070619006103,0.38837728857890147,0.010897994768962511,0.007083696599825632,0.007083696599825632,0.016891891891891893,0.18758173496076722,0.007764821272885789,0.016755666957279862,1140.0,0.503078683522232,0.00040867480383609413,0.00681124673060157,870.0,0.019888840453356583,0.9780950305143854,0.6661399302528335,0.5528007846556233,0.04113993025283348,8260.0,0.19657258064516128,0.04917720139494333,0.033783783783783786,0.17736486486486486,0.09889930252833479,0.018254141238012205,0.016755666957279862,0.04263840453356582,0.014303618134263296,1470.0,0.033783783783783786,0.013350043591979076,0.01076176983435048,,,0.03441310690506471,0.014775192638587566,0.056108326475648986,120.0,0.0031331734960767217,0.0013622493461203139,0.001770924149956408,0.0039505231037489106,85.0,0.006675021795989538,0.0014984742807323452,0.0005448997384481255,0.00040867480383609413,0.001089799476896251,0.0016346992153443765,0.0008173496076721883,0.0008173496076721883,0.0012260244115082826,0.0019071490845684394,0.0016346992153443765,0.004631647776809067,0.006675021795989538,,,0.00040867480383609413,0.002179598953792502,0.03024193548387097,0.026018962510897994,0.04277462946817785,0.002179598953792502,0.36956684371960796,,0.16810156931124673,0.1510734524847428,,0.1636061464690497,0.20910527462946818
GM1525,Teylingen,2016,36769,0.734395822567924,0.4991976937093747,0.5008295031140363,0.2421877124751829,0.20683184204084962,0.3047404063205418,0.1901057956430689,0.0471864886181294,0.8477249857216677,0.09246919959748702,0.059697027387201174,0.15216622698468818,0.008295031140362806,0.006527237618646142,0.004215507628708967,0.004079523511653839,31290,0.00856699937447306,0.3875547336071147,0.010334792896189725,0.008159047023307678,0.007071174086866654,0.01672604639778074,0.1901057956430689,0.005711332916315375,0.014686284641953819,1115.0,0.4864151867061927,0.0006799205852756398,0.006119285267480758,1700.0,0.019037776387717916,0.97772580162637,0.6691778400282847,0.5678696728222143,0.04147515570181403,8250.0,0.19636106502760478,0.05045010742745247,0.03263618809323071,0.17664336805461123,0.10076423073784982,0.01672604639778074,0.016590062280725612,0.04419483804291659,0.01536620522722946,1515.0,0.03358807691261661,0.014142348173733308,0.011150697598520493,,,0.035366440765840834,0.022034588749398214,0.06443728474613931,105.0,0.003263618809323071,0.0019037776387717915,0.0019037776387717915,0.0043514917457640944,85.0,0.006799205852756398,0.0017677935217166635,0.0005439364682205118,0.0005439364682205118,0.0013598411705512796,0.0017677935217166635,0.0005439364682205118,0.0005439364682205118,0.0013598411705512796,0.0019037776387717915,0.0019037776387717915,0.004623459979874351,0.006799205852756398,,,0.0002719682341102559,0.0023117299899371754,0.03086839457151405,0.028284696347466616,0.04487475862819223,0.0021757458728820472,0.4684664666888864,,0.17541951100111508,0.1574696075498382,,0.17133998748946122,0.2183904919905355
GM1525,Teylingen,2017,37297,0.7427138911976835,0.5001742767514814,0.4999061586722793,0.23782073625224548,0.2112770464112395,0.30190095718154275,0.192910957985897,0.04611630962275786,0.8426951229321393,0.09424350483953133,0.06300774861248894,0.15725125345202026,0.007909483336461378,0.0058985977424457735,0.00442394830683433,0.00469206638603641,31765,0.008177601415663458,0.3934632812290533,0.00884789661366866,0.00938413277207282,0.007373247178057216,0.016891438989731077,0.18754859640185537,0.006166715821647854,0.016623320910528996,1145.0,0.47617770866289516,0.0006702951980052015,0.0058985977424457735,1705.0,0.015818966672922756,0.9774244577311848,0.6677480762527818,0.5674719146312036,0.041424243236721454,8355.0,0.1966646110947261,0.05054025792959219,0.03136981526664343,0.17709199131297423,0.1028232833739979,0.017159557068933157,0.015550848593720674,0.04906560849398075,0.017159557068933157,1720.0,0.03632999973188192,0.015953025712523796,0.012333431643295707,,,0.03880726327569402,0.02617234034872387,0.06461860582650446,100.0,0.0028152398316218462,0.001742767514813524,0.001742767514813524,0.003619594069228088,105.0,0.007641365257259297,0.0018768265544145642,0.0005362361584041611,0.0006702951980052015,0.0012065313564093626,0.0014746494356114434,0.0005362361584041611,0.0005362361584041611,0.0014746494356114434,0.0020108855940156045,0.001742767514813524,0.00469206638603641,0.007507306217658257,0.0002681180792020806,0.0002681180792020806,0.0004021771188031209,0.002681180792020806,0.03150387430624447,0.028420516395420543,0.04477571922674746,0.0025471217524197657,0.4642431681166745,10445.0,0.18325870713462208,0.16757379950130039,,0.17668981419417112,0.2321902565890018
GM1525,Teylingen,2018,37709,0.7452332334455966,0.49961547641146675,0.500411042456708,0.2338964173009096,0.21467023787424752,0.29767429526107825,0.19650481317457372,0.04693839666923016,0.8385266116842133,0.09599830279243682,0.06550160439152457,0.1614999071839614,0.008353443475032486,0.0059667453393089185,0.00437561324882654,0.00437561324882654,32065,0.00782306611153836,0.39950674905195044,0.007160094407170702,0.009281603861147207,0.006762311384550107,0.017900236017926754,0.18656023760905885,0.006629717043676576,0.015380943541329656,1120.0,0.4467103344029277,0.00039778302262059455,0.005834150998435387,1720.0,0.015380943541329656,0.977883263942295,0.6657561855260018,0.566045241189106,0.04216500039778302,8445.0,0.19783075658330904,0.0509162268954361,0.03076188708265931,0.17661566204354398,0.10421915192659577,0.01564613222307672,0.016441698268317907,0.044949481556127185,0.01750245299530616,1600.0,0.033811556922750535,0.016309103927444377,0.012729056723859026,0.0010675396768913244,,0.040388584442388444,0.030602804070884636,0.06814461604156288,105.0,0.001060754726988252,0.0006629717043676576,0.00039778302262059455,0.003314858521838288,105.0,0.003580047203585351,0.00039778302262059455,0.000530377363494126,0.00039778302262059455,0.0006629717043676576,0.001060754726988252,0.0006629717043676576,0.0006629717043676576,0.0013259434087353151,0.0019889151131029727,0.0018563207722294413,0.004905990612320666,0.0075578774297912965,,0.00039778302262059455,0.000530377363494126,0.0019889151131029727,0.03261820785488875,0.02983372669654459,0.04799915139621841,0.0026518868174706303,0.40744431001352216,10465.0,0.18868174706303534,0.17515712429393512,,0.1796653318836352,0.24092391736720678
GM1525,Teylingen,2019,38058,0.7444689684166272,0.4985811130379946,0.5014714383309685,0.23030637448105523,0.21769404592989647,0.2928425035472174,0.200614851016869,0.048872773135740184,0.8358295233590836,0.09695727573703294,0.0671343738504388,0.16409164958747174,0.008539597456513743,0.006043407430763571,0.004466866361868727,0.004466866361868727,32400,0.006043407430763571,0.4067475957748699,0.005517893741131956,0.008276840611697934,0.006831677965210994,0.01826160071469862,0.18839665773293393,0.004466866361868727,0.011561301171895529,1010.0,0.42842503547217403,0.0003941352672237112,0.005123758473908245,1890.0,0.01694781649061958,0.9767985706027642,0.6675337642545588,0.5716275158967891,0.04256660886016081,8605.0,0.19680487676703978,0.049135529980555995,0.02995428030900205,0.1768353565610384,0.10470860265909927,0.014714383309685218,0.017079194913027486,0.04414314992905565,0.016685059645803774,1575.0,0.02929738819696253,0.015634032266540542,0.01129854432707972,0.001588253979458582,,0.04094165813715456,0.0282356263014859,0.0698831750961776,105.0,0.0010510273792632297,0.0005255136896316149,,0.0035472174050134005,100.0,0.004992380051500342,0.00026275684481580743,0.0005255136896316149,0.0003941352672237112,0.0006568921120395187,0.0009196489568553261,0.0003941352672237112,0.0005255136896316149,0.0013137842240790374,0.0022334331809343634,0.001445162646486941,0.00459824478427663,0.0069630563876188975,0.00026275684481580743,0.0005255136896316149,0.0006568921120395187,0.0026275684481580747,0.03284460560197593,0.028771874507330916,0.04519417730831888,0.002364811603342267,0.40782832739208696,10455.0,0.19483420043092123,0.1832728992590257,0.2146723422145147,0.18432392663828892,0.25172105733354355
GM1525,Teylingen,2020,38472,0.7434237887294656,0.4989342898731545,0.5010137242669994,0.22613849033063008,0.221849656893325,0.28579226450405487,0.20612393428987316,0.05068621334996881,0.8315138282387191,0.09864316905801622,0.0699209814930339,0.16856415055105012,0.00870763152422541,0.006238303181534623,0.004678727386150967,0.004288833437305053,32705,0.00727802037845706,0.40691931794551883,0.006368267831149927,0.008577666874610106,0.008577666874610106,0.018325015595757953,0.19195778748180495,0.003898939488459139,0.013126429611145768,960.0,0.4086088583905178,0.00025992929923060926,0.004938656685381577,1825.0,0.017155333749220212,0.9761644832605532,0.6364368891661468,0.5251871490954461,0.04002911208151383,8600.0,0.1824703680598877,0.04457787481804949,0.029242046163443544,0.17428259513412353,0.10254210854647536,0.013776252859222292,0.015465793304221253,0.042758369723435226,0.015725722603451862,1530.0,0.02833229361613641,0.01455604075691412,0.010137242669993761,0.0013985524981643999,0.0015733715604349498,0.034963812454109996,0.045627775252613544,0.05856438586063424,80.0,0.0009097525473071324,0.00038989394884591394,0.00025992929923060926,0.0031191515907673115,95.0,0.0027292576419213972,0.00038989394884591394,0.00025992929923060926,,0.00038989394884591394,0.0009097525473071324,0.0005198585984612185,0.00025992929923060926,0.0011696818465377417,0.001819505094614265,0.0011696818465377417,0.003898939488459139,0.006368267831149927,,0.0005198585984612185,0.0006498232480765232,0.001819505094614265,0.029372010813058846,0.02690268247036806,0.042498440424204614,0.0016895404449989602,0.3695674976399427,10390.0,0.20235495945102933,0.19117799958411313,0.21158244957371594,0.18714909544603867,0.26213869827406944
GM1525,Teylingen,2021,38605,0.7434529206061391,0.4990286232353322,0.5009713767646677,0.22251003755990156,0.22419375728532573,0.2800155420282347,0.21163061779562234,0.05115917627250356,0.827742520398912,0.0990804299961145,0.07317704960497345,0.17225747960108795,0.00867763243103225,0.006216811293873851,0.005051159176272504,0.004792125372361093,32640,0.004015023960626861,0.40797824116047143,0.0059577774899624404,0.00867763243103225,0.008030047921253723,0.018520916979665847,0.19401631912964643,0.0042740577645382725,0.012304105685791995,850.0,0.39865302421966065,0.00025903380391141046,0.004403574666493978,1900.0,0.017743815567931615,0.9762984069421059,0.6417562491905193,0.5523895868410827,0.03989120580235721,8765.0,0.18805854163968397,0.044553814272762594,0.030177438155679318,0.17704960497344904,0.10477917368216552,0.013340240901437638,0.01593057894055174,0.044424297370806894,0.015801062038596037,1600.0,0.02927081984198938,0.014764926822950395,0.010361352156456418,0.0012194697048883314,0.004703668861712135,0.04233301975540922,0.039719870387791366,0.060450855370893,95.0,0.0007771014117342313,0.0005180676078228209,0.00038855070586711566,0.003496956352804041,80.0,0.0027198549410698096,0.00038855070586711566,0.0005180676078228209,,0.0006475845097785261,0.0010361352156456418,0.00025903380391141046,0.00038855070586711566,0.0010361352156456418,0.0016837197254241678,0.0012951690195570523,0.0033674394508483355,0.0060872943919181455,0.00025903380391141046,0.0006475845097785261,0.0009066183136899365,0.003626473254759746,0.031343090273280666,0.031343090273280666,0.044424297370806894,0.0019427535293355784,0.4074770913905439,10250.0,0.20813366144281828,0.19932651210983032,0.20761559383499548,0.1912964641885766,0.27107887579329104
GM1525,Teylingen,2022,39250,0.7401019108280255,0.49745222929936306,0.5025477707006369,0.2207643312101911,0.22878980891719744,0.2736305732484076,0.21554140127388535,0.05159235668789809,0.8179617834394904,0.10636942675159236,0.07579617834394904,0.1821656050955414,0.008535031847133757,0.005859872611464968,0.005477707006369427,0.004840764331210191,33030,0.003821656050955414,0.4121019108280255,0.0036942675159235667,0.008535031847133757,0.008662420382165605,0.018343949044585986,0.19197452229299364,0.0036942675159235667,0.010828025477707006,745.0,0.4173248407643312,0.00025477707006369424,0.004203821656050956,2000.0,0.017961783439490446,0.969171974522293,0.6537579617834395,0.5596178343949044,,8955.0,0.19197452229299364,0.04573248407643312,0.03070063694267516,0.17579617834394903,0.10687898089171975,0.011464968152866241,0.01554140127388535,0.04394904458598726,0.01592356687898089,1605.0,0.028662420382165606,0.014522292993630573,0.009936305732484076,0.0015491066818134876,0.006540672656545837,0.04251437226754794,0.03201487142414541,0.05783331612103687,90.0,0.001019108280254777,0.0006369426751592356,0.0005095541401273885,0.0033121019108280254,115.0,0.0036942675159235667,0.0003821656050955414,0.0003821656050955414,,0.0006369426751592356,0.0005095541401273885,0.0003821656050955414,0.0005095541401273885,0.001019108280254777,0.0016560509554140127,0.0012738853503184713,0.0031847133757961785,0.005605095541401274,0.00025477707006369424,0.0005095541401273885,0.0007643312101910828,0.0031847133757961785,0.032738853503184714,0.030318471337579617,0.045477707006369425,0.002038216560509554,0.38538331784226654,10375.0,0.20815286624203821,0.20420382165605094,0.20904458598726114,0.18980891719745224,0.27528662420382166
GM1525,Teylingen,2023,39128,0.7338478838683296,0.49861991412799017,0.5014312001635657,0.2169801676548763,0.22899202617051728,0.2703946023308117,0.2224749539971376,0.05149764874258843,0.81437845021468,0.10644551216520139,0.07922715191167451,0.18567266407687588,0.008817215293396033,0.0062615007156000815,0.005622572071151094,0.004728071968922511,32820,0.004472500511142915,0.4142813330607238,0.0029390717644653445,0.008817215293396033,0.008689429564506235,0.018784502146800244,0.19448987937027193,0.00370578613780413,0.010350644040073605,700.0,0.4250153342874668,,0.004600286240032713,1950.0,0.019423430791249235,,,,,9040.0,0.18925066448579023,0.04191371907585361,0.03271314659578818,0.17800552034348804,0.10874565528521775,0.01111735841341239,0.016739930484563483,0.045236148026988346,0.015206501737885913,1630.0,0.028879574729094255,0.014056430177877735,0.009328358208955223,0.0019154419446959672,0.008184161036428224,0.052065194678554014,0.02141812356341854,0.05659260291147176,75.0,0.0010222858311183807,0.0007667143733387855,0.00025557145777959517,0.00370578613780413,115.0,0.005111429155591904,0.00038335718666939275,0.0005111429155591903,0.00025557145777959517,0.00038335718666939275,0.0007667143733387855,0.00025557145777959517,0.0005111429155591903,0.001277857288897976,0.0017890002044571663,0.0016612144755673687,0.004089143324473523,0.005750357800040891,,0.0005111429155591903,0.0007667143733387855,0.0024279288489061543,0.031946432222449396,0.029774074831322838,0.04498057656920875,0.0017890002044571663,0.3357247335794386,10300.0,0.21135759558372522,0.20829073809037008,0.20841852381925988,0.19257309343692497,0.2792118176242077
GM1525,Teylingen,2024,38511,0.7193529121549687,0.49920801848822416,0.5007660149048324,0.21487367245722003,0.223312819713848,0.26966321310794317,0.23045363662330243,0.05258237906052816,0.8109371348445898,0.10685258757238192,0.08231414401080211,0.18916673158318403,0.009088312430214743,0.006361818701150321,0.00597231959699826,0.004673989249824725,32730,0.016618628443821247,,,,,,,0.033367089922359844,0.033237256887642494,,,,,1890.0,,,,,,,,,,,,,,,,,,,,,,,,,,,,,,,,,,,,,,,0.000778998208304121,0.0012983303471735348,,0.0028563267637817767,0.004544156215107372,,0.0003894991041520605,0.0006491651735867674,,,,,,,,,,,,
GM1783,Westland,2009,101678,0.023839965380908358,0.4984854147406519,0.5014850803516985,0.2577745431656799,0.23244949743307303,0.2920494108853439,0.17235783551997483,0.034225692873581307,0.9000963826983222,0.052862959538936646,0.04701115285509156,0.0998741123940282,0.014113180825744016,0.006343555144672397,0.005212533684769567,0.0022128680737229295,17540,0.007572926296740691,,,,,,,0.004130687070949468,0.005261708530852298,,,0.0009834969216546351,,,,0.9676626212159956,0.7263616514880309,0.5450539939809989,0.0365369106394697,20890.0,0.20879639646727904,0.047847125238498,0.031865300261610184,0.16035917307578829,0.08866224748716536,0.01421153051790948,0.01642439859163241,0.0387006038671099,,3710.0,0.0003442239225791223,,,,,,,,,,,,,,,,,,,,,,,,,,,,,,,,9.834969216546353e-05,9.834969216546353e-05,,,,,,,,
GM1783,Westland,2010,101804,0.023437193037601667,0.4982122509921025,0.5017484578209108,0.25539271541393266,0.22965698793760558,0.29237554516521946,0.17735059526148286,0.035214726336882635,0.897017798907705,0.05417272405799379,0.048819299831047894,0.10299202388904169,0.014193941298966641,0.006483045852815213,0.0055007661781462415,0.0025539271541393264,16660,0.010657734470158343,,,,,,,0.0038800047149424384,0.0072688695925503906,,,0.001178735609602766,0.007023299673883148,,,0.9601292680051864,0.724578602019567,0.5576892852933087,0.04218891202703234,21515.0,0.21565950257357275,0.050882087147852736,0.033839534792346075,0.16541589721425484,0.09356213901221956,0.014144827315233192,0.017288122274173902,0.04145220227103061,0.014488625201367334,3965.0,0.0003929118698675887,0.013506345526698361,9.822796746689717e-05,,,,0.027242246437552388,0.006286672254819782,,0.00019645593493379434,9.822796746689717e-05,0.0002946839024006915,,,,0.00014734195120034575,,,9.822796746689717e-05,,,,,,,,,,,,9.822796746689717e-05,9.822796746689717e-05,0.0002946839024006915,0.00014734195120034575,,0.006286672254819782,,,,,,
GM1783,Westland,2011,104063,0.02373562169070659,0.4983519598704631,0.5016192114392243,0.24778259323678925,0.23740426472425358,0.2904971027166236,0.17878592775530208,0.03565148035324755,0.8761038985998866,0.07452216445806867,0.04939315606891979,0.12391532052698846,0.01451044079067488,0.006246216234396472,0.005813785879707485,0.0025465343109462536,89580,0.005813785879707485,0.37328349173097064,0.005717690245332155,0.008408368007841404,0.008408368007841404,0.018210122714125098,0.17941054937874173,0.004084064460951539,0.007927889835964753,3845.0,0.49176940891575294,0.0013453388812546246,0.007543507298463431,,,0.968740090137705,0.6981347837367748,0.5636969912456877,0.053717459615809655,22055.0,0.21040139146478576,0.05184359474549071,0.03377761548292861,0.1650922998568175,0.09643196909564399,0.013597532264109242,0.016960879467245803,0.04410789617827662,0.015663588403178844,4325.0,0.0004324303546889865,0.014654584242237876,0.00019219126875066065,,,0.006072874493927126,0.020242914979757085,0.010121457489878543,,0.000288286903125991,0.0001441434515629955,0.000288286903125991,,,9.609563437533032e-05,0.0001441434515629955,,,,0.00019219126875066065,,,,,,,,,,,,0.0001441434515629955,0.00033633472031365614,0.00024023908593832582,,0.012145748987854251,,,,,,
GM1783,Westland,2012,105074,0.02353579382149723,0.4971258351257209,0.5028836819765118,0.2430192055123056,0.2401164893313284,0.28965300645259534,0.1810628699773493,0.03673601461826903,0.8670080134000799,0.08265603289110532,0.05029788529988389,0.1329539181909892,0.014751508460703885,0.006424044007080724,0.006090945428935798,0.002855130669813655,89705,0.00623370196242648,0.37968479357405255,0.007185412185697699,0.008708148542931648,0.008327464453623161,0.018225250775643832,0.18149113957782134,0.00518682071682814,0.010421226944819841,4390.0,0.4878942459599901,0.0015227363572339495,0.007708852808496869,,,0.9610845689704399,0.6863258275120392,0.5573690922587891,0.041256638178807314,22475.0,0.20119154119953556,0.04920341854312199,0.03411881150427318,0.1666920456059539,0.10059577059976778,0.013086015569979252,0.01708319850771837,0.04615794582865409,0.016369415840264957,4585.0,0.0004282696004720483,0.015370120105830177,0.00014275653349068277,,,0.008087343307723413,0.01819652244237768,0.014152850788515973,190.0,0.0038068408930848736,0.0011420522679254622,0.006281287473590041,0.0027599596474865333,,0.005139235205664579,0.0012848088014161447,,0.00019034204465424368,0.0009992957344347794,0.0016654928907246323,0.0007613681786169747,,,,,,,,,,,0.00014275653349068277,0.0002379275558178046,0.00014275653349068277,,0.2507076425394258,,,,,,
GM1783,Westland,2013,106000,0.023877358490566037,0.49764150943396224,0.5023584905660378,0.23867924528301887,0.2414622641509434,0.28783018867924526,0.18452830188679245,0.03811320754716981,0.8598584905660377,0.08806603773584906,0.052075471698113204,0.14014150943396225,0.01509433962264151,0.006415094339622641,0.0060377358490566035,0.0031132075471698114,90090,0.005849056603773585,0.37599056603773584,0.01,0.009622641509433962,0.008820754716981133,0.018537735849056602,0.18273584905660378,0.006933962264150943,0.012547169811320754,4900.0,0.4911792452830189,0.0014150943396226414,0.007735849056603773,,,0.9609433962264151,0.677311320754717,0.548066037735849,0.041462264150943395,22785.0,0.19613207547169811,0.04905660377358491,0.03462264150943396,0.16754716981132076,0.1030188679245283,0.012830188679245283,0.01731132075471698,0.04363207547169811,0.01570754716981132,4345.0,0.00042452830188679245,0.014528301886792452,0.00018867924528301886,,,0.007902015013828527,0.021730541288028447,0.009877518767285659,265.0,0.0042924528301886795,0.0016981132075471698,0.00580188679245283,0.00410377358490566,,0.008726415094339622,0.0014150943396226414,0.00042452830188679245,0.0002830188679245283,0.0013679245283018868,0.0018867924528301887,0.0018396226415094339,,,,9.433962264150943e-05,0.00018867924528301886,0.00018867924528301886,,,,9.433962264150943e-05,0.00014150943396226416,0.00033018867924528304,0.0003773584905660377,,0.4010272619517977,30560.0,0.15528301886792453,0.09070754716981132,0.2353301886792453,0.1641509433962264,0.1334433962264151
GM1783,Westland,2014,107023,0.023798622725956103,0.4981172271380918,0.5018547415041626,0.23466918325967315,0.24508750455509562,0.2845650000467189,0.18743634545845286,0.0388234304775609,0.8528540594077908,0.09385832951795409,0.05330629864608542,0.1471646281640395,0.015136933182586921,0.006400493351896321,0.006026741915289237,0.0031301682815843323,90350,0.005139082253347411,0.37281705801556675,0.011633013464395504,0.010465040224998366,0.009063472337721798,0.018827728619081878,0.18271773357128843,0.006540650140623978,0.013922241013613897,4625.0,0.47910262280070637,0.0013081300281247957,0.008269250534931744,,,0.9539538230100072,0.6692953851041364,0.5489941414462312,0.04186016089999346,23065.0,0.19565887706380872,0.04994253571662166,0.03485232146361063,0.16706689216336676,0.10670603515132261,0.012660829915064986,0.017426160731805314,0.04555095633648842,0.016258187492408174,4625.0,0.0005139082253347411,0.015370527830466349,0.0002335946478794278,,,0.011778563015312132,0.023557126030624265,0.015704750687082842,240.0,0.0042047036618297,0.00210235183091485,0.0048120497463162125,0.004344860450557357,,0.007381590872989918,0.0013548489577006812,0.00042047036618297,0.00042047036618297,0.0013548489577006812,0.0018687571830354223,0.0009343785915177111,,,,,0.00018687571830354222,0.0002335946478794278,,,,9.343785915177111e-05,0.0002335946478794278,0.0003270325070311989,0.00042047036618297,,0.3828032979976443,30605.0,0.16052624202274277,0.09549349205311009,0.2342487128934902,0.168188146473188,0.1381945936854695
GM1783,Westland,2015,108118,0.024038550472631755,0.4988993507094101,0.5011191475979948,0.23099761371834476,0.24746110730868126,0.28182171331323186,0.1904400747331619,0.03954013207791487,0.8475461995227437,0.09693113080153166,0.05549492221461736,0.15242605301614903,0.015446086683068499,0.006751882202778446,0.0059657041380713665,0.0033296953328770416,91045,0.006058195675095729,0.37412826726354537,0.010636526757801662,0.011283967516972197,0.009434136776484952,0.01905325662701863,0.18299450600270076,0.0067056364342662645,0.014104959396215247,4305.0,0.46902458425054105,0.0014798645923897963,0.008000517952607337,4640.0,0.017758375108677556,0.9524316025083704,0.6616844558722876,0.5482435857119073,0.02978227492184465,23420.0,0.19696072809337944,0.05142529458554542,0.0348230636896724,0.1674559277826079,0.10784513217040641,0.012301374424240182,0.017342163192067925,0.047679387336058754,0.017295917423555743,4860.0,0.00046245768512181133,0.016232264747775577,0.00018498307404872454,,,0.007695267410542516,0.026933435936898807,0.019238168526356292,175.0,0.004023381860559758,0.0018498307404872453,0.004393348008657208,0.004254610703120665,,0.007769289110046431,0.0012948815183410718,0.0004162119166096302,0.0005087034536339925,0.0013411272868532529,0.0018035849719750642,0.0008786696017314416,,,,,0.00018498307404872454,0.00023122884256090566,,,,9.249153702436227e-05,0.00018498307404872454,0.0003699661480974491,0.00032372037958526795,,0.38476337052712584,30880.0,0.1661610462642668,0.1002608261344087,0.23428106328270965,0.17217299617085036,0.14400932314693204
GM1783,Westland,2016,108650,0.024519098021168893,0.5001840773124713,0.4998159226875288,0.22922227335480902,0.2465255407271054,0.280441785549931,0.19332719742291762,0.040589047399907964,0.8469397146801657,0.09521398987574782,0.057846295444086517,0.15306028531983434,0.01569259088817303,0.006994937873907041,0.006028531983433042,0.003451449608835711,91785,0.005614358030372756,0.37542567878508976,0.009203865623561895,0.012011044638748275,0.009341923607915324,0.01868384721583065,0.18430740911182697,0.007132995858260469,0.01495628163828808,3950.0,0.45563736769443164,0.0012885411872986655,0.006304647952139899,4700.0,0.017441325356649794,0.9563736769443166,0.6629084215370455,0.564012885411873,0.030832949838932353,23690.0,0.19687068568798896,0.05213989875747814,0.03474459272894616,0.16879889553612518,0.1092038656235619,0.012287160607455131,0.017441325356649794,0.05020708697653014,0.01776346065347446,5160.0,0.0004601932811780948,0.01675103543488265,0.00018407731247123792,,,0.0075075075075075074,0.03003003003003003,0.01876876876876877,215.0,0.0043718361711919005,0.002208927749654855,0.0043718361711919005,0.004095720202485044,,0.008513575701794753,0.0014726184997699034,0.00036815462494247585,0.0005982512655315233,0.0015186378278877128,0.001932811780947998,0.0005982512655315233,,,,,0.00013805798435342844,0.0002300966405890474,,,,,0.00018407731247123792,0.00036815462494247585,0.00036815462494247585,,0.4072822822822823,31175.0,0.17565577542567878,0.10552231937413714,0.2353428439944777,0.17993557294063506,0.15135757017947538
GM1783,Westland,2017,110200,0.02456442831215971,0.5003176043557169,0.49968239564428313,0.22749546279491834,0.24872958257713249,0.2777223230490018,0.1955989110707804,0.041016333938294014,0.8406079854809437,0.09863883847549909,0.06070780399274047,0.15934664246823957,0.01588021778584392,0.007304900181488203,0.006352087114337568,0.003584392014519056,93120,0.006215970961887477,0.38058076225045373,0.007622504537205082,0.012386569872958258,0.009074410163339383,0.0191016333938294,0.18466424682395643,0.00794010889292196,0.01660617059891107,3755.0,0.44664246823956444,0.0012250453720508167,0.005535390199637023,4705.0,0.017286751361161524,0.9605263157894737,0.6599364791288567,0.5673774954627949,0.03017241379310345,24085.0,0.19741379310344828,0.05372050816696915,0.03407441016333938,0.16846642468239564,0.10943738656987295,0.012341197822141561,0.0176497277676951,0.05344827586206897,0.0191016333938294,5575.0,0.00045372050816696913,0.01805807622504537,0.00013611615245009076,,,0.007388252678241596,0.029553010712966385,0.012929442186922793,155.0,0.004174228675136116,0.002087114337568058,0.003856624319419238,0.0034936479128856624,,0.008892921960072596,0.0014065335753176043,0.00040834845735027224,0.0005898366606170599,0.001588021778584392,0.0018148820326678765,0.0002722323049001815,,,,,0.00013611615245009076,0.00022686025408348456,,,,,0.0003176043557168784,0.00040834845735027224,0.00040834845735027224,,0.3971185814554858,31455.0,0.18298548094373865,0.11143375680580762,0.23298548094373867,0.18502722323049,0.16034482758620688
GM1783,Westland,2018,111610,0.026207329092375234,0.500134396559448,0.4998656034405519,0.22515903592868022,0.25064958337066573,0.2749305617776185,0.19765254009497357,0.04184212884150166,0.8350058238509094,0.10075262073290923,0.06424155541618135,0.1649941761490906,0.015948391721171937,0.007974195860585969,0.006854224531851984,0.003718304811396828,94185,0.006809425678702625,0.3884956545112445,0.005644655496819281,0.012095690350327032,0.008914971776722515,0.019666696532568768,0.18255532658363946,0.006809425678702625,0.016351581399516174,4000.0,0.41788370217722426,0.0012095690350327033,0.005465460084221844,4980.0,0.0186363229101335,0.961607382850999,0.6626646357853239,0.5732909237523519,0.031135202938804767,24375.0,0.20078845981542873,0.05460980198906908,0.033867932980915685,0.16848848669474062,0.11016037989427471,0.012812472000716781,0.018098736672341187,0.05111549144341905,0.01948750111997133,5415.0,0.0004927873846429532,0.018501926350685424,0.0001791954125974375,,,0.006837606837606838,0.03418803418803419,0.018803418803418803,100.0,0.0015679598602275783,0.0006719827972403907,0.0005375862377923125,0.0026879311889615627,,0.005689454349968641,0.0004031896783442344,0.0004031896783442344,0.0004927873846429532,0.0006719827972403907,0.00071678165038975,0.00026879311889615624,,,,8.959770629871875e-05,0.00013439655944807812,0.0002239942657467969,,,,,0.00026879311889615624,0.00031359197204551564,0.0004031896783442344,,0.3299145299145299,31795.0,0.18811038437416003,0.11795538034226324,0.23187886390108414,0.18994713735328375,0.1672789176597079
GM1783,Westland,2019,113297,0.02850031333574587,0.5001897667193306,0.4998367123577853,0.22427778317166386,0.2501831469500516,0.2726020989081794,0.19929918709233255,0.04320502749410841,0.8297660132218858,0.10256229202891515,0.06765404203112174,0.1702163340600369,0.01615223704069834,0.008782227243439808,0.007678932363610687,0.003971861567384838,95525,0.0053840790135661135,0.39056638745950906,0.00481036567605497,0.011871452906961349,0.009002886219405632,0.01968278065615153,0.18155820542468026,0.006354978507815741,0.015401996522414538,3790.0,0.39550914852114355,0.0008826359038632974,0.0054723426039524434,5150.0,0.018888408342674565,0.9638384070187207,0.6589318340291447,0.5774204083073692,0.030583334068863252,24820.0,0.19815176041731025,0.05207551832793454,0.03389321870835062,0.1677008217340265,0.11077080593484381,0.011430134955029701,0.018623617571515573,0.048853897278833505,0.01831469500516342,5245.0,0.0006178451327043082,0.017343795510913793,0.00022065897596582434,,,0.00774233508826262,0.032517807370703006,0.017033137194177764,90.0,0.0012356902654086163,0.000661976927897473,0.00048544974712481356,0.002559644121203562,,0.005163420037600289,0.00035305436154531896,0.00035305436154531896,0.00048544974712481356,0.0007061087230906379,0.0007502405182838027,0.00017652718077265948,,,,,0.0001323953855794946,0.00017652718077265948,,,,,0.0002647907711589892,0.0003089225663521541,0.00035305436154531896,,0.3360173428305977,32410.0,0.19351792192202794,0.12308357679373681,0.2317801883545019,0.19545972091052718,0.17312903254278578
GM1783,Westland,2020,114140,0.03069038023479937,0.4999123882950762,0.5000876117049238,0.22468021727702822,0.24785351322936744,0.27028210968985455,0.2025582617837743,0.04490099877343613,0.8287191168740143,0.10022779043280182,0.0710968985456457,0.17132468897844752,0.016339582968284562,0.009549675836691782,0.008366917820220782,0.004380585246188891,96710,0.005388119852812336,0.3940774487471526,0.0044681969511126685,0.011564745049938673,0.010469598738391449,0.020238303837392675,0.18420360960224286,0.00521289644296478,0.014762572279656562,3435.0,0.38058524618889084,0.0006132819344664447,0.0050376730331172246,5390.0,0.0193621867881549,0.9642106185386368,0.6333888207464518,0.5367969160679866,0.027860522165761344,24850.0,0.18613106711056598,0.04844927282284913,0.03416856492027335,0.1669879095847205,0.10815664972840372,0.011039074820396006,0.017040476607674784,0.04893113719992991,0.018354652181531452,5215.0,0.0007008936393902226,0.01721570001752234,0.00021902926230944454,,,0.007136739937196689,0.021410219811590067,0.01712817584927205,70.0,0.0009199229016996671,0.0006132819344664447,0.00030664096723322234,0.0025407394427895565,,0.003767303311722446,0.00026283511477133344,0.00030664096723322234,0.00017522340984755565,0.0007446994918521115,0.0005694760820045558,0.00021902926230944454,,,,,8.761170492377782e-05,0.00013141755738566672,,,,8.761170492377782e-05,0.00021902926230944454,0.0003504468196951113,0.00030664096723322234,,0.2983157293748216,32610.0,0.2018573681443841,0.12861398282810582,0.23160154196600666,0.2006308042754512,0.18188189942176275
GM1783,Westland,2021,115202,0.033037620874637595,0.49934028923108975,0.5006857519834725,0.22304300272564712,0.24674050797729205,0.26813770594260516,0.20524817277477822,0.04587593965382546,0.8241176368465826,0.10103991250151907,0.07482508984219025,0.1758650023437093,0.016666377319838197,0.009852259509383518,0.009505043315220223,0.004687418621204493,97485,0.003558965990173782,0.39491501883647856,0.0037759761115258414,0.011284526310307113,0.009808857485113105,0.020181941285741568,0.18576066387736323,0.0041231923056891375,0.012803597159771531,3010.0,0.3748198815992778,0.0003038141698928838,0.004861026718286141,5585.0,0.0195743129459558,0.9651308137011511,0.6407874863283624,0.5616221940591309,0.028732140067012725,25420.0,0.18992725820732279,0.048523463134320585,0.034895227513411224,0.16835645214492803,0.10898248294300446,0.0101560736792764,0.016926789465460668,0.05073696637211159,0.01853266436346591,5505.0,0.0005208242912449437,0.01731740768389438,0.00021701012135205987,,,0.013137151865475564,0.013137151865475564,0.014450867052023121,80.0,0.0010850506067602993,0.0004774222669745317,0.00034721619416329576,0.0027343275290359543,,0.004209996354229961,0.0003906182184337078,0.0004774222669745317,0.00013020607281123592,0.0006076283397857676,0.0005642263155153556,0.00017360809708164788,,,,,,0.00013020607281123592,,,,0.00013020607281123592,0.0003038141698928838,0.00043402024270411974,0.00043402024270411974,,0.3179190751445087,32650.0,0.20889394281349283,0.13350462665578722,0.23072516102151006,0.2058992031388344,0.18697592055693477
GM1783,Westland,2022,117846,0.03482511073774248,0.49759856083363035,0.5023929535156051,0.22245133479286527,0.24918113470122025,0.2655584406768155,0.20590431580197885,0.046671079205064234,0.807664239770548,0.11408957452947066,0.07823770004921678,0.19232727457868745,0.01637730597559527,0.010140352663645776,0.010904061232455917,0.004709536174329209,98355,0.003691258082582353,0.39055207643874207,0.0024184104678987833,0.010988917740101488,0.01107377424774706,0.019898851042886478,0.1826960609609151,0.004624679666683638,0.012558763131544559,2445.0,0.3899580808852231,0.00016971301529114267,0.004624679666683638,5815.0,0.020110992312000406,0.9530658656212345,0.6442306060451776,0.5689628837635559,,25825.0,0.1942365460007128,0.0509139045873428,0.03585187448025389,0.16585204419326918,0.10874361454779967,0.00950392885630399,0.01705615803675984,0.05095633284116559,0.018456290412911767,5640.0,0.0006788520611645707,0.017310727559696554,0.000254569522936714,,0.0024366471734892786,0.010964912280701754,0.012183235867446393,0.01705653021442495,75.0,0.0014425606299747127,0.0004242825382278567,0.000254569522936714,0.0030124060214177825,,0.005812670773721637,0.0002969977767594997,0.0002969977767594997,0.000127284761468357,0.0008485650764557134,0.00046671079205064237,0.000127284761468357,,,,,,8.485650764557133e-05,,,,8.485650764557133e-05,0.00021214126911392835,0.0005515672996962137,0.00033942603058228533,,0.33260233918128657,33310.0,0.2083651545237004,0.13398842557235716,0.22962170968891604,0.20654073960932065,0.18664188856643416
GM1783,Westland,2023,118723,0.03727163228691997,0.49800796812749004,0.5020088778080068,0.2218188556556017,0.24957253438676583,0.26208064149322374,0.2095213227428552,0.047463423262552325,0.8017822999755734,0.1149735097664311,0.08326103619349241,0.1982345459599235,0.016551131625717006,0.01094985807299344,0.012297532912746477,0.004927436132847047,99025,0.0035797612930940086,0.3958373693387128,0.00223208645334097,0.01132889162167398,0.011413121299158545,0.02059415614497612,0.18239936659282532,0.005727618068950414,0.014108470978664623,2410.0,0.39259452675555706,0.00012634451622684737,0.005095895487816177,6110.0,0.020341467112522427,,,,,26375.0,0.19191732014858115,0.0472949639075832,0.03790335486805421,0.16749071367805732,0.11055145169849144,0.00926526452330214,0.017014394851882112,0.0528120077828222,0.018741103240315693,5910.0,0.0005474929036496719,0.01768823227175863,0.00025268903245369474,,0.0022598870056497176,0.010169491525423728,0.006779661016949152,0.010169491525423728,95.0,0.0015161341947221684,0.0005053780649073895,0.00033691870993825967,0.002863809034475207,,0.006190881295115521,0.0002948038711959772,0.0005053780649073895,0.00016845935496912984,0.0007159522586188018,0.0005053780649073895,0.00025268903245369474,,,,,8.422967748456492e-05,0.00012634451622684737,,,,8.422967748456492e-05,0.00021057419371141227,0.000463263226165107,0.00042114838742282455,,0.3310734463276836,33605.0,0.21200609822864988,0.13788398204223276,0.22998913437160448,0.21053207887267,0.19027484143763213
GM1783,Westland,2024,117083,0.0364356909201165,0.4990476841215206,0.500926693029731,0.21963051852104917,0.24580852899225336,0.26054166702253956,0.21489029150260927,0.04940939333635114,0.7989204239727373,0.11581527634242375,0.08528138158400451,0.20109665792642825,0.016654851686410496,0.010975120213865378,0.012896833869989665,0.004868341262181529,98520,0.011829215172142839,,,,,,,0.03399297933944296,0.032797246397854515,,,8.540949582774612e-05,,6355.0,,,,,,,,,,,,,,,,,,,,,,,,,,,,,,,,,,,,,,,,,,,0.0001281142437416192,,,,,,,,,,,,,,,
GM1842,Midden-Delfland,2009,18280,0.01597374179431072,0.5079321663019694,0.49206783369803064,0.2743435448577681,0.21717724288840262,0.3096280087527352,0.15836980306345733,0.03036105032822757,0.9116520787746171,0.0525164113785558,0.035831509846827134,0.08834792122538293,0.006291028446389497,0.005470459518599562,0.0038293216630196935,0.002188183807439825,3240,0.0019146608315098468,,,,,,,0.0030087527352297594,0.004102844638949671,,,0.0008205689277899343,,,,0.9811269146608315,0.6859956236323851,0.5317286652078774,0.029266958424507657,3320.0,0.1761487964989059,0.03801969365426696,0.024343544857768053,0.13977024070021882,0.07439824945295405,0.010940919037199124,0.013402625820568928,0.027899343544857767,,470.0,,,,,,,,,,,,,,,,,,,,,,,,,,,,,,,,,,,,,,,,,,
GM1842,Midden-Delfland,2010,18528,0.016515544041450777,0.5065306563039723,0.4935772884283247,0.2695919689119171,0.21373056994818654,0.31088082901554404,0.16245682210708118,0.03346286701208981,0.9088946459412781,0.053432642487046635,0.037780656303972364,0.091213298791019,0.005936960276338514,0.005667098445595855,0.004047927461139896,0.002158894645941278,3220,0.0005397236614853195,,,,,,,0.0037780656303972367,0.007016407599309154,,,0.0005397236614853195,0.003508203799654577,,,0.9474848877374784,0.688417530224525,0.5354058721934369,0.03238341968911917,3515.0,0.18134715025906736,0.04344775474956822,0.026446459412780655,0.14680483592400692,0.07879965457685664,0.01268350604490501,0.014842400690846287,0.029954663212435232,0.009984887737478411,515.0,,0.008905440414507772,,,,,,,,,,0.0005397236614853195,,,,,,,,,,,,,,,,,,,,,,,,,,,,,,
GM1842,Midden-Delfland,2011,18638,0.01588153235325679,0.5070286511428265,0.4928103873806202,0.2661229745680867,0.20924991951926172,0.311996995385771,0.1657903208498766,0.0364846013520764,0.9059448438673677,0.05445863290052581,0.039703830883141965,0.09416246378366777,0.006170189934542333,0.005365382551775942,0.004292306041420753,0.0021461530207103766,16530,0.0010730765103551883,0.3924777336624101,0.005365382551775942,0.005365382551775942,0.0037557677862431593,0.013413456379439853,0.16847301212576457,0.003219229531065565,0.00643845906213113,430.0,0.5086382659083593,0.0008048073827663912,0.0037557677862431593,,,0.9850842365060629,0.6749651250134134,0.563096898808885,0.041045176521085955,3665.0,0.183764352398326,0.04372786779697392,0.0273634510140573,0.15237686447043675,0.08101727653181671,0.013145187251851057,0.015827878527739026,0.03487498658654362,0.010730765103551884,605.0,,0.009925957720785491,,,,,,,,,,,,,,,,,,,,,,,,,,,,,,,,,,,,,,,,
GM1842,Midden-Delfland,2012,18648,0.014693264693264693,0.5059523809523809,0.49415486915486917,0.26437151437151435,0.20484770484770484,0.3145109395109395,0.16784641784641785,0.03807378807378808,0.9035821535821535,0.05657443157443157,0.03968253968253968,0.09625697125697126,0.00563063063063063,0.005362505362505363,0.00429000429000429,0.002413127413127413,16490,0.0018768768768768769,0.3909266409266409,0.006703131703131703,0.005362505362505363,0.00429000429000429,0.013138138138138139,0.17106392106392107,0.00429000429000429,0.007775632775632775,550.0,0.5067567567567568,0.0010725010725010724,0.004021879021879022,,,0.9853603603603603,0.6662912912912913,0.5571643071643072,0.032175032175032175,3695.0,0.1732089232089232,0.041023166023166024,0.02734877734877735,0.15363577863577862,0.08392320892320893,0.013138138138138139,0.016087516087516088,0.03566066066066066,0.01126126126126126,625.0,,0.010725010725010725,,,,,,,50.0,0.004021879021879022,0.0005362505362505362,0.008311883311883312,0.0026812526812526813,,0.00563063063063063,0.0018768768768768769,,,0.0010725010725010724,0.0016087516087516086,0.0008043758043758043,,,,,,,,,,,,,,,0.25547445255474455,,,,,,
GM1842,Midden-Delfland,2013,18791,0.014315363737959661,0.5055611729019212,0.49438561013251026,0.26049704645841093,0.20408706295567028,0.3134479271991911,0.17135862913096694,0.04071097865999681,0.9020275663881645,0.056942153158426906,0.04097706348783992,0.09791921664626684,0.005321696556862328,0.0058538662125485605,0.0045234420733329785,0.0023947634505880476,16590,0.0010643393113724654,0.38928210313447925,0.008514714490979724,0.00665212069607791,0.0045234420733329785,0.014102495875685168,0.17348730775371188,0.003991272417646746,0.007716460007450375,595.0,0.5044968335905486,0.0010643393113724654,0.0037251875898036296,,,0.9855782023309031,0.6617529668458304,0.5502634239795647,0.03193017934117397,3745.0,0.1718907987866532,0.03964663934862434,0.02793890692352722,0.15326486083763505,0.08647756904901283,0.01250598690862647,0.014102495875685168,0.031131924857644617,0.009312968974509074,550.0,,0.00878079931882284,,,,,,,60.0,0.0037251875898036296,0.001330424139215582,0.007184290351764142,0.003991272417646746,,0.010377308285881539,0.002128678622744931,,,0.001330424139215582,0.002128678622744931,0.0018625937949018148,,,,,,,,,,,,,,,0.40892193308550184,,0.1543292001490075,0.13783194082273428,,0.1460805704858709,0.19690277260390612
GM1842,Midden-Delfland,2014,19064,0.01494964330675619,0.5059274024339069,0.4941250524548888,0.2533571128829207,0.20824590851867394,0.31105749055812004,0.17493705413344524,0.043013008812421316,0.8998636172891313,0.05743810323122115,0.042750734368443136,0.1001888375996643,0.005770037767519933,0.006032312211498111,0.004458665547629039,0.00209819555182543,16845,0.0018359211078472514,0.39105119597146454,0.009704154427192614,0.005770037767519933,0.004458665547629039,0.014162819974821654,0.17441250524548887,0.0028850188837599663,0.010753252203105329,550.0,0.4991082668904742,0.001049097775912715,0.004458665547629039,,,0.9853650860260176,0.6580465799412505,0.54867813680235,0.03593159882501049,3815.0,0.17362568191355435,0.04012798992866135,0.028325639949643308,0.1531682752832564,0.09127150650440621,0.012326898866974401,0.014162819974821654,0.03540704993705413,0.009966428871170793,630.0,,0.009179605539236257,,,,,0.03508771929824561,,55.0,0.003671842215694503,0.0018359211078472514,0.005245488879563575,0.00419639110365086,,0.008917331095258078,0.0018359211078472514,,,0.001049097775912715,0.0026227444397817876,0.0007868233319345363,,,,,,,,,,,,,,,0.38596491228070173,,0.15920058749475452,0.14582459085186739,,0.14923415862358372,0.20536088963491397
GM1842,Midden-Delfland,2015,19241,0.014188451743672366,0.5043916636349463,0.4955563640143444,0.2515461774336053,0.20996829686606724,0.3074164544462346,0.1785250246868666,0.04287718933527363,0.8954836027233511,0.058728756301647526,0.04599553037783899,0.10472428667948651,0.00623668208513071,0.005976820331583597,0.00441764981030092,0.0023387557819240165,17045,0.0025986175354711294,0.3918715243490463,0.008055714359960501,0.005716958578036484,0.004677511563848033,0.014032534691544099,0.17644613065848969,0.003897926303206694,0.009355023127696066,530.0,0.4838625851047243,0.0007795852606413388,0.004937373317395146,50.0,0.01247336417026142,0.9770801933371447,0.655891065952913,0.5493477469985968,0.024427004833428616,3870.0,0.1730679278623772,0.041318018813990956,0.027285484122446857,0.15331843459279662,0.09277064601631932,0.011953640663167195,0.014032534691544099,0.03326230445403046,0.011174055402525857,590.0,,0.009874746634790292,,,,,,,30.0,0.003897926303206694,0.0018190322748297906,0.00441764981030092,0.003638064549659581,,0.007795852606413388,0.0015591705212826775,0.0005197235070942259,,0.0007795852606413388,0.0023387557819240165,0.0007795852606413388,,,,,,,,,,,,,,,0.3663003663003663,,0.16371290473468114,0.15591705212826776,,0.15383815809989085,0.21542539369055663
GM1842,Midden-Delfland,2016,19413,0.014577860196775356,0.5030134445989801,0.4968320197805594,0.24751455210426004,0.2124864781332097,0.3041776129397826,0.18312471024571164,0.04326997372894452,0.8896100551177046,0.05923865450986452,0.05099675475197033,0.11023540926183485,0.007469221655591614,0.006696543553289033,0.004636068613815485,0.0025755936743419357,17165,0.0020604749394735485,0.3932931540720136,0.00721166228815742,0.006954102920723227,0.0051511873486838715,0.013908205841446454,0.17642816669242262,0.0038633905115129036,0.01004481532993355,520.0,0.4726214392417452,0.0007726781023025807,0.004378509246381291,55.0,0.011847730901972905,0.9800133930871066,0.6552310307525885,0.5571009117601607,0.026013496110853553,4015.0,0.1720496574460413,0.04326997372894452,0.0280739710503271,0.15788389223716068,0.09658476278782259,0.013393087106578066,0.014938443311183228,0.03992170195230001,0.01081749343223613,730.0,,0.01004481532993355,,,,,,,35.0,0.004378509246381291,0.0023180343069077423,0.004636068613815485,0.0033482717766445164,,0.009787255962499356,0.001802915572039355,,0.0005151187348683871,0.0007726781023025807,0.0025755936743419357,0.0005151187348683871,,,,,,,,,,,,,,,0.40636042402826855,,0.17076186060887036,0.16329263895327872,,0.15942924844176581,0.2251068871374852
GM1842,Midden-Delfland,2017,19744,0.015194489465153971,0.5029376012965965,0.49711304700162073,0.2476701782820097,0.2109501620745543,0.30009116693679094,0.18739870340356565,0.04457050243111831,0.8822933549432739,0.06103119935170178,0.05672609400324149,0.11775729335494327,0.008103727714748784,0.007344003241491086,0.00531807131280389,0.0030388978930307943,17425,0.004051863857374392,0.3922710696920583,0.007090761750405186,0.008863452188006483,0.00506482982171799,0.014181523500810372,0.17777552674230146,0.003798622366288493,0.01088938411669368,540.0,0.4553282009724473,0.0012662074554294976,0.004558346839546191,60.0,0.011395867098865479,0.9805510534846029,0.647791734197731,0.5609299027552674,0.026590356564019448,4105.0,0.17220421393841168,0.043304294975688815,0.027856564019448946,0.1585291734197731,0.09699149108589951,0.013168557536466775,0.014688006482982172,0.03874594813614263,0.012155591572123177,705.0,,0.011142625607779578,,,,,,,30.0,0.004051863857374392,0.002532414910858995,0.003798622366288493,0.0032921393841166937,,0.01012965964343598,0.0017726904376012965,,0.000506482982171799,0.0007597244732576986,0.0022791734197730954,,,,,,,,,,,,,,,,0.36666666666666664,,0.17498987034035657,0.17498987034035657,,0.1623277957860616,0.23703403565640194
GM1842,Midden-Delfland,2018,19741,0.016260574438984855,0.5014943518565422,0.49845499214832073,0.24416189656045792,0.21174205967276227,0.2948178916974824,0.19502558127754419,0.04407071576921129,0.8776151157489489,0.06205359404285497,0.06053391418874424,0.12258750823159921,0.008358239197609037,0.00759839927055367,0.005318879489387569,0.00329263968390659,17405,0.002279519781166101,0.39840940175269746,0.006078719416442936,0.008864799148979282,0.005318879489387569,0.014690238589737096,0.17653614305253026,0.0035459196595917127,0.010131199027404893,520.0,0.42576363912669063,0.000759839927055367,0.003799199635276835,635.0,0.011397598905830504,0.9809533458284788,0.6461172179727471,0.5643077858264526,0.02710095739830809,4100.0,0.1734967833443088,0.043057595866470795,0.0283673572767337,0.16007294463299732,0.0987791905171977,0.012157438832885873,0.014690238589737096,0.037485436401398106,0.011650878881515628,705.0,,0.011144318930145383,,,,,,,25.0,0.000759839927055367,0.000759839927055367,,0.0025327997568512233,,0.0040524796109619576,,0.0005065599513702447,,0.0005065599513702447,0.0005065599513702447,,,,,,,,,,,,,,,,0.3582554517133956,,0.17754926295527076,0.18413454232308393,,0.1643787042196444,0.24694797629299428
GM1842,Midden-Delfland,2019,19771,0.016539375853522838,0.50048050174498,0.4997218147792221,0.239997976834758,0.2111678721359567,0.2908300035405392,0.2028223155126195,0.04627990491123363,0.8737544888978808,0.06347680946841333,0.0627181225026554,0.12619493197106874,0.008851347933842497,0.007839765312831926,0.005310808760305498,0.003287643518284356,17360,0.0022760608972737847,0.398563552678165,0.005057913105052855,0.007839765312831926,0.004805017449800213,0.01567953062566385,0.18006170653988166,0.0027818522077790704,0.009104243589095139,530.0,0.4046330484042284,0.0007586869657579282,0.003287643518284356,745.0,0.012391887107379495,0.9792119771382327,0.6458955035152496,0.5725557634919832,0.026048252491022203,4170.0,0.17399221081381822,0.04096909615092813,0.028577209043548633,0.16235901067219666,0.10014667948004653,0.011380304486368923,0.015932426280916494,0.03692276566688584,0.011633200141621567,670.0,,0.010874513175863638,,,,,,,20.0,0.0010115826210105711,0.0005057913105052856,,0.0022760608972737847,,0.006575287036568712,,,,,0.0005057913105052856,,,,,,,,,,,,,,,,0.3363914373088685,,0.1838551413686713,0.18764857619746092,0.21496130696474636,0.16716402812199688,0.25289565525264274
GM1842,Midden-Delfland,2020,19815,0.0174110522331567,0.4991168306838254,0.5008831693161746,0.23618470855412566,0.2139793086045925,0.28513752207923293,0.2084279586172092,0.04718647489275801,0.8675246025738077,0.0640928589452435,0.06838253848094877,0.13247539742619227,0.010850365884430987,0.009084027252081756,0.006056018168054504,0.0032803431743628564,17405,0.0025233409033560434,0.3981831945495837,0.0040373454453696694,0.00757002271006813,0.0070653545293969215,0.016149381781478678,0.18395155185465556,0.003028009084027252,0.010345697703759779,530.0,0.38783749684582386,0.000757002271006813,0.003028009084027252,805.0,0.012616704516780217,0.9793086045924805,0.6255362099419631,0.5329295987887964,0.023971738581882413,4180.0,0.16477416098914963,0.03885944991168307,0.028766086298258896,0.1625031541761292,0.0991672975018925,0.0116073681554378,0.01514004542013626,0.03785011355034065,0.012364370426444614,695.0,,0.011355034065102196,,,,,,,10.0,,0.0005046681806712087,0.0005046681806712087,0.002271006813020439,,0.003028009084027252,0.0005046681806712087,,,0.0005046681806712087,0.0005046681806712087,,,,,,,,,,,,,,,,0.30434782608695654,,0.18950290184203886,0.19379258137774413,0.21625031541761291,0.1690638405248549,0.2621751198586929
GM1842,Midden-Delfland,2021,19906,0.018637596704511202,0.5016075555109012,0.4983422083793831,0.2333467296292575,0.21124284135436552,0.28107103385913795,0.21601527177735355,0.04898020697277203,0.8602933788807394,0.06606048427609766,0.0735959007334472,0.13965638500954486,0.012307846880337587,0.009544860845976088,0.006781874811614588,0.0032653471315181354,17470,0.002260624937204863,0.3988747111423691,0.0042700693258314075,0.008037777554506178,0.007033055360192907,0.016326735657590675,0.18813423088516026,0.002762986034361499,0.010047221943132723,500.0,0.3875715864563448,0.0005023610971566361,0.0032653471315181354,840.0,0.012307846880337587,0.9780970561639707,0.6292072741886868,0.5556113734552396,0.024364513212096855,4340.0,0.16879332864462976,0.03868180448106099,0.029890485280819855,0.16577916206168994,0.10373756656284537,0.010298402491711042,0.015070832914699085,0.04094242941826585,0.012810207977494223,760.0,,0.012056666331759268,,,,,,,10.0,0.0005023610971566361,0.0005023610971566361,,0.002260624937204863,,0.0035165276800964533,,,,0.0007535416457349543,0.0005023610971566361,,,,,,,,,,,,,,,,0.30997304582210244,,0.19441374459961822,0.19843263337687128,0.21475936903446197,0.17331457851903947,0.2654978398472822
GM1842,Midden-Delfland,2022,19930,0.01921726041144004,0.5005017561465128,0.4994982438534872,0.2313095835423984,0.2117410938283994,0.2754641244355243,0.2222779729051681,0.05042649272453587,0.8537380832915203,0.06874059207225289,0.0775213246362268,0.14626191670847968,0.012543903662819869,0.009784244856999498,0.007024586051179127,0.0035122930255895636,17430,0.002508780732563974,0.39989964877069745,0.0022579026593075764,0.008780732563973909,0.008028098344204716,0.015554440541896638,0.18941294530858002,0.0017561465127947818,0.008529854490717512,435.0,0.40893125940792774,,0.003261414952333166,885.0,0.012794781736076268,0.9764174611138986,0.6450075263421977,0.5732563973908681,,4465.0,0.17887606623181135,0.04390366281986954,0.032865027596588055,0.16833918715504265,0.1058705469141997,0.009282488710486703,0.014801806322127445,0.04340190667335675,0.013296537882589061,795.0,,0.012293025589563472,,,,,,,10.0,0.001254390366281987,0.0005017561465127947,0.0005017561465127947,0.002508780732563974,,0.0052684395383843455,,0.0005017561465127947,,,0.0007526342197691922,,,,,,,,,,,,,,,,0.3524804177545692,,0.19242348218765679,0.2042147516307075,0.21475163070747616,0.17536377320622176,0.2684395383843452
GM1842,Midden-Delfland,2023,19748,0.018786712578488962,0.5015697792181487,0.49853149686044157,0.23090945918574032,0.20964148268179056,0.2724326514077375,0.22711160623860643,0.05165080008102086,0.8502126797650394,0.06962730403078793,0.08026129228276281,0.14988859631355073,0.012912700020255215,0.009621227466072513,0.006836135304840996,0.0035446627506582947,17240,0.003797852947133887,0.395736277091351,0.0017723313753291474,0.009621227466072513,0.007342515697792182,0.01721693336034029,0.19267773951792586,0.0025319019647559245,0.007595705894267774,405.0,0.4078894065221795,,0.0035446627506582947,925.0,0.013925460806157586,,,,,4515.0,0.18255013165890216,0.0435487137938019,0.035446627506582944,0.17014381203159815,0.11115049625278509,0.008608466680170145,0.015950982377962324,0.04557423536560665,0.013419080413206401,855.0,,0.012912700020255215,,,,,,,15.0,0.0010127607859023698,0.0005063803929511849,,0.002785092161231517,,0.005570184322463034,0.0005063803929511849,0.0005063803929511849,,0.0007595705894267773,0.0005063803929511849,,,,,,,,,,,,,,,,0.30997304582210244,,0.19369050030382823,0.20635001012760787,0.21369252582540005,0.17875227871176827,0.2693943690500304
GM1842,Midden-Delfland,2024,19460,0.018448098663926,0.5007708119218911,0.49922918807810895,0.2263617677286742,0.20760534429599178,0.2682425488180884,0.23715313463514903,0.052158273381294966,0.8466084275436794,0.07271325796505652,0.08093525179856115,0.15364850976361769,0.012589928057553957,0.009506680369989723,0.007194244604316547,0.0033401849948612537,17070,0.005909558067831449,,,,,,,0.026464542651593013,0.025179856115107913,,,,,1000.0,,,,,,,,,,,,,,,,,,,,,,,,,,,,,,,,,,,,,,,,,,,,,,,,,,,,,,,,,,
GM1884,Kaag en Braassem,2009,26112,0.12825520833333334,0.507046568627451,0.49306832107843135,0.25045955882352944,0.2232689950980392,0.3096277573529412,0.1771216299019608,0.029488357843137254,0.9250536151960784,0.04959405637254902,0.0254672181372549,0.07506127450980392,0.0024892769607843136,0.003446691176470588,0.0007659313725490196,0.001914828431372549,4760,0.0030637254901960784,,,,,,,0.003446691176470588,0.004404105392156863,,,0.0007659313725490196,,,,0.9809666053921569,0.7015931372549019,0.5482153799019608,0.027956495098039217,5720.0,0.1939721200980392,0.0411688112745098,0.028722426470588234,0.18286611519607843,0.08482689950980392,0.018573835784313725,0.021637561274509803,0.0331265318627451,,805.0,0.003446691176470588,,0.0011488970588235295,,,,,,,,,,,,,,,,,,,,,,,,,,,,,0.001914828431372549,0.0024892769607843136,0.0040211397058823525,,,,,,,,
GM1884,Kaag en Braassem,2010,26270,0.12687476208602969,0.5064712599923867,0.49352874000761326,0.24571754853444994,0.2186905215074229,0.3115721355157975,0.18309859154929578,0.030833650551960412,0.9208222306813856,0.051579748762847356,0.027598020555767034,0.0791777693186144,0.0030452988199467074,0.003616292348686715,0.0005709935287400076,0.002093642938713361,4300,0.000951655881233346,,,,,,,0.0024743052912067,0.006851922344880091,,,0.0005709935287400076,0.0049486105824134,,,0.9792539017891131,0.7068899885801294,0.5591929958127141,0.03102398172820708,5895.0,0.2021317091739627,0.046631138180433955,0.030262657023220403,0.18766653977921582,0.09059763989341454,0.017891130567186907,0.022459078797106968,0.034640274076893796,0.011419870574800152,845.0,0.004187285877426722,0.010468214693566806,0.0011419870574800152,,,0.010501050105010502,0.04950495049504951,0.028502850285028504,,,,,,10.0,,,,,,,,,,,,,,,,,0.0005709935287400076,0.0015226494099733537,0.0022839741149600305,0.0034259611724400457,,0.009000900090009001,,,,,,
GM1884,Kaag en Braassem,2011,26232,0.125838670326319,0.5072049405306496,0.4927188167124123,0.242451967063129,0.2108112229338213,0.3131671241232083,0.1906068923452272,0.033165599268069536,0.9183440073193047,0.05298871607197316,0.028781640744129307,0.08177035681610247,0.0026684964928331808,0.003621530954559317,0.000953034461726136,0.002096675815797499,23060,0.000953034461726136,0.39417505336992986,0.0070524550167734065,0.004574565416285453,0.004383958523940226,0.016582799634034768,0.18050472705093015,0.003812137846904544,0.009149130832570906,715.0,0.5205474229948155,0.0005718206770356817,0.004574565416285453,,,0.9852470265324794,0.6919030192131748,0.5640057944495273,0.0364059164379384,6050.0,0.20299634034766698,0.049176578225068615,0.030878316559926806,0.1927035681610247,0.0953034461726136,0.01715462031107045,0.024397682220189083,0.03774016468435499,0.012008234217749315,925.0,0.004193351631594998,0.011055199756023178,0.0011436413540713633,,,0.015146925174189639,0.0378673129354741,0.0378673129354741,,,,,,15.0,,,,,,,,,0.0003812137846904544,0.0003812137846904544,0.0003812137846904544,0.0003812137846904544,0.0003812137846904544,,,,,0.0024778896004879537,0.0030497102775236353,0.0034309240622140895,,0.010602847621932747,,,,,,
GM1884,Kaag en Braassem,2012,26188,0.12337711929127845,0.5069115625477317,0.4929738811669467,0.23789521918435924,0.20830151214296624,0.311974950358943,0.19627310218420652,0.03551244844967161,0.9179776997097907,0.052504964105697265,0.02940277989919047,0.08190774400488773,0.0032457614174431037,0.0038185428440507103,0.0009546357110126776,0.0021001985642278907,22895,0.0017183442798228196,0.39044600580418515,0.008018939972506491,0.005155032839468459,0.005155032839468459,0.016419734229418056,0.18634489078967467,0.0032457614174431037,0.008400794256911563,835.0,0.5143577210936306,0.0009546357110126776,0.004773178555063388,,,0.9872842523293112,0.6869558576447228,0.564380632350695,0.03283946845883611,6155.0,0.1978005193218268,0.04754085840843134,0.03188483274782343,0.19436383076218114,0.09870933251871086,0.016801588513823126,0.02386589277531694,0.041431189857950204,0.013555827096380021,985.0,0.004582251412860852,0.012028409958759737,0.0015274171376202842,,,0.013927576601671309,0.04178272980501393,0.027855153203342618,20.0,0.002291125706430426,0.0017183442798228196,0.003436688559645639,0.002291125706430426,10.0,0.0038185428440507103,0.001145562853215213,,,0.0009546357110126776,0.0019092714220253551,0.0009546357110126776,,0.00038185428440507105,0.00038185428440507105,0.00038185428440507105,0.0007637085688101421,0.0007637085688101421,,,,,0.0021001985642278907,0.002482052848632962,0.003436688559645639,,0.25998142989786444,,,,,,
GM1884,Kaag en Braassem,2013,26194,0.12212720470336719,0.5069863327479576,0.49286096052531114,0.23364129189890814,0.20787203176299915,0.310758188898221,0.20157287928533252,0.036649614415515,0.9145224097121478,0.05459265480644422,0.030923112163090783,0.08551576696953501,0.0034359013514545316,0.004199434985111094,0.0011453004504848438,0.002099717492555547,22885,0.0009544170420707032,0.38405741772925095,0.011071237688020158,0.0059173856608383596,0.005726502252424219,0.015652439489959532,0.18992899137206995,0.0032450179430403908,0.008398869970222189,910.0,0.5167213865770787,0.0009544170420707032,0.0064900358860807816,,,0.9862945712758647,0.6730548980682599,0.5562342521188058,0.03302282965564633,6125.0,0.19565549362449416,0.048866152554020006,0.03149576238833321,0.19412842635718103,0.10326792395205009,0.016988623348858516,0.02309689241811102,0.037985798274413986,0.012025654730090861,900.0,0.004772085210353516,0.011071237688020158,0.0017179506757272658,,,0.018755861206627072,0.04063769928102532,0.028133791809940606,45.0,0.0028632511262121096,0.0015270672673131252,0.0030541345346262504,0.004962968618767657,10.0,0.007062686111323204,0.0013361838588989846,,,0.0015270672673131252,0.0022906009009696876,0.0013361838588989846,,0.0003817668168282813,0.0003817668168282813,,0.0007635336336565626,0.0009544170420707032,,,,,0.0019088340841414064,0.002672367717797969,0.004199434985111094,0.0003817668168282813,0.4048140043763676,,0.1630144307856761,0.10479499121936321,,0.16282354737726196,0.1546155608154539
GM1884,Kaag en Braassem,2014,26375,0.11897630331753555,0.5072985781990521,0.4927014218009479,0.23033175355450236,0.20834123222748815,0.30843601895734596,0.20549763033175356,0.03867298578199052,0.9090047393364928,0.05838862559241706,0.032796208530805684,0.09118483412322274,0.0037914691943127963,0.004360189573459716,0.0009478672985781991,0.002085308056872038,22985,0.002654028436018957,0.3785781990521327,0.012132701421800948,0.007203791469194313,0.006066350710900474,0.015924170616113745,0.19279620853080567,0.003981042654028436,0.01042654028436019,875.0,0.5065402843601896,0.0007582938388625592,0.007393364928909953,,,0.9840758293838863,0.6758293838862559,0.5596208530805687,0.04701421800947867,6235.0,0.19734597156398104,0.05004739336492891,0.032417061611374406,0.19298578199052133,0.10995260663507109,0.017630331753554503,0.02293838862559242,0.04151658767772512,0.013270142180094787,985.0,0.004549763033175356,0.011943127962085309,0.0013270142180094786,,,0.01752708731676227,0.04461440407903123,0.036647546207775654,30.0,0.002274881516587678,0.0013270142180094786,0.0024644549763033177,0.004739336492890996,10.0,0.006255924170616114,0.0009478672985781991,0.0003791469194312796,0.0003791469194312796,0.0013270142180094786,0.002843601895734597,0.0009478672985781991,,0.0003791469194312796,0.0005687203791469195,,0.0007582938388625592,0.0009478672985781991,,,,,0.0036018957345971565,0.0036018957345971565,0.005308056872037914,,0.41427660930529,7475.0,0.16815165876777252,0.10862559241706161,,0.16928909952606636,0.1584834123222749
GM1884,Kaag en Braassem,2015,26623,0.11715434023213012,0.5076437666679188,0.4924313563460166,0.22818615482853172,0.21053224655373173,0.3033091687638508,0.21072005408857003,0.03943958231604252,0.9037298576418886,0.059534988543740376,0.03681027682830635,0.09634526537204673,0.004507380836119145,0.005070803440634038,0.0015024602787063817,0.0022536904180595727,23185,0.002629305487736168,0.38181271832625924,0.010329414416106374,0.007887916463208505,0.006385456184502122,0.01558802539157871,0.19362956841828494,0.004695188370957443,0.012019682229651054,865.0,0.49468504676407615,0.0011268452090297863,0.006761071254178718,40.0,0.010705029485782969,0.9852383277617098,0.6710363219772377,0.5596664538181272,0.02967359050445104,6340.0,0.19945160199827217,0.05183487961537017,0.0326785110618638,0.19362956841828494,0.11287232843781693,0.01709048567028509,0.022724711715434023,0.044886000826353155,0.014648987717387221,1085.0,0.003943958231604252,0.013522142508357435,0.0015024602787063817,,,0.020840012824623277,0.052901571016351394,0.04488618146841936,40.0,0.0024414979528978704,0.0016902678135446794,0.002629305487736168,0.004319573301280848,,0.007324493858693611,0.001314652743868084,0.0003756150696765954,,0.001314652743868084,0.002629305487736168,0.0011268452090297863,,,0.0003756150696765954,0.0003756150696765954,0.0007512301393531909,0.0009390376741914885,,,,0.0003756150696765954,0.0035683431619276565,0.0035683431619276565,0.005446418510310634,0.0005634226045148932,0.39596024366784227,,0.1725951245163956,0.11737970927393607,,0.17729031288735303,0.16583405326221687
GM1884,Kaag en Braassem,2016,26858,0.11519845111326234,0.5071114751656862,0.49296299054285503,0.2241417827090625,0.20906247672946607,0.301958448134634,0.21520589768411647,0.04002531834090401,0.8954501452081317,0.06273735944597512,0.04170079678308139,0.10443815622905651,0.005398763869238216,0.005212599597885174,0.0016754784421773774,0.002420135527589545,23235,0.0033509568843547548,0.38126442773102986,0.00968054211035818,0.00874972075359297,0.007260406582768635,0.01545163452230248,0.19398317074986968,0.005026435326532132,0.013962320351478144,865.0,0.4762082061210812,0.0011169856281182514,0.005584928140591258,40.0,0.010611363467123389,0.9851813240002979,0.6694467197855387,0.5733859557673692,0.028669297788368457,6395.0,0.1975202919055775,0.05324298160696999,0.032392583215429295,0.19249385657904536,0.11449102688212079,0.01749944150718594,0.021967384019658948,0.04691339638096657,0.01563779879365552,1160.0,0.004467942512473006,0.013962320351478144,0.0014893141708243354,,,0.024240465416936006,0.051712992889463474,0.040400775694893344,55.0,0.002978628341648671,0.0018616427135304192,0.002792464070295629,0.00484027105517909,,0.006888078040062551,0.0018616427135304192,0.00037232854270608385,0.0007446570854121677,0.0016754784421773774,0.0033509568843547548,0.0007446570854121677,,,,,0.0007446570854121677,0.0011169856281182514,,,,0.00037232854270608385,0.00390944969841388,0.0037232854270608383,0.00484027105517909,0.00037232854270608385,0.4718810601163542,,0.1794623575843324,0.12100677637947725,,0.18504728572492368,0.17034030828803337
GM1884,Kaag en Braassem,2017,27045,0.112331299685709,0.5052689961175818,0.4947310038824182,0.22388611573303752,0.21020521353300056,0.29728230726566834,0.2185246810870771,0.04159733777038269,0.890367905342947,0.06378258458125347,0.04603438713255685,0.10981697171381032,0.005546311702717693,0.005731188759474949,0.0016638935108153079,0.00258827879460159,23395,0.0033277870216306157,0.38565354039563693,0.007210205213533,0.010722869291920872,0.007210205213533,0.015899426881124053,0.19707894250323535,0.0046219264189314106,0.012571639859493437,915.0,0.4662599371418007,0.0011092623405435386,0.006100942872989462,45.0,0.01035311517840636,0.9853947125161767,0.6650027731558513,0.5727491218339804,0.028101312627102977,6415.0,0.19781845073026438,0.05416897762987613,0.032353484932519876,0.18912922906267332,0.1179515622111296,0.017933074505453873,0.020891107413569976,0.0475134035866149,0.016823812164910336,1195.0,0.004252172305416898,0.015714549824366795,0.0016638935108153079,,,0.019749835418038184,0.054312047399605004,0.04937458854509546,45.0,0.0027731558513588465,0.0018487705675725643,0.0022185246810870773,0.005546311702717693,15.0,0.006285819929746719,0.0018487705675725643,0.00036975411351451286,0.0007395082270290257,0.0018487705675725643,0.00258827879460159,0.0011092623405435386,,,0.00036975411351451286,0.00036975411351451286,0.0007395082270290257,0.001294139397300795,,,,0.00036975411351451286,0.0036975411351451285,0.003512664078387872,0.004991680532445923,0.00036975411351451286,0.47235023041474655,7655.0,0.18986873728970236,0.1264559068219634,,0.19319652431133297,0.17970049916805325
GM1884,Kaag en Braassem,2018,27326,0.11113957403205738,0.5062943716606895,0.49366903315523675,0.22140086364634415,0.21298397130937569,0.2923955207494694,0.2228646710092952,0.04245041352558003,0.8856034545853766,0.06550537949205884,0.04885457073849082,0.11435995023054966,0.005672253531435263,0.0067701090536485395,0.002012735124057674,0.002561662885164312,23580,0.0018297592036887946,0.39156846958940206,0.006221181292541901,0.01006367562028837,0.006404157212910781,0.016101880992461393,0.19523530703359437,0.004025470248115348,0.011344507062870527,960.0,0.42981043694649784,0.0010978555222132768,0.006221181292541901,40.0,0.011710458903608285,0.9845934275049404,0.6674961575056723,0.5745443899582815,0.02964209909975847,6480.0,0.19834589767986532,0.0525140891458684,0.03238673790529167,0.18938007758179023,0.11728756495645173,0.017199736514674668,0.02104223084242114,0.04354826904779331,0.01683378467393691,1090.0,0.004391422088853107,0.015369977310985874,0.001646783283319915,,,0.024695423114916036,0.052683569311820874,0.04774448468883767,50.0,0.001280831442582156,0.0005489277611066384,,0.00347654248700871,15.0,0.004757373929590866,0.0003659518407377589,0.0005489277611066384,0.0005489277611066384,0.0010978555222132768,0.0005489277611066384,0.0005489277611066384,,,,,0.0005489277611066384,0.0010978555222132768,,,,0.0003659518407377589,0.00329356656663983,0.002744638805533192,0.004757373929590866,,0.4165294698715838,7625.0,0.19797994583912756,0.13467027739149529,0.22304764692966406,0.19907780136134084,0.18846519797994585
GM1884,Kaag en Braassem,2019,27794,0.1104914729797798,0.507663524501691,0.49237245448657985,0.21515434985968196,0.21983161833489243,0.2856731668705476,0.22540836151687416,0.04299489098366554,0.8780672087500899,0.06871986759732317,0.053248902640857736,0.1219687702381809,0.005936533064690221,0.007195797654169965,0.002698424120313737,0.002878319061667986,23915,0.002878319061667986,0.3991868748650788,0.005216953299273224,0.009174642009066704,0.006836007771461467,0.016730229545945167,0.19464632654529754,0.0043174785925019785,0.012592645894797439,925.0,0.4103403612290422,0.0008994747067712456,0.005756638123335972,55.0,0.011333381305317695,0.984205224149097,0.665071598186659,0.5810606605742247,0.03184140461970209,6580.0,0.19518601136936028,0.048031949341584515,0.03256098438511909,0.18781031877383608,0.11531265740807368,0.015470964956465424,0.02194718284521839,0.04299489098366554,0.015291070015111175,1100.0,0.003238108944376484,0.01403180542563143,0.001619054472188242,,,0.017909475740801043,0.04884402474763921,0.045587756431129924,65.0,0.0008994747067712456,0.0005396848240627473,0.00035978988270849826,0.0035978988270849825,,0.004857163416564727,,0.00035978988270849826,0.0005396848240627473,0.0008994747067712456,0.0007195797654169965,0.00035978988270849826,,,,,0.0007195797654169965,0.0008994747067712456,,,,,0.002698424120313737,0.003058214003022235,0.004497373533856228,0.00035978988270849826,0.40540540540540543,7725.0,0.20759876232280347,0.14067784413902282,0.22055119810030943,0.20633949773332375,0.19680506584154853
GM1884,Kaag en Braassem,2020,28068,0.10973350434658687,0.5075174576029642,0.4923756591135813,0.21341028929742056,0.22356420122559498,0.2793216474276756,0.2297990594271056,0.04453470143936155,0.8721675929884566,0.0705429670799487,0.05736069545389768,0.12790366253384639,0.0069474134245404015,0.007481829841812741,0.0030283596978765855,0.002850220892119139,24150,0.002850220892119139,0.39992161892546674,0.005700441784238278,0.010153911928174433,0.00890694028787231,0.017279464158472282,0.19737779677925038,0.004631608949693601,0.011044605956961665,925.0,0.3901239846088072,0.0010688328345446773,0.005522302978480833,55.0,0.01122274476271911,0.9838606241983754,0.6425466723671085,0.5351289724953684,0.03366823428815733,6615.0,0.18348296993016958,0.04595981188542112,0.032599401453612654,0.1870457460453185,0.11151489240416132,0.015141798489382928,0.02102037907937865,0.04221889696451475,0.015498076100897819,1080.0,0.003384637309391478,0.01407296565483825,0.0012469716403021233,,,0.017857142857142856,0.03409090909090909,0.03571428571428571,55.0,0.000890694028787231,0.0007125552230297848,0.0003562776115148924,0.003384637309391478,20.0,0.003562776115148924,0.0003562776115148924,0.0003562776115148924,,0.0007125552230297848,0.0005344164172723387,0.0005344164172723387,,,,,0.0005344164172723387,0.0010688328345446773,,,,,0.001781388057574462,0.0023158044748468006,0.0032064985036340315,,0.37337662337662336,7705.0,0.21412284452045033,0.14910218041898246,0.21928886988741628,0.20913495795924184,0.20735356990166737
GM1884,Kaag en Braassem,2021,28380,0.10916138125440451,0.5063424947145877,0.49365750528541225,0.21000704721634955,0.22674418604651161,0.27572233967582804,0.22938689217758984,0.04668780831571529,0.8652219873150105,0.07188160676532769,0.06289640591966174,0.13477801268498943,0.007575757575757576,0.008456659619450317,0.0033474277660324172,0.0029950669485553204,24330,0.0017618040873854828,0.4001057082452431,0.005285412262156448,0.0102184637068358,0.00828047921071177,0.01744186046511628,0.19873150105708245,0.0045806906272022555,0.012684989429175475,755.0,0.3912966878083157,0.0008809020436927414,0.0047568710359408035,60.0,0.013213530655391121,0.9839675828047921,0.642353770260747,0.5655391120507399,0.03294573643410853,6695.0,0.18516560958421424,0.047216349541930935,0.033474277660324174,0.18622269203664552,0.11116983791402396,0.013565891472868217,0.020260747004933053,0.042283298097251586,0.01620859760394644,1090.0,0.0028188865398167725,0.014446793516560958,0.0012332628611698379,,0.0032278889606197547,0.019367333763718526,0.02420916720464816,0.04357650096836669,65.0,0.0010570824524312897,0.0007047216349541931,0.0005285412262156448,0.0035236081747709656,10.0,0.0029950669485553204,0.00035236081747709656,0.00035236081747709656,0.00035236081747709656,0.0005285412262156448,0.0010570824524312897,,,,,,0.0007047216349541931,0.0008809020436927414,,,,,0.0017618040873854828,0.0015856236786469344,0.0024665257223396757,,0.4034861200774693,7780.0,0.220754052149401,0.1539816772374912,0.21881606765327696,0.21511627906976744,0.21300211416490486
GM1884,Kaag en Braassem,2022,29133,0.10887996430165105,0.5042391789379741,0.49582947173308617,0.20972780008924588,0.23324065492740192,0.2689390038787629,0.23032300140733875,0.047540589709264405,0.8481790409501253,0.08323893866062541,0.06865067106030961,0.15188960972093501,0.00806645384958638,0.009096213915491024,0.004633920296570899,0.003432533553015481,24805,0.003947413585967803,0.4024645590910651,0.0036041602306662547,0.010125973981395668,0.009267840593141797,0.018020801153331274,0.19479627913362854,0.004290666941269351,0.011670614080252634,620.0,0.40280781244636665,0.0006865067106030961,0.005492053684824769,45.0,0.013901760889712697,0.9715786221810319,0.6533827618164968,0.5718600899323791,,6785.0,0.1898191054817561,0.047540589709264405,0.03432533553015481,0.18192427830982047,0.10829643359763842,0.012528747468506504,0.019050561219235918,0.042735042735042736,0.014245014245014245,1145.0,0.0025744001647616107,0.013215254179109601,0.0006865067106030961,,0.007881462799495587,0.018915510718789406,0.018915510718789406,0.031525851197982346,55.0,0.0013730134212061923,0.0008581333882538702,,0.003947413585967803,15.0,0.004633920296570899,0.00034325335530154807,0.00034325335530154807,0.00034325335530154807,0.0006865067106030961,0.00034325335530154807,0.00034325335530154807,,,,,0.0006865067106030961,0.0010297600659046442,,,,0.00034325335530154807,0.0017162667765077404,0.0017162667765077404,0.0020595201318092883,,0.38461538461538464,7955.0,0.22122678749184774,0.15669515669515668,0.2186523873270861,0.21504822709641988,0.2153914804517214
GM1884,Kaag en Braassem,2023,29715,0.11193000168265185,0.5037859666834932,0.4962140333165068,0.20679791351169444,0.23843176846710415,0.2648494026585899,0.23119636547198386,0.04812384317684671,0.8440181726400807,0.08329126703685008,0.07269056032306916,0.15598182735991922,0.008076728924785462,0.009591115598182737,0.005384485949856975,0.0038700992764597003,25310,0.0028605081608615176,0.408716136631331,0.0028605081608615176,0.01060070671378092,0.009591115598182737,0.01867743563856638,0.19384149419485108,0.004206629648325761,0.012451623759044253,645.0,0.4114083796062595,0.0003365303718660609,0.005384485949856975,60.0,0.014302540804307588,,,,,6865.0,0.1805485445061417,0.04139323573952549,0.03600874978966852,0.1807168096920747,0.10684839306747435,0.011610297829379102,0.01901396601043244,0.042907622412922765,0.01463907117617365,1165.0,0.001850917045263335,0.013292949688709406,0.0008413259296651522,,0.004509921828021648,0.01803968731208659,0.01503307276007216,0.03457606734816596,55.0,0.0010095911155981827,0.0008413259296651522,,0.0038700992764597003,,0.005384485949856975,0.0003365303718660609,0.0003365303718660609,0.0005047955577990914,0.0005047955577990914,0.0006730607437321219,0.0003365303718660609,,,,,0.0003365303718660609,0.0008413259296651522,,,,0.0003365303718660609,0.0010095911155981827,0.0016826518593303045,0.001514386673397274,,0.3427540589296452,8165.0,0.2248022884065287,0.16338549554097256,0.21958606764260474,0.2187447417129396,0.22194178024566716
GM1884,Kaag en Braassem,2024,29560,0.10730717185385656,0.5047361299052774,0.4952638700947226,0.20602165087956698,0.23562246278755075,0.26133288227334234,0.23697564276048713,0.04922192151556157,0.8384641407307172,0.08761840324763194,0.07391745602165088,0.16153585926928282,0.007780784844384303,0.009472259810554804,0.005581867388362652,0.0038903924221921514,25290,0.007273342354533153,,,,,,,0.02892422192151556,0.03247631935047361,,,,,40.0,,,,,,,,,,,,,,,,,,,,,,,,,,,,,,,,,,,,,,,,,,,0.0005074424898511502,,,,,,,,,,,,,,,
GM1916,Leidschendam-Voorburg,2009,74836,0.12453899192901811,0.4780453257790368,0.5220081244320915,0.20939120209524828,0.2343791757977444,0.28428831043882624,0.20578331284408574,0.05572184510128815,0.7231813565663584,0.1401063659201454,0.1366989149607141,0.2768052808808595,0.014765620824202255,0.02933080335667326,0.008819284836175103,0.01202629750387514,14050,0.011157731573039713,,,,,,,0.00601314875193757,0.008485221016623015,,,0.0034742637233417073,,,,0.940790528622588,0.7262547437062377,0.5927628414132236,0.04857287936287348,18475.0,0.2465390988294404,0.06146774279758405,0.044564113528248434,0.1980330322304773,0.10202309049120745,0.017705382436260624,0.01984339088139398,0.03841733924849003,,2635.0,0.004276016890266717,,0.0014698808060291837,,,,,,,,,,,,,,,,,,,,,,,,,,,,,0.0014030680421187663,0.0014698808060291837,0.0020043829173125235,0.0001336255278208349,,,,,,,
GM1916,Leidschendam-Voorburg,2010,74689,0.12636398934247345,0.477848143635609,0.5220983009546252,0.2077949898914164,0.23182798002383215,0.2835089504478571,0.209803317757635,0.05589845894308399,0.7202533170881924,0.1412523932573739,0.13850767850687518,0.2797600717642491,0.014727737685602966,0.029254642584584076,0.00883664261136178,0.01218385572172609,13985,0.0071630360561796245,,,,,,,0.0067613704829359075,0.013121075392628098,,,0.0026777704882914484,0.013522740965871815,,,0.9096386348726051,0.7230649761008984,0.5926575533211048,0.04907014419794079,18780.0,0.2543881963876876,0.06587315401196964,0.04525432125212548,0.20257333743924807,0.10670915395841422,0.017070786862857984,0.021154386857502445,0.043714603221357895,0.014861626210017539,3000.0,0.004351377043473604,0.013589685228079101,0.001874439341804014,,,0.013774104683195593,0.03443526170798898,0.028607755880483154,,0.00026777704882914485,,0.00020083278662185865,,20.0,,0.00020083278662185865,,,,0.00013388852441457243,,,,,0.00020083278662185865,0.00020083278662185865,0.00020083278662185865,,,,0.00033472131103643105,0.0013388852441457242,0.0016066622929748692,0.0020752721284258728,,0.008476372112735749,,,,,,
GM1916,Leidschendam-Voorburg,2011,74563,0.12744927108619555,0.4785215187157169,0.521505304239368,0.207006155868192,0.2308785858938079,0.2827139465954964,0.2117672303957727,0.05719995171868085,0.718050507624425,0.141491088073173,0.14048522725748697,0.28197631533066,0.015289084398428176,0.029572307981170286,0.009186862116599385,0.012137387175945175,58495,0.006772796158952832,0.3716320427021445,0.009857435993723428,0.021123077129407346,0.0074433700360768745,0.023671257862478708,0.2259833965908024,0.0061022222818287895,0.011735042849670748,3665.0,0.5143301637541408,0.002481123345358958,0.014082051419604898,,,0.9594571033890804,0.7175140485227257,0.6128374663036626,0.06350334616364685,19000.0,0.2556227619596851,0.06859970762978958,0.045129621930448074,0.2068720410927672,0.11084586188860426,0.01709963386666309,0.02212893794509341,0.0454649088690101,0.01629494521411424,3140.0,0.004090500650456661,0.015087912235290962,0.001676434692810107,,,0.016836788382616017,0.029464379669578027,0.02999052930653478,,0.00033528693856202136,,0.0002682295508496171,0.00013411477542480855,15.0,,0.00020117216313721284,,,,0.0002682295508496171,,,,,0.0002682295508496171,0.00040234432627442567,0.00040234432627442567,,,,0.0002682295508496171,0.0018105494682349155,0.001743492080522511,0.0025481807330713624,0.00013411477542480855,0.01210144165000526,,,,,,
GM1916,Leidschendam-Voorburg,2012,74628,0.12881224205392078,0.4787077236426006,0.5212520769684301,0.20541887763305997,0.2290695181433242,0.2826017044540923,0.2141957442246878,0.057619124189312323,0.7154151256900895,0.14183684407997,0.14277482982258669,0.2846116739025567,0.015543763734791232,0.030015543763734793,0.009379857426167123,0.0120598166907863,58420,0.006431902235086027,0.3695663825909846,0.011188829929785067,0.020903682264029586,0.007570884922549178,0.023583641528648766,0.22900251916170875,0.005761912418931232,0.013667792249557806,4350.0,0.5134801951010345,0.002210966393310822,0.014069786139250683,,,0.9639143485019027,0.7117301817012381,0.6123036929838667,0.04984724232191671,19140.0,0.24876721873827518,0.06713297957871041,0.04569330546175698,0.2079648389344482,0.11517124939700916,0.01701774133033178,0.02143967411695342,0.04669829018598917,0.01674974540386986,3270.0,0.004756927694699041,0.01561076271640671,0.001674974540386986,,,0.019764901695620514,0.025486320607510663,0.02964735254343077,110.0,0.005560915474084794,0.001674974540386986,0.007302888996087259,0.004957924639545479,20.0,0.004689928713083561,0.001808972503617945,,0.0001339979632309589,0.0014739775955405479,0.0023449643565417806,0.0006699898161547944,,0.0001339979632309589,0.0001339979632309589,0.00020099694484643834,0.0005359918529238356,0.0005359918529238356,,,,0.0004019938896928767,0.001674974540386986,0.001942970466848904,0.0026799592646191777,0.00020099694484643834,0.28711120357848746,,,,,,
GM1916,Leidschendam-Voorburg,2013,75147,0.1314224120723382,0.47912757661649835,0.5209123451368651,0.20606278361078953,0.22994929937322847,0.28005109984430515,0.2151782506287676,0.05782000612133552,0.7117383262139539,0.141389543162069,0.14691205237734042,0.2883015955394094,0.016301382623391487,0.030407068811795546,0.009647757062823533,0.012176134775839354,58830,0.007518596883441787,0.3612253316832342,0.013373787376741586,0.023420761973199197,0.008383568206315622,0.02302154443956512,0.2282858929830865,0.006454016793750915,0.015170266278094934,4760.0,0.5180512861458209,0.0023953052018044632,0.013440323632347265,,,0.9627130823585772,0.6978322487923669,0.5869828469533048,0.050367945493499405,19005.0,0.23646985242258506,0.06314290656978988,0.046309233901552956,0.20426630470943616,0.11597269352069943,0.01590216508975741,0.020892384260183375,0.03859102825129413,0.014771048744460856,2665.0,0.0037925665695237335,0.013373787376741586,0.0015303338789306293,,,0.018226002430133656,0.026832725799918994,0.029364115026326448,230.0,0.0065205530493565944,0.0017964789013533474,0.007385524372230428,0.007318988116624749,25.0,0.008183959439498583,0.001863015156959027,0.0007318988116624749,0.0003992175336340772,0.0019295514125647064,0.0025283777130158222,0.0013972613677192703,,0.00013307251121135908,0.00013307251121135908,0.00026614502242271816,0.0007318988116624749,0.000864971322873834,,,,0.0003992175336340772,0.0023287689461987835,0.0023953052018044632,0.0029941315022555793,0.00026614502242271816,0.44349939246658565,19605.0,0.1463132260768893,0.16121734733256152,,0.13733083157012255,0.2152447868843733
GM1916,Leidschendam-Voorburg,2014,75806,0.13095269503733215,0.4799092420125056,0.5200775664195446,0.20657995409334354,0.22847795688995595,0.2790676199773105,0.21594596733767776,0.05863651953671213,0.7072659156267314,0.1426668073767248,0.15005408542859405,0.2927208928053188,0.016357544257710473,0.030472521963960636,0.009497928923831887,0.012531989552278184,59465,0.007123446692873915,0.3566999973616864,0.013587314988259505,0.024272485027570376,0.009431971084083054,0.02282141255309606,0.2269609265757328,0.00699153101337625,0.015236260981980318,4560.0,0.5068200406300293,0.0021106508719626414,0.015236260981980318,,,0.9625887132944622,0.6935466849589742,0.5898609608738095,0.0532939345170567,19135.0,0.23382054190961138,0.06338548399862808,0.045774740785689785,0.20341397778539957,0.11648154499643827,0.015500092340975649,0.019919267604147427,0.04089386064427618,0.01424689338574783,2860.0,0.003957470384929953,0.013125610110017677,0.001451072474474316,,,0.021154427319431852,0.03928679359323058,0.03425002518384205,200.0,0.005144711500408939,0.0017149038334696462,0.006661741814632087,0.006529826135134422,20.0,0.0070574888531250825,0.0017149038334696462,0.000725536237237158,0.00039574703849299525,0.002176608711711474,0.0029681027886974648,0.0005936205577394929,,0.00019787351924649763,0.00019787351924649763,0.00019787351924649763,0.0006595783974883254,0.0009893675962324882,,,,0.0005276627179906603,0.003034060628446297,0.0029681027886974648,0.003693639025934623,0.00026383135899533017,0.4049561801148383,20035.0,0.1487349286336174,0.16779674432103,,0.13950083106878083,0.22188217291507267
GM1916,Leidschendam-Voorburg,2015,76173,0.1320415370275557,0.48068213146390454,0.5192784845023828,0.20807897811560527,0.2271802344662807,0.27772307773095456,0.21687474564478226,0.05966681107479028,0.7037270423903483,0.14276712220865662,0.15346645136728237,0.296233573575939,0.016606934215535687,0.030588266183555854,0.009583448203431662,0.012471610675698738,59745,0.007417326349231355,0.35320914234702583,0.013193651293765507,0.024352460845706483,0.009780368371995326,0.022514539272445618,0.22750843474722016,0.005579404775970488,0.014965932810838486,4325.0,0.49696086539850076,0.0021661218542003073,0.013259291349953396,3010.0,0.01555669331652948,0.9612986228716212,0.689220589972825,0.5887913040053562,0.042009635960248384,19015.0,0.2347944809840757,0.06524621585076076,0.04509471860107912,0.20007089126068292,0.11565777900305883,0.014572092473711157,0.019429456631614876,0.042600396465939376,0.014769012642274822,3005.0,0.004004043427461174,0.013653131687080725,0.0014440812361335381,,,0.01988466892026248,0.03231258699542652,0.03728375422549215,195.0,0.0055137647197826,0.0022317619103881955,0.0064983655626009214,0.006235805337849369,20.0,0.007548606461607131,0.0019035616294487548,0.0005907605056909928,0.00039384033712732856,0.002034841741824531,0.002691242303703412,0.0003282002809394405,0.0001312801123757762,0.0002625602247515524,0.0002625602247515524,0.00019692016856366428,0.0005907605056909928,0.0009189607866304333,,,,0.0003282002809394405,0.0024943221351397477,0.0029538025284549644,0.0036758431465217334,0.0002625602247515524,0.417578047325512,20360.0,0.15097212923214262,0.1731584682236488,,0.14211072164677774,0.22711459441009282
GM1916,Leidschendam-Voorburg,2016,76455,0.1335164475835459,0.48093649859394416,0.5190635014060558,0.20927342881433522,0.2248381400824014,0.2758485383558956,0.219737100255052,0.05996991694460794,0.6983192727748349,0.14322150284481067,0.15845922438035445,0.30168072722516515,0.016741874305146818,0.030933228696618926,0.009875089922176443,0.012556405728860114,59855,0.007847753580537572,0.3508599829965339,0.012164018049833235,0.024982015564711267,0.010005885815185403,0.022431495651036557,0.22765025178209405,0.0071283761689882935,0.017003466091164737,4255.0,0.4808057027009352,0.0018311425021254333,0.011837028317310837,2880.0,0.014714537963507945,0.9615460074553659,0.6875286116015957,0.5997645673925839,0.042574063174416324,19190.0,0.23628278072068537,0.06618272186253352,0.044209011837028314,0.20018311425021254,0.11725851808253221,0.014976129749525864,0.01903080243280361,0.04584396049964031,0.01621869073311098,3220.0,0.004120070629782225,0.014845333856516905,0.001307958930089595,,,0.018612852664576802,0.04653213166144201,0.03526645768025078,225.0,0.005755019292394219,0.002485121967170231,0.006082009024916618,0.006212804917925577,20.0,0.007847753580537572,0.001961938395134393,0.0008501733045582369,0.0006539794650447975,0.002485121967170231,0.0031391014322150286,0.00039238767902687857,0.00013079589300895951,0.0003269897325223988,0.00039238767902687857,0.00039238767902687857,0.0007193774115492774,0.0009809691975671965,,,,0.0003269897325223988,0.002942907592701589,0.0034660911647374274,0.004120070629782225,0.00013079589300895951,0.4511167711598746,20730.0,0.15558171473415736,0.18023674056634623,,0.1463606042770257,0.2362173827741809
GM1916,Leidschendam-Voorburg,2017,76800,0.13604166666666667,0.4818359375,0.5181640625,0.2107421875,0.22467447916666666,0.27369791666666665,0.22174479166666666,0.05970052083333333,0.6902994791666667,0.1451171875,0.16458333333333333,0.3097005208333333,0.016666666666666666,0.031119791666666667,0.009830729166666666,0.012955729166666667,60095,0.008658854166666667,0.352734375,0.009635416666666667,0.026236979166666667,0.0099609375,0.022721354166666666,0.22786458333333334,0.005533854166666667,0.016861979166666666,4400.0,0.4666015625,0.0014973958333333334,0.010677083333333334,2695.0,0.014973958333333334,0.9559895833333333,0.6829427083333334,0.6033203125,0.041341145833333336,19230.0,0.23430989583333334,0.06705729166666667,0.0439453125,0.19791666666666666,0.1193359375,0.014713541666666666,0.018489583333333334,0.047200520833333336,0.0171875,3350.0,0.0039713541666666664,0.016015625,0.0014973958333333334,,,0.02584226646248086,0.05934150076569678,0.04354900459418071,210.0,0.00546875,0.0025390625,0.0048177083333333336,0.006184895833333333,30.0,0.0077473958333333336,0.0018880208333333333,0.0007161458333333333,0.0006510416666666666,0.0022786458333333335,0.0026041666666666665,0.0003255208333333333,0.00013020833333333333,0.00026041666666666666,0.000390625,0.00026041666666666666,0.0007161458333333333,0.0010416666666666667,,,0.00013020833333333333,0.000390625,0.0027994791666666667,0.0032552083333333335,0.004036458333333334,0.00013020833333333333,0.44218989280245025,20945.0,0.159375,0.18815104166666666,0.22291666666666668,0.14889322916666667,0.246875
GM1916,Leidschendam-Voorburg,2018,77216,0.13956951927061748,0.4821539577289681,0.5178330915872358,0.2114846663903854,0.22411158309158724,0.2709930584334853,0.22443535018648986,0.05924937836717779,0.6825657894736842,0.14711976792374637,0.1703014919187733,0.3174212598425197,0.01735391628677994,0.03134065478657273,0.010101533360961458,0.013662971404890178,60185,0.007640903439701616,0.356273311230833,0.008417944467467882,0.025771860754247825,0.009713012847078326,0.022857956900124328,0.2245648570244509,0.005504040613344385,0.01631786158309159,4450.0,0.445309262329051,0.001165561541649399,0.010231040198922504,2780.0,0.01554082055532532,0.953494094488189,0.6830838168255284,0.6101067136344799,0.04221922917530046,19150.0,0.2368680066307501,0.06935091172813924,0.04344954413593038,0.19497254455035226,0.11998808537090759,0.014245752175714877,0.01819571073352673,0.04914784500621633,0.017612929962702032,3505.0,0.004014711976792374,0.01631786158309159,0.0015540820555325322,0.0009279020135473694,,0.021341746311589496,0.03665212953512109,0.039899786582536886,180.0,0.002266369664318276,0.0009065478657273104,0.0007122876087857439,0.00446798590965603,25.0,0.005439287194363863,0.0007122876087857439,0.0007770410277662661,0.0007122876087857439,0.0013598217985909657,0.0010360547036883548,0.00019426025694156652,0.00012950683796104435,0.00032376709490261087,0.0004532739328636552,0.00032376709490261087,0.0007770410277662661,0.001165561541649399,,,0.00012950683796104435,0.00038852051388313304,0.0031729175300455863,0.0035614380439287193,0.00446798590965603,0.0002590136759220887,0.36837709937830565,21030.0,0.1624015748031496,0.1960085992540406,0.22236324077911312,0.15255905511811024,0.25383340240364693
GM1916,Leidschendam-Voorburg,2019,78396,0.14180570437267206,0.48280524516556966,0.5171819990815858,0.21072503699168324,0.22590438287667738,0.2674881371498546,0.22450125006377877,0.06078116230419919,0.673376192662891,0.14898719322414408,0.1776238583601204,0.3266110515842645,0.017347823868564722,0.03182560334710954,0.011033726210520945,0.013584876779427522,61125,0.008355018113169039,0.3590744425736007,0.0070794428287157506,0.024108372876167152,0.009503035869177,0.023151691412827184,0.2222689933159855,0.005995203836930456,0.01830450533190469,4300.0,0.4319735700801061,0.0009566814633399664,0.009566814633399662,3425.0,0.0179218327465687,0.9499846930965865,0.6780958212153682,0.6087045257411092,0.03973417011071993,19245.0,0.23164447165671717,0.06467166692178172,0.04375223225674779,0.19273942548089187,0.11933006786060513,0.013967549364763509,0.018942292974131334,0.04585693147609572,0.0170289300474514,3265.0,0.0035078320322465433,0.015562018470330119,0.0013393540486759529,,,0.024287127822254204,0.04677520913915625,0.03733021498605739,160.0,0.0020409204551252616,0.0008291239348946375,0.00044645134955865096,0.0043369559671411805,30.0,0.004910964845145161,0.0003826725853359865,0.0009566814633399664,0.0005740088780039798,0.0010842389917852951,0.0008929026991173019,0.0002551150568906577,0.00012755752844532885,0.0003188938211133221,0.0005102301137813154,0.0003188938211133221,0.0007015664064493086,0.0010842389917852951,,0.00012755752844532885,0.00012755752844532885,0.0003188938211133221,0.0033802745038012142,0.0034440532680238786,0.004464513495586509,0.00019133629266799326,0.3575604929387425,21395.0,0.16372008775957958,0.20224246135006888,0.22169498443798152,0.15396193683351192,0.2605362518495842
GM1916,Leidschendam-Voorburg,2020,78321,0.14459723445819128,0.4831398986223363,0.5168473334099412,0.21290586177398144,0.22439703272430128,0.26544604895238827,0.2263760677213008,0.06166928410004979,0.6676370322135826,0.15034281993335122,0.18200737988534366,0.33235019981869485,0.01774747513438286,0.03217527866089555,0.01142733111170695,0.013470205947319366,61430,0.00823533918106255,0.35999284993807534,0.007086222086030567,0.024514498027348987,0.011938049820610053,0.023237701255091225,0.2227371969203662,0.005426386282095479,0.016087639330447774,4005.0,0.40404233858096805,0.0007660780633546558,0.009129096921642982,3680.0,0.018960432068027732,0.9524903921042888,0.6525069904623281,0.5628758570498333,0.038750782038023006,19050.0,0.21565097483433562,0.057838893783276515,0.04347493009537672,0.19056191825947064,0.11650770546852057,0.01302332707702915,0.017045236909641093,0.044241008158731374,0.016215319007673548,3175.0,0.0033835114464830633,0.015002362074028677,0.0013406366108706478,0.0008830022075055188,0.003973509933774834,0.026048565121412803,0.030463576158940398,0.03443708609271523,175.0,0.0014683162880964238,0.0008299179019675438,0.0005107187089031039,0.004213429348450607,40.0,0.0029366325761928476,0.0005107187089031039,0.0005745585475159919,,0.0008937577405804318,0.0006383983861288798,0.00019151951583866396,0.00012767967722577598,0.0003830390316773279,0.0006383983861288798,0.0003830390316773279,0.0007660780633546558,0.0012129569336448718,,,0.00012767967722577598,0.0004468788702902159,0.0025535935445155193,0.0031281520920315112,0.003702710639547503,0.00012767967722577598,0.31788079470198677,21460.0,0.16694117797270208,0.20843707307107928,0.22146040014810842,0.15685448347186579,0.2688295603988713
GM1916,Leidschendam-Voorburg,2021,78545,0.14651473677509708,0.4823986249920428,0.5176013750079572,0.2122350245082437,0.22337513527277356,0.2653892672990006,0.22738557514800434,0.061811700299191544,0.6592399261569801,0.15239671525876886,0.18836335858425107,0.34076007384301993,0.01839709720542364,0.032274492329238014,0.011776688522503024,0.013431790693233178,61345,0.003246546565662996,0.3619581131835254,0.005474568718568973,0.02374435037239799,0.011840346298300337,0.022980457062830226,0.22242026863581388,0.004965306512190464,0.015341523967152588,3710.0,0.39741549430262907,0.0005729199821758227,0.008466484181042714,3865.0,0.019288306066586033,0.9574129479915972,0.658412375071615,0.5855878795594882,0.03914953211534789,19320.0,0.21828251320898848,0.059329047043096314,0.04417849640333567,0.19148258959831943,0.11954930294735502,0.012094977401489591,0.01731491501686931,0.04576994079826851,0.01642370615570692,3295.0,0.003437519893054937,0.015214208415557961,0.0012094977401489592,,0.005213764337851929,0.04953076120959333,0.02911018421967327,0.03258602711157456,215.0,0.001782417722324782,0.0009548666369597047,0.0005729199821758227,0.004774333184798523,30.0,0.003564835444649564,0.0006365777579731364,0.00070023553377045,0.00025463110318925457,0.0009548666369597047,0.001082182188554332,0.00019097332739194094,,0.0003182888789865682,0.0005729199821758227,0.0003182888789865682,0.0007638933095677638,0.001082182188554332,,,0.00012731555159462728,0.0005092622063785091,0.0031192310140683685,0.0036921509962441913,0.004137755426825387,0.00019097332739194094,0.3415015641293014,21405.0,0.1699026036030301,0.21541791329810936,0.22044687758609713,0.15799859952893247,0.276847666942517
GM1916,Leidschendam-Voorburg,2022,79765,0.1501034288221651,0.48172757475083056,0.5182724252491694,0.21224847990973483,0.22917319626402557,0.26158089387576006,0.2262897260703316,0.06149313608725632,0.6443302200213126,0.15984454334607912,0.19582523663260828,0.3556697799786874,0.018554503855074282,0.032595750015671034,0.012975615871622893,0.01391587789130571,62000,0.0038237322133767944,0.3651977684448066,0.003384943270858146,0.02306776154955181,0.014166614429887795,0.022879709145615244,0.21694979000814893,0.00514009904093274,0.015608349526734783,2900.0,0.41647339058484295,0.0005014730771641697,0.008650410581081928,3885.0,0.019118661066883973,0.9500407446875195,0.6586222027204914,0.5882906036482166,,19465.0,0.22202720491443614,0.05973798031718172,0.0443176831943835,0.18924340249482857,0.11866106688397167,0.011659249044066946,0.016611295681063124,0.04588478656052153,0.01648592741177208,3370.0,0.00307152259763054,0.015232244718861657,0.0010656302889738608,0.0008352125615969264,0.007934519335170802,0.06389376096216487,0.03299089618307859,0.029232439655892426,180.0,0.0016297875007835517,0.0007522096157462547,0.000564157211809691,0.004199837021249922,30.0,0.003949100482667837,0.0003761048078731273,0.0006895254811007334,0.00018805240393656366,0.001128314423619382,0.0007522096157462547,,0.00012536826929104242,0.0003134206732276061,0.0005014730771641697,0.00018805240393656366,0.0006895254811007334,0.0010656302889738608,,,,0.0003761048078731273,0.00307152259763054,0.0035729956747947095,0.004074468751958879,0.0003134206732276061,0.33784348116595675,21590.0,0.17200526546731024,0.21876762991286905,0.2195198395286153,0.15815207171065004,0.2810756597505171
GM1916,Leidschendam-Voorburg,2023,79988,0.15076011401710257,0.4813221983297495,0.5187028054208132,0.2119067860179027,0.2304720708106216,0.2596639495924389,0.22747162074311147,0.061634245136770516,0.6340326048907337,0.1606490973646047,0.20528079211881783,0.36592988948342253,0.018877831674751214,0.03194229134370156,0.014314647197079563,0.01487723158473771,61980,0.0036255438315747363,0.3672425863879582,0.0030629594439165876,0.022878431764764715,0.011751762764414662,0.022940941141171175,0.21565734860229036,0.004125618842826424,0.014002100315047257,2520.0,0.4130619592938941,0.0005000750112516877,0.008438765814872231,4510.0,0.018940341051157675,,,,,19510.0,0.21065659848977347,0.05225783867580137,0.04600690103515527,0.18896584487673151,0.11958043706555983,0.010876631494724209,0.016940041006150923,0.047444616692503876,0.017190078511776768,3525.0,0.0028129219382907436,0.016002400360054007,0.0008751312696904536,0.0008292561572269675,0.00663404925781574,0.06551123642093043,0.02363380048096857,0.026950825109876442,180.0,0.0019377906686002901,0.0005625843876581487,0.0005000750112516877,0.004563184477671651,10.0,0.0051882782417362605,0.0006250937640646097,0.0008126218932839926,0.00012501875281292193,0.0010626593989098365,0.0008126218932839926,0.0001875281292193829,,0.00025003750562584387,0.0005000750112516877,0.00012501875281292193,0.0005625843876581487,0.0010626593989098365,,,,0.0004375656348452268,0.0031254688203230484,0.0033129969495424316,0.003563034455168275,0.00012501875281292193,0.3474583298780993,21715.0,0.17252587888183227,0.22347102065309796,0.21834525178776817,0.1606490973646047,0.28579286893033956
GM1916,Leidschendam-Voorburg,2024,78223,0.1463124656430973,0.4816997558262915,0.5183258121013001,0.21042404407910717,0.22352760696981705,0.26111246052951176,0.23222070235097095,0.06398373879805172,0.6297380565818238,0.16165322219807474,0.20863428914769314,0.3702875113457679,0.01904810605576365,0.031768150032599106,0.014765478184165782,0.014829398003144855,61685,0.011441647597254004,,,,,,,0.035155900438489956,0.035155900438489956,,,0.00044743873285350854,,4710.0,,,,,,,,,,,,,,,,,,,,,,,,,,,,,,,,,,,,,,,0.00019175945693721797,0.00038351891387443593,,0.00031959909489536327,0.0008309576467279444,,,,,,,,,,,,,,,
GM1926,Pijnacker-Nootdorp,2009,49112,0.053856491285225606,0.5008959113862193,0.49916517348102296,0.2994176575989575,0.2515678449258837,0.2855717543573872,0.12838002932073628,0.02117608731063691,0.833401205408047,0.07727235706141065,0.08938752239778465,0.1666598794591953,0.0087554976380518,0.029829776836618343,0.009162730086333278,0.009569962534614758,10170,0.011402508551881414,,,,,,,0.004784981267307379,0.0046831731552370096,,,0.0009162730086333279,,,,0.9557745561166314,0.6888336862681218,0.523395504153771,0.03441114187978498,7905.0,0.17704430689037304,0.03471656621599609,0.024332138784818373,0.12410408861378075,0.0623065645870663,0.011097084215670305,0.012115165336374002,0.032884020198729436,,1510.0,0.0007126567844925884,,0.0003054243362111093,,,,,,,,,,,,,,,,,,,,,,,,,,,,,0.00020361622414073952,0.00020361622414073952,0.0003054243362111093,,,,,,,,
GM1926,Pijnacker-Nootdorp,2010,50386,0.05479696741158258,0.5008335648791331,0.4991465883380304,0.2974040408049855,0.2424284523478744,0.2918469416107649,0.13307267891874727,0.022327630691064977,0.8261223355694042,0.07869249394673124,0.09516532370102807,0.1738578176477593,0.009228754018973525,0.030861747310760926,0.00982415750406859,0.010121859246616124,9495,0.00793871313460088,,,,,,,0.0034731869963878855,0.007244075735323304,,,0.0010915730560076213,0.007343309649505815,,,0.9510578335251856,0.6872940896280713,0.531695312189894,0.03899892827372683,8455.0,0.18259040209582028,0.038304290874449254,0.02659468900091295,0.12930179017981186,0.06737982772992498,0.011312666216806256,0.012404239272813877,0.03582344301988648,0.012801174929543921,1720.0,0.0008931052276425992,0.012007303616083834,0.00029770174254753305,,,0.003621876131836291,0.023542194856935893,0.014487504527345164,,0.00019846782836502203,,0.00029770174254753305,,,,,,,,,,,,,,,,,,,,0.00019846782836502203,0.00039693565673004405,0.000496169570912555,,0.007243752263672582,,,,,,
GM1926,Pijnacker-Nootdorp,2011,51102,0.054733669915071816,0.49949121365112914,0.5004696489374193,0.2958788305741458,0.23462878165238152,0.29783570114672614,0.1360025047943329,0.024069508042738053,0.8215921098978514,0.08032953700442252,0.09803921568627451,0.17836875269069705,0.009099448162498532,0.031212085632656258,0.010175726977417714,0.01027357050604673,45690,0.006359829360886071,0.40008218856404837,0.007240421118547219,0.008805917576611482,0.010762788149191812,0.015654964580642635,0.1347305389221557,0.0036202105592736096,0.007533951704434268,1685.0,0.5008610230519354,0.0021525576298383623,0.008218856404837384,,,0.9711948651716176,0.6813823333724708,0.5543814332120074,0.05087863488708857,8915.0,0.18306524206488983,0.04060506438104184,0.028178936245156744,0.13453485186489766,0.0718171500136981,0.011056318735078861,0.012817502250401158,0.037474071464913314,0.013111032836288209,1840.0,0.0008805917576611482,0.012621815193143126,0.00019568705725803295,,,0.007150518412584912,0.021451555237754737,0.01787629603146228,,0.00019568705725803295,,0.00019568705725803295,,,,,,,,0.00019568705725803295,,,,,,,,,,,0.00029353058588704945,0.00029353058588704945,0.0005870611717740989,0.0003913741145160659,,0.00893814801573114,,,,,,
GM1926,Pijnacker-Nootdorp,2012,51456,0.054493159203980096,0.4985813121890547,0.5013992537313433,0.2935517723880597,0.22446361940298507,0.30579524253731344,0.1382734763681592,0.025847325870646767,0.8180775808457711,0.08152596393034826,0.10047419154228855,0.18200015547263682,0.009522699004975124,0.03138603855721393,0.010883084577114429,0.010105721393034827,45920,0.006510416666666667,0.39490049751243783,0.00835665422885572,0.008745335820895522,0.01117459577114428,0.01593594527363184,0.13875932835820895,0.002429259950248756,0.007384950248756219,1895.0,0.49556902985074625,0.0025264303482587067,0.008745335820895522,,,0.9632501554726368,0.6690181902985075,0.5494014303482587,0.04197761194029851,9200.0,0.17335199004975124,0.038090796019900494,0.028568097014925374,0.13720460199004975,0.07482120646766169,0.01127176616915423,0.013409514925373135,0.039937033582089554,0.013701026119402986,1965.0,0.0013603855721393036,0.013020833333333334,0.000388681592039801,,,0.007132667617689016,0.023181169757489302,0.01783166904422254,75.0,0.003400963930348259,0.000777363184079602,0.005830223880597015,0.0025264303482587067,,0.0067047574626865674,0.0011660447761194029,,,0.000777363184079602,0.001554726368159204,0.0010688743781094526,,,,,,,,,,,0.0002915111940298507,0.000388681592039801,0.0005830223880597014,,0.25320970042796004,,,,,,
GM1926,Pijnacker-Nootdorp,2013,52000,0.054384615384615385,0.4983653846153846,0.5016346153846154,0.2916346153846154,0.21923076923076923,0.30903846153846154,0.14192307692307693,0.027403846153846154,0.8135576923076923,0.08221153846153846,0.10423076923076922,0.18644230769230768,0.010576923076923078,0.03221153846153846,0.01125,0.010288461538461538,46450,0.007019230769230769,0.3903846153846154,0.010192307692307691,0.009134615384615385,0.011442307692307693,0.016057692307692308,0.14,0.003942307692307692,0.009615384615384616,2090.0,0.49653846153846154,0.002307692307692308,0.008653846153846154,,,0.9646153846153847,0.6626923076923077,0.5428846153846154,0.041442307692307695,9405.0,0.17451923076923076,0.03884615384615384,0.029615384615384616,0.13865384615384616,0.07692307692307693,0.01173076923076923,0.013076923076923076,0.03480769230769231,0.0125,1730.0,0.0009615384615384616,0.01173076923076923,0.0004807692307692308,,,0.007072135785007072,0.021216407355021217,0.019448373408769447,140.0,0.0040384615384615385,0.0014423076923076924,0.005480769230769231,0.0038461538461538464,,0.010480769230769231,0.0010576923076923077,0.0001923076923076923,0.0003846153846153846,0.0010576923076923077,0.0017307692307692308,0.0019230769230769232,,,,,0.0001923076923076923,0.0001923076923076923,,,,,0.0003846153846153846,0.0004807692307692308,0.0007692307692307692,,0.4084158415841584,,0.1528846153846154,0.15057692307692308,,0.1476923076923077,0.20817307692307693
GM1926,Pijnacker-Nootdorp,2014,52194,0.05253477411196689,0.49871632754722767,0.5013028317431122,0.28604820477449516,0.21582940567881365,0.3131586006054336,0.14551481013143272,0.02912212131662643,0.8108211671839675,0.08267233781660727,0.10642985783806568,0.18910219565467296,0.010537609686937196,0.03209181131930873,0.01111238839713377,0.010058627428440051,46495,0.007376326780856037,0.3863470897037974,0.0112081848488332,0.009004866459746332,0.011974556462428631,0.01609380388550408,0.14369467754914358,0.004119247423075449,0.009771238073341763,1970.0,0.48712495689159674,0.001915929033988581,0.009771238073341763,,,0.9756868605586849,0.6626240564049508,0.5469019427520405,0.05010154423880139,9620.0,0.1751159137065563,0.04090508487565621,0.029888492930221864,0.141108173353259,0.08027742652412155,0.011495574203931486,0.013794689044717784,0.03477411196689274,0.011974556462428631,1720.0,0.0008621680652948615,0.011399777752232058,0.0002873893550982872,,,0.010940919037199124,0.025528811086797956,0.023705324580598104,105.0,0.003831858067977162,0.00201172548568801,0.0043108403264743075,0.003831858067977162,,0.008909070008046902,0.0011495574203931487,0.0002873893550982872,0.00047898225849714527,0.0010537609686937196,0.001724336130589723,0.0008621680652948615,,,,,0.0001915929033988581,0.0001915929033988581,,,,,0.0006705751618960034,0.0005747787101965744,0.0007663716135954325,,0.38840262582056895,,0.15653140207686708,0.15710618078706365,,0.15030463271640418,0.21573360922711424
GM1926,Pijnacker-Nootdorp,2015,52809,0.05186615917741294,0.4980211706337935,0.5019977655323903,0.2824329186312939,0.21492548618606677,0.31320418867995986,0.14874358537370524,0.030581908386828,0.8058285519513719,0.08388721619420932,0.11020848718968358,0.1940957033838929,0.010793614724762824,0.032570205836126416,0.010793614724762824,0.01013084890833002,46770,0.0017042549565414987,0.3892328959078945,0.010509572232005908,0.008994678937302355,0.01192978469579049,0.015527656270711431,0.14495635213694635,0.0045446798841106625,0.011077657217519741,1860.0,0.48022117442102674,0.0016095741256225264,0.00842659395178852,1800.0,0.016663826241739097,0.9746444734798992,0.6585998598723702,0.5463083944024693,0.029635100077638282,9840.0,0.1777159196349107,0.042227650589861575,0.029729780908557255,0.14268401219489102,0.08350849287053343,0.011361699710276658,0.014107443806926849,0.037020204889318106,0.012781912174061239,1860.0,0.0010414891401086936,0.012024465526709462,0.0002840424927569164,,,0.01095290251916758,0.027382256297918947,0.029207740051113547,95.0,0.0037872332367588856,0.0017042549565414987,0.003881914067677858,0.0036925524058399137,,0.009657444753735159,0.001230850801946638,0.0005680849855138328,0.0005680849855138328,0.0009468083091897214,0.0017989357874604707,0.000662765816432805,,,,,0.0001893616618379443,0.0001893616618379443,,,,0.0001893616618379443,0.0005680849855138328,0.000662765816432805,0.0008521274782707493,,0.39430449069003287,16700.0,0.1615254975477665,0.16474464579901152,,0.1540457119051677,0.2236361226306122
GM1926,Pijnacker-Nootdorp,2016,53651,0.05155542301168664,0.49812678235261226,0.501947773573652,0.2786527744124061,0.2157462116269967,0.3123893310469516,0.1510689455928128,0.03215224320143147,0.7994259193677657,0.0848073661255149,0.11584127043298355,0.20064863655849843,0.010810609308307394,0.03271141264841289,0.011276583847458575,0.00969227041434456,47425,0.0031686268662280293,0.392257367057464,0.00969227041434456,0.008853516243872435,0.011928948202270228,0.01528396488415873,0.1456636409386591,0.004286965760190864,0.011369778755288811,1805.0,0.46429703081023654,0.0011183388939628339,0.00726920281075842,1875.0,0.016309108870291328,0.9743527613651191,0.6584220238206184,0.5599150062440589,0.030940709399638402,10105.0,0.17585879107565563,0.041937708523606274,0.029635980690015096,0.14286779370375202,0.08648487446645915,0.011835753294439992,0.014258820898026131,0.03988742055134108,0.013699651451044716,2040.0,0.0009319490783023615,0.013047287096233063,0.00037277963132094464,,,0.012653651482284888,0.028922631959508314,0.028922631959508314,75.0,0.004100575944530391,0.002329872695755904,0.004007381036700155,0.00363460140537921,,0.009878660230005033,0.0015843134331140147,0.00037277963132094464,0.0007455592626418893,0.0010251439861325977,0.002143482880095432,0.0007455592626418893,,,,,,0.00018638981566047232,,,,,0.00046597453915118075,0.000652364354811653,0.0008387541704721254,,0.4374548083875633,16885.0,0.1667256901082925,0.17436767255037186,,0.15964287711319453,0.23578311681049746
GM1926,Pijnacker-Nootdorp,2017,54666,0.05127501554897011,0.4986646178611934,0.5013170892327955,0.2770460615373358,0.2181429041817583,0.3090586470566714,0.15192258442176124,0.03356748253027476,0.7926316174587495,0.08698276808253759,0.12036732155270186,0.20735008963523946,0.011250137196795082,0.03274430175977756,0.011158672666739838,0.009969633776021659,48375,0.004024439322430761,0.3970475249698167,0.008231807704972012,0.010244027366187392,0.011615995317016061,0.015731899169502066,0.14561153184794937,0.005122013683093696,0.012530640617568508,1615.0,0.4528408883035159,0.0009146453005524457,0.007042768814253832,1950.0,0.01655507993999927,0.973456993377968,0.6466542274905791,0.5618666081293674,0.03054915303845169,10230.0,0.17405700069513041,0.04353711630629642,0.028902791497457288,0.1409468408151319,0.08835473603336626,0.011615995317016061,0.014542860278783888,0.04170782570519153,0.014451395748728644,2180.0,0.001280503420773424,0.013811144038341931,0.0002743935901657337,,,0.01783803068141277,0.028540849090260435,0.030324652158401712,70.0,0.0035671166721545386,0.002378077781436359,0.003475652142099294,0.0032927230819888046,,0.009878169245966415,0.0014634324808839132,0.00045732265027622287,0.000640251710386712,0.001280503420773424,0.0018292906011048915,0.0003658581202209783,,,,,0.00018292906011048915,0.0002743935901657337,,,,,0.000640251710386712,0.000640251710386712,0.0009146453005524457,,0.43524794862647165,17060.0,0.17396553616507518,0.18393516994109685,,0.1651849412797717,0.24905791534043098
GM1926,Pijnacker-Nootdorp,2018,55271,0.05187168677968555,0.4980007598921677,0.5020716107904688,0.2757323008449277,0.21747390132257421,0.30902281485770117,0.1539686273090771,0.03428561089902481,0.7874834904380236,0.08829223281648604,0.12420618407483129,0.21249841689131732,0.011488845868538655,0.03347144071936459,0.011760235928425395,0.010041432215809375,48955,0.0023520471856850788,0.40373794575817334,0.006061044670803858,0.009860505509218217,0.011307919161947495,0.01700711041956903,0.1439271950932677,0.0041613142515966785,0.010674675688878435,1615.0,0.42689656420184185,0.0006332434730690598,0.006513361437281757,2045.0,0.016735720359682293,0.9743807783466918,0.6516075337880625,0.5631343742649852,0.03247634383311321,10425.0,0.1788460494653616,0.044779359881312084,0.028767346347994428,0.14184653796746938,0.09001103652910206,0.011307919161947495,0.014293209820701635,0.041341752456080044,0.014835989940475114,2180.0,0.0009950968862513796,0.013931356407519314,0.0003618534131823198,,,0.01569584931984653,0.027903732124171608,0.033135681897453785,55.0,0.0010855602395469595,0.0007237068263646397,0.00027139005988673987,0.0023520471856850788,,0.005518264551030378,0.00027139005988673987,0.00027139005988673987,0.0004523167664778998,0.0006332434730690598,0.0006332434730690598,0.0001809267065911599,,,,,0.0001809267065911599,0.00027139005988673987,,,,0.0001809267065911599,0.0005427801197734797,0.0006332434730690598,0.0009046335329557996,,0.3418207185211022,17130.0,0.17703678239944998,0.19259647916628975,,0.17034249425557707,0.25736824012592496
GM1926,Pijnacker-Nootdorp,2019,56311,0.05320452487080677,0.49777130578394985,0.5022997282946493,0.2728596544192076,0.21718669531707838,0.3076663529328195,0.1559198025252615,0.03596100229084904,0.7795102200280585,0.08923656124025502,0.13132425281028573,0.22056081405054076,0.012342171156612385,0.034185150325868836,0.012430963754861395,0.010655111789881195,49725,0.0034629113317113883,0.40711406297171066,0.0051499706984425775,0.009500808012644066,0.011276659977624266,0.017136971462058923,0.1433112535739021,0.0030189483404663387,0.011543037772371294,1640.0,0.4144838486263785,0.0005327555894940598,0.005682726287936638,2280.0,0.016959386265560903,0.9730780842109001,0.6472092486370337,0.5691605547761539,0.03134378718190051,10710.0,0.17669727051552983,0.04288682495427181,0.028857594430928238,0.142512120189661,0.09154516879472926,0.010743904388130205,0.015183534300580703,0.039246328426062405,0.014029230523343574,2095.0,0.0009767185807391095,0.013230097139102484,0.0003551703929960399,,,0.011682242990654205,0.028371161548731642,0.03170894526034713,45.0,0.0008879259824900996,0.0006215481877430698,0.0005327555894940598,0.002397400152723269,,0.0052387632966915875,0.0002663777947470299,0.0002663777947470299,0.0003551703929960399,0.0005327555894940598,0.0006215481877430698,0.00017758519649801994,,,,,0.00017758519649801994,0.0002663777947470299,,,,,0.0005327555894940598,0.0005327555894940598,0.0007103407859920797,,0.35046728971962615,17285.0,0.18237999680346648,0.19978334606027243,0.24551153415851254,0.17412228516630854,0.267354513327769
GM1926,Pijnacker-Nootdorp,2020,56850,0.054740545294635005,0.49762532981530344,0.5023746701846966,0.2691292875989446,0.21671064204045734,0.3065083553210202,0.16033421284080915,0.03729111697449428,0.7744942832014072,0.08997361477572559,0.13544415127528583,0.22541776605101144,0.01248900615655233,0.03544415127528584,0.013016710642040458,0.010993843447669306,50125,0.0024626209322779246,0.4076517150395778,0.005364995602462621,0.009146877748460862,0.012137203166226913,0.017854001759014953,0.1455584872471416,0.00395778364116095,0.011961301671064205,1565.0,0.39630606860158313,0.0002638522427440633,0.005189094107299912,2390.0,0.017326297273526824,0.9740545294635005,0.6162708883025506,0.5211961301671064,0.029463500439753737,10790.0,0.16552330694810907,0.03948988566402815,0.02911169744942832,0.14309586631486368,0.09085312225153913,0.010905892700087952,0.014687774846086191,0.03913808267370272,0.013984168865435357,2095.0,0.0009674582233948989,0.013368513632365875,0.0002638522427440633,,,0.011246786632390746,0.020886889460154243,0.020886889460154243,30.0,0.0007915567282321899,0.0007036059806508355,0.00035180299032541777,0.0020228671943711522,,0.003342128408091469,0.00043975373790677223,0.0005277044854881266,0.00017590149516270889,0.0006156552330694811,0.00035180299032541777,0.00017590149516270889,,,,,0.00017590149516270889,0.00035180299032541777,,,,,0.0002638522427440633,0.00043975373790677223,0.0007915567282321899,,0.3116966580976864,17190.0,0.18962181178540016,0.2067722075637643,0.24036939313984168,0.1780123131046614,0.2780123131046614
GM1926,Pijnacker-Nootdorp,2021,57677,0.056816408620420616,0.4975120065190631,0.5024533176136068,0.265877212753784,0.21663748114499715,0.3050609428368327,0.16349671446157046,0.03788338505816877,0.7686772890406921,0.09041732406331814,0.1408707110286596,0.23128803509197773,0.01283007091214869,0.035456074345059554,0.013263519253775335,0.011096277545642111,50860,0.0026006900497598695,0.4091752344955528,0.003987724742965134,0.00858227716420757,0.012136553565546057,0.018118140679993757,0.14806595349966192,0.0033808970646878305,0.010836208540666123,1360.0,0.3899301281273298,0.000173379336650658,0.005374759436170397,2500.0,0.017598002670041784,0.9733515959567939,0.6226918875808382,0.5443244274147407,0.02808745253740659,11080.0,0.1677445082095116,0.040570764776253966,0.0299079355722385,0.14494512543995006,0.09284463477642735,0.010402760199039478,0.01456386427865527,0.04048407510792864,0.014217105605353953,2190.0,0.0007802070149279609,0.013350208922100664,0.00026006900497598694,,0.003051571559353067,0.010680500457735734,0.019835215135794934,0.028989929813854134,50.0,0.0007802070149279609,0.00043344834162664496,0.00026006900497598694,0.0021672417081332247,,0.004074414411290463,0.000346758673301316,0.00043344834162664496,0.000173379336650658,0.0006068276782773029,0.0005201380099519739,0.000173379336650658,,,,,,0.00026006900497598694,,,,0.000173379336650658,0.00043344834162664496,0.0006068276782773029,0.0007802070149279609,,0.32804394263045467,17210.0,0.19479168472701425,0.21264975640203201,0.23726962220642545,0.17996775144338298,0.2865093538152123
GM1926,Pijnacker-Nootdorp,2022,58828,0.057778608825729244,0.49704222479091587,0.5029917726252805,0.26415992384578774,0.22055823757394438,0.3008771333378663,0.16726728768613586,0.03790711905895152,0.7554225878833208,0.09680764261916094,0.14780376691371455,0.2446114095328755,0.013513972938056708,0.036207248249133066,0.013513972938056708,0.011219147344801795,51695,0.004504657646018903,0.4100088393282111,0.00220983205276399,0.008669341130074115,0.013089005235602094,0.01827361120554838,0.14627388318487794,0.003229754538655062,0.010709186101856259,1075.0,0.40703406541102877,,0.005269599510437207,2290.0,0.017508669341130073,0.9676514584891548,0.6342217991432652,0.5631671992928537,,11435.0,0.17143197117019107,0.04113687359760658,0.031447609981641395,0.14550894132045963,0.09340790099952404,0.009859250696947031,0.014278914802475012,0.04105188005711566,0.013768953559529475,2290.0,0.0007649418644183042,0.013004011695111171,0.00016998708098184539,,0.0029420417769932335,0.01323918799646955,0.020594292438952635,0.02206531332744925,40.0,0.0011899095668729176,0.0005099612429455362,0.00042496770245461346,0.002379819133745835,,0.005354593050928129,0.00042496770245461346,0.0002549806214727681,0.00016998708098184539,0.0005949547834364588,0.0005099612429455362,,,,,,,0.00016998708098184539,,,,0.00016998708098184539,0.00033997416196369077,0.0005949547834364588,0.0005949547834364588,,0.32950867902324216,17365.0,0.19718501393894064,0.21622356700890732,0.23466716529543755,0.18120622832664718,0.2901679472360101
GM1926,Pijnacker-Nootdorp,2023,59026,0.05949920374072443,0.4974079219327076,0.502575136380578,0.2608172669670992,0.2198183851184224,0.29842781147291025,0.17229695388472877,0.03913529631010063,0.7489919696404974,0.09809236607596653,0.15289872259682175,0.25099108867278824,0.014061599972893302,0.03608579270152136,0.014231016840036593,0.011350930098600616,51740,0.004743672280012198,0.4123606546267746,0.0026259614407210382,0.009063802392166163,0.012706265035746959,0.0188052722529055,0.1477315081489513,0.00304950360857927,0.009487344560024397,1025.0,0.4149866160674957,,0.00516721444787043,2310.0,0.01736522888218751,,,,,11740.0,0.17212753701758546,0.03947413004438722,0.034391624030088434,0.14874800935181107,0.09656761427167689,0.009233219259309457,0.015078101175753058,0.04362484328939789,0.01431572527360824,2455.0,0.000847084335716464,0.013722766238606715,0.0002541253007149392,,0.0028473804100227792,0.008542141230068337,0.008542141230068337,0.022779043280182234,50.0,0.0010165012028597567,0.0007623759021448175,0.00033883373428658556,0.0021177108392911597,,0.00609900721715854,0.00033883373428658556,0.000423542167858232,,0.0005082506014298784,0.0005082506014298784,0.00016941686714329278,,,,,,0.00016941686714329278,,,,,0.00033883373428658556,0.0005082506014298784,0.0005929590350015248,,0.3331435079726651,17270.0,0.19889540202622574,0.22117372005556873,0.2313387320841663,0.18398671771761596,0.2944465150950429
GM1926,Pijnacker-Nootdorp,2024,58219,0.058589120390250604,0.4969168140984902,0.503100362424638,0.25447019014411104,0.2173689001872241,0.29792679365842767,0.18018172761469622,0.04122365550765214,0.74580463422594,0.09807794706195572,0.15604871261959155,0.25412665968154724,0.014170631580755424,0.035641285490990916,0.015372988199728611,0.011336505264604339,51770,0.014170631580755424,,,,,,,0.024476545457668458,0.026022432539205415,,,,,2980.0,,,,,,,,,,,,,,,,,,,,,,,,,,,,,,,,,,,,,,,,,,,0.0001717652312818839,,,,,,,,,,,,,,,
