WKC,gem_name,WKN,YEAR,AGE_MEAN,Income_MEAN,Moving_Count_MEAN,Lifeevents_Count_MEAN,UniqueMed_Count_MEAN,ZVWKOSTENTOTAAL_MEAN,ZVWKHUISARTS_MEAN,ZVWKHUISARTS_NO_REG_MEAN,ZVWKZIEKENHUIS_MEAN,ZVWKFARMACIE_MEAN,ZVWKOSTENPSYCHO_MEAN
WK191603,Leidschendam-Voorburg,'t Lien / De Rietvink,2009,42.7446628018845,,0.0876310272536688,0.585879158180584,4.06375331063186,2064.58392541987,117.866538516303,66.3574170582372,1187.81446248042,315.386173999715,238.671917164816
WK191603,Leidschendam-Voorburg,'t Lien / De Rietvink,2010,43.0433447743993,,0.102707228579403,0.702970297029703,4.13244159758855,2055.38942857143,114.161588597622,53.986338633434,1214.50248674975,297.936861481163,195.672790334044
WK191603,Leidschendam-Voorburg,'t Lien / De Rietvink,2011,43.419758538913,32485.756540386,0.0858663678386329,0.766042780748663,4.21523369878823,2132.76385173592,125.446016514807,60.8916984624142,1174.21917425968,299.287067198178,302.457831531019
WK191603,Leidschendam-Voorburg,'t Lien / De Rietvink,2012,43.9563692381913,35034.8358833718,0.075258169472344,0.793103448275862,4.1748046875,2044.62884830253,121.433042419031,61.2869403840642,1242.48692032101,265.403717397535,196.224358974359
WK191603,Leidschendam-Voorburg,'t Lien / De Rietvink,2013,44.2209119950097,32527.8164383562,0.093410469874418,0.893238434163701,4.13065823285234,2336.1497371053,127.204332904333,65.8856199056196,1324.85401687401,242.861235521236,318.477009572796
WK191603,Leidschendam-Voorburg,'t Lien / De Rietvink,2014,44.6199626780775,35384.5653117315,0.0787535410764873,0.819444444444444,4.1683855612852,2422.86083596667,138.45274399885,74.6878165876098,1450.11073882421,252.610774759236,281.479125251365
WK191603,Leidschendam-Voorburg,'t Lien / De Rietvink,2015,44.9392476937977,34038.4554859391,0.082131124125125,0.889798957557707,4.23440902791526,2443.55038763066,140.316754284055,75.4917963984898,1394.61343886146,259.2788527447,229.77806184669
WK191603,Leidschendam-Voorburg,'t Lien / De Rietvink,2016,45.4017026159886,34237.5602117336,0.0832854681217691,0.906779661016949,4.32446386020651,2503.04884699692,152.80209880152,87.8357088570595,1422.27849459222,279.004253142356,241.778500657606
WK191603,Leidschendam-Voorburg,'t Lien / De Rietvink,2017,45.5912448261003,35544.5562104022,0.091458153580673,0.915032679738562,4.45741261550824,2664.00726675427,158.517755876771,91.9728077091544,1463.53697036063,295.505032851511,228.537583588845
WK191603,Leidschendam-Voorburg,'t Lien / De Rietvink,2018,45.7102592547514,35335.999113082,0.0817972350230415,0.904100069492703,4.50712589073634,2742.92790942294,171.277062089116,103.232692476259,1500.61601753105,300.888866325786,262.156455807159
WK191603,Leidschendam-Voorburg,'t Lien / De Rietvink,2019,45.6820866744794,38291.5630030733,0.0974081458273996,0.991046831955923,4.39288537549407,2791.27831428158,187.758249167993,117.250329908841,1442.74922297786,326.761363044421,272.672995225004
WK191603,Leidschendam-Voorburg,'t Lien / De Rietvink,2020,45.7114103940266,38012.7473516181,0.0854335753951303,0.940909090909091,4.34793286942284,2708.92821588772,186.276864419042,114.943096512806,1430.86535233686,325.859706265373,213.726313124005
WK191603,Leidschendam-Voorburg,'t Lien / De Rietvink,2021,45.7731344550281,39108.6639130435,0.081104033970276,0.915254237288136,4.4092455473284,2989.81147084296,212.41082852194,134.457595265589,1669.74369659353,348.659829676674,157.37372113164
WK191603,Leidschendam-Voorburg,'t Lien / De Rietvink,2022,45.9004929260117,42358.8794100636,0.0805264647608265,0.967506092607636,4.42918961447679,2771.4547982709,217.004402017291,138.986687319885,1684.17631988473,345.299481268011,
WK191603,Leidschendam-Voorburg,'t Lien / De Rietvink,2023,45.8296775906667,46914.5892367624,0.0875881523272214,1.00996168582375,4.21773555027712,,,,,,
WK191603,Leidschendam-Voorburg,'t Lien / De Rietvink,2024,46.2695641096247,,0.0870062965082999,0.526187750429307,,,,,,,
WK056910,Nieuwkoop,Aar,2009,37.8752835578968,,0.067375132837407,0.493710691823899,3.78152011922504,1588.29138966331,140.148751876475,88.8343534205448,859.456611623418,250.30372721424,139.846935449282
WK056910,Nieuwkoop,Aar,2010,38.3011018852132,,0.0621564482029598,0.607777777777778,3.78414741152384,1633.87011278996,142.062775876818,82.4502074422587,904.666845594525,275.147946963216,110.564739306235
WK056910,Nieuwkoop,Aar,2011,38.6428684516536,27760.3474229027,0.0693946424804893,0.715489989462592,3.87848784878488,1755.23001485254,156.838270373515,93.0208573853988,971.984441850592,266.76718803056,153.981253978358
WK056910,Nieuwkoop,Aar,2012,39.4345152017351,28135.9162679426,0.0598802395209581,0.733333333333333,3.9141065830721,1873.13985821696,158.539707841031,99.0174693877555,1030.04862298604,242.571366272825,242.608472610097
WK056910,Nieuwkoop,Aar,2013,39.8550699870453,28424.3174742381,0.0648008611410118,0.784897025171625,3.84518565135305,1964.06295464364,156.010863930885,95.6437883369334,1123.28347732181,236.927315334773,196.860155507559
WK056910,Nieuwkoop,Aar,2014,40.4984741435671,29890.0367907801,0.0561625874125874,0.836218375499334,3.8598643848886,2041.68658627495,170.114251260689,107.139445297084,1280.28475115106,230.077971935979,148.525084411313
WK056910,Nieuwkoop,Aar,2015,40.6806826437702,29564.9451994739,0.0922153120308814,0.839622641509434,3.99139305068537,2005.38984082598,167.162590361446,103.942022375215,1148.84183089501,233.938089500861,87.7662142396214
WK056910,Nieuwkoop,Aar,2016,40.5040036727794,30848.9140407288,0.111806424697539,1.00344530577089,4.01433468370209,2013.3560477287,176.054921465969,112.953631413612,1107.11597277487,226.552467015707,134.258356709232
WK056910,Nieuwkoop,Aar,2017,40.6387068718197,31921.7774461735,0.0670263540153559,0.863731656184486,3.96242236024845,2103.96110718002,180.48250780437,115.948838709677,1226.76945473465,239.43650780437,95.8502872008325
WK056910,Nieuwkoop,Aar,2018,41.0097791492489,32232.8841950399,0.071091021162934,0.86041439476554,4.04546841623436,2144.24842235512,193.638073829656,127.206164157559,1212.22962466488,219.654044132811,149.239830892968
WK056910,Nieuwkoop,Aar,2019,41.1652211264041,35827.4757423672,0.0650972364380757,0.885549132947977,4.00941105039466,2256.16224640657,200.790965092401,131.372172484599,1287.70354209446,224.406735112936,186.211784394251
WK056910,Nieuwkoop,Aar,2020,41.4997590213409,35316.5895413986,0.0619396903015485,0.885869565217391,3.85425229212773,2165.00570231037,200.542772439174,133.347599672868,1187.98658556533,244.059476589655,121.910740134942
WK056910,Nieuwkoop,Aar,2021,41.6776760065992,36901.3899082569,0.0544120643977991,0.867235079171742,3.97054263565891,2348.75345823096,215.339293611793,140.414758394759,1405.3590990991,235.403155200655,74.4178480753481
WK056910,Nieuwkoop,Aar,2022,41.959611115546,38922.169116125,0.0593838670449939,0.875977653631285,4.07097553609182,2423.20315403423,225.551171556642,147.338893643032,1531.34643439283,250.783003259983,
WK056910,Nieuwkoop,Aar,2023,42.0014372199239,41102.656874745,0.0749950268549831,0.93015873015873,4.01013714967203,,,,,,
WK056910,Nieuwkoop,Aar,2024,42.4300580465372,,0.0696378830083565,0.468762435336252,,,,,,,
WK048407,Alphen aan den Rijn,Aarlanderveen en Zwammerdam en Steekterpolder en Rietveld,2009,39.9168710037571,,0.0519198261289544,0.283544303797468,3.46109399075501,1692.80849684312,111.309970859641,66.4443370568239,1002.273729966,225.88835842642,155.258431277319
WK048409,Alphen aan den Rijn,Aarlanderveen en Zwammerdam en Steekterpolder en Rietveld,2009,39.9168710037571,,0.0519198261289544,0.283544303797468,3.46109399075501,1692.80849684312,111.309970859641,66.4443370568239,1002.273729966,225.88835842642,155.258431277319
WK048445,Alphen aan den Rijn,Aarlanderveen en Zwammerdam en Steekterpolder en Rietveld,2009,39.9168710037571,,0.0519198261289544,0.283544303797468,3.46109399075501,1692.80849684312,111.309970859641,66.4443370568239,1002.273729966,225.88835842642,155.258431277319
WK048471,Alphen aan den Rijn,Aarlanderveen en Zwammerdam en Steekterpolder en Rietveld,2009,39.9168710037571,,0.0519198261289544,0.283544303797468,3.46109399075501,1692.80849684312,111.309970859641,66.4443370568239,1002.273729966,225.88835842642,155.258431277319
WK048407,Alphen aan den Rijn,Aarlanderveen en Zwammerdam en Steekterpolder en Rietveld,2010,40.3643874411702,,0.0608865075499269,0.409366869037294,3.50597763208639,1689.96831661365,114.649075527219,61.5364149092691,981.98861451692,232.112184894557,152.633014436017
WK048409,Alphen aan den Rijn,Aarlanderveen en Zwammerdam en Steekterpolder en Rietveld,2010,40.3643874411702,,0.0608865075499269,0.409366869037294,3.50597763208639,1689.96831661365,114.649075527219,61.5364149092691,981.98861451692,232.112184894557,152.633014436017
WK048445,Alphen aan den Rijn,Aarlanderveen en Zwammerdam en Steekterpolder en Rietveld,2010,40.3643874411702,,0.0608865075499269,0.409366869037294,3.50597763208639,1689.96831661365,114.649075527219,61.5364149092691,981.98861451692,232.112184894557,152.633014436017
WK048471,Alphen aan den Rijn,Aarlanderveen en Zwammerdam en Steekterpolder en Rietveld,2010,40.3643874411702,,0.0608865075499269,0.409366869037294,3.50597763208639,1689.96831661365,114.649075527219,61.5364149092691,981.98861451692,232.112184894557,152.633014436017
WK048407,Alphen aan den Rijn,Aarlanderveen en Zwammerdam en Steekterpolder en Rietveld,2011,40.6418824492653,28854.5301962758,0.0710275811569441,0.443661971830986,3.55776892430279,1843.13621754042,130.447177853993,73.6169402253797,1011.85198432141,225.845499755023,268.335215580598
WK048409,Alphen aan den Rijn,Aarlanderveen en Zwammerdam en Steekterpolder en Rietveld,2011,40.6418824492653,28854.5301962758,0.0710275811569441,0.443661971830986,3.55776892430279,1843.13621754042,130.447177853993,73.6169402253797,1011.85198432141,225.845499755023,268.335215580598
WK048445,Alphen aan den Rijn,Aarlanderveen en Zwammerdam en Steekterpolder en Rietveld,2011,40.6418824492653,28854.5301962758,0.0710275811569441,0.443661971830986,3.55776892430279,1843.13621754042,130.447177853993,73.6169402253797,1011.85198432141,225.845499755023,268.335215580598
WK048471,Alphen aan den Rijn,Aarlanderveen en Zwammerdam en Steekterpolder en Rietveld,2011,40.6418824492653,28854.5301962758,0.0710275811569441,0.443661971830986,3.55776892430279,1843.13621754042,130.447177853993,73.6169402253797,1011.85198432141,225.845499755023,268.335215580598
WK048407,Alphen aan den Rijn,Aarlanderveen en Zwammerdam en Steekterpolder en Rietveld,2012,40.9744141002833,29879.6023552994,0.0698529411764706,0.473127035830619,3.59846959323399,1937.75131300713,131.931933103787,79.5165715691099,1258.6384923758,214.91651008362,115.404187361692
WK048409,Alphen aan den Rijn,Aarlanderveen en Zwammerdam en Steekterpolder en Rietveld,2012,40.9744141002833,29879.6023552994,0.0698529411764706,0.473127035830619,3.59846959323399,1937.75131300713,131.931933103787,79.5165715691099,1258.6384923758,214.91651008362,115.404187361692
WK048445,Alphen aan den Rijn,Aarlanderveen en Zwammerdam en Steekterpolder en Rietveld,2012,40.9744141002833,29879.6023552994,0.0698529411764706,0.473127035830619,3.59846959323399,1937.75131300713,131.931933103787,79.5165715691099,1258.6384923758,214.91651008362,115.404187361692
WK048471,Alphen aan den Rijn,Aarlanderveen en Zwammerdam en Steekterpolder en Rietveld,2012,40.9744141002833,29879.6023552994,0.0698529411764706,0.473127035830619,3.59846959323399,1937.75131300713,131.931933103787,79.5165715691099,1258.6384923758,214.91651008362,115.404187361692
WK048407,Alphen aan den Rijn,Aarlanderveen en Zwammerdam en Steekterpolder en Rietveld,2013,41.6956608000172,29248.2117558402,0.069441024378232,0.462796402289452,3.63383735185942,1886.39580677044,133.304938210579,79.7837815126051,1080.86758774098,191.78645081562,246.541257721769
WK048409,Alphen aan den Rijn,Aarlanderveen en Zwammerdam en Steekterpolder en Rietveld,2013,41.6956608000172,29248.2117558402,0.069441024378232,0.462796402289452,3.63383735185942,1886.39580677044,133.304938210579,79.7837815126051,1080.86758774098,191.78645081562,246.541257721769
WK048445,Alphen aan den Rijn,Aarlanderveen en Zwammerdam en Steekterpolder en Rietveld,2013,41.6956608000172,29248.2117558402,0.069441024378232,0.462796402289452,3.63383735185942,1886.39580677044,133.304938210579,79.7837815126051,1080.86758774098,191.78645081562,246.541257721769
WK048471,Alphen aan den Rijn,Aarlanderveen en Zwammerdam en Steekterpolder en Rietveld,2013,41.6956608000172,29248.2117558402,0.069441024378232,0.462796402289452,3.63383735185942,1886.39580677044,133.304938210579,79.7837815126051,1080.86758774098,191.78645081562,246.541257721769
WK048407,Alphen aan den Rijn,Aarlanderveen en Zwammerdam en Steekterpolder en Rietveld,2014,41.8922301471178,32998.7580524345,0.0819112627986348,0.529366895499619,3.62726176115802,1921.12142787286,140.653299095133,85.2247811200781,1216.6933553436,186.745950110051,132.37869193154
WK048409,Alphen aan den Rijn,Aarlanderveen en Zwammerdam en Steekterpolder en Rietveld,2014,41.8922301471178,32998.7580524345,0.0819112627986348,0.529366895499619,3.62726176115802,1921.12142787286,140.653299095133,85.2247811200781,1216.6933553436,186.745950110051,132.37869193154
WK048445,Alphen aan den Rijn,Aarlanderveen en Zwammerdam en Steekterpolder en Rietveld,2014,41.8922301471178,32998.7580524345,0.0819112627986348,0.529366895499619,3.62726176115802,1921.12142787286,140.653299095133,85.2247811200781,1216.6933553436,186.745950110051,132.37869193154
WK048471,Alphen aan den Rijn,Aarlanderveen en Zwammerdam en Steekterpolder en Rietveld,2014,41.8922301471178,32998.7580524345,0.0819112627986348,0.529366895499619,3.62726176115802,1921.12142787286,140.653299095133,85.2247811200781,1216.6933553436,186.745950110051,132.37869193154
WK048407,Alphen aan den Rijn,Aarlanderveen en Zwammerdam en Steekterpolder en Rietveld,2015,42.4157792096877,30325.9408209519,0.0583312823037165,0.52078032230704,3.6679012345679,1879.70528772536,135.695124722154,79.3006371943691,1080.21444801185,192.880669301062,102.922077056063
WK048409,Alphen aan den Rijn,Aarlanderveen en Zwammerdam en Steekterpolder en Rietveld,2015,42.4157792096877,30325.9408209519,0.0583312823037165,0.52078032230704,3.6679012345679,1879.70528772536,135.695124722154,79.3006371943691,1080.21444801185,192.880669301062,102.922077056063
WK048445,Alphen aan den Rijn,Aarlanderveen en Zwammerdam en Steekterpolder en Rietveld,2015,42.4157792096877,30325.9408209519,0.0583312823037165,0.52078032230704,3.6679012345679,1879.70528772536,135.695124722154,79.3006371943691,1080.21444801185,192.880669301062,102.922077056063
WK048471,Alphen aan den Rijn,Aarlanderveen en Zwammerdam en Steekterpolder en Rietveld,2015,42.4157792096877,30325.9408209519,0.0583312823037165,0.52078032230704,3.6679012345679,1879.70528772536,135.695124722154,79.3006371943691,1080.21444801185,192.880669301062,102.922077056063
WK048407,Alphen aan den Rijn,Aarlanderveen en Zwammerdam en Steekterpolder en Rietveld,2016,42.7303842915575,31871.006027122,0.0723216474626134,0.55205047318612,3.81401065137239,1937.5812444663,143.454075258239,87.2816207575015,1075.41933103788,191.784958189867,145.80017461879
WK048409,Alphen aan den Rijn,Aarlanderveen en Zwammerdam en Steekterpolder en Rietveld,2016,42.7303842915575,31871.006027122,0.0723216474626134,0.55205047318612,3.81401065137239,1937.5812444663,143.454075258239,87.2816207575015,1075.41933103788,191.784958189867,145.80017461879
WK048445,Alphen aan den Rijn,Aarlanderveen en Zwammerdam en Steekterpolder en Rietveld,2016,42.7303842915575,31871.006027122,0.0723216474626134,0.55205047318612,3.81401065137239,1937.5812444663,143.454075258239,87.2816207575015,1075.41933103788,191.784958189867,145.80017461879
WK048471,Alphen aan den Rijn,Aarlanderveen en Zwammerdam en Steekterpolder en Rietveld,2016,42.7303842915575,31871.006027122,0.0723216474626134,0.55205047318612,3.81401065137239,1937.5812444663,143.454075258239,87.2816207575015,1075.41933103788,191.784958189867,145.80017461879
WK048407,Alphen aan den Rijn,Aarlanderveen en Zwammerdam en Steekterpolder en Rietveld,2017,42.9919337640565,35907.6165997994,0.0757946210268949,0.546062407132244,3.76799670917318,2054.47985041687,147.084396763119,89.7013903874446,1208.36819028936,191.53802108877,110.657050024522
WK048409,Alphen aan den Rijn,Aarlanderveen en Zwammerdam en Steekterpolder en Rietveld,2017,42.9919337640565,35907.6165997994,0.0757946210268949,0.546062407132244,3.76799670917318,2054.47985041687,147.084396763119,89.7013903874446,1208.36819028936,191.53802108877,110.657050024522
WK048445,Alphen aan den Rijn,Aarlanderveen en Zwammerdam en Steekterpolder en Rietveld,2017,42.9919337640565,35907.6165997994,0.0757946210268949,0.546062407132244,3.76799670917318,2054.47985041687,147.084396763119,89.7013903874446,1208.36819028936,191.53802108877,110.657050024522
WK048471,Alphen aan den Rijn,Aarlanderveen en Zwammerdam en Steekterpolder en Rietveld,2017,42.9919337640565,35907.6165997994,0.0757946210268949,0.546062407132244,3.76799670917318,2054.47985041687,147.084396763119,89.7013903874446,1208.36819028936,191.53802108877,110.657050024522
WK048407,Alphen aan den Rijn,Aarlanderveen en Zwammerdam en Steekterpolder en Rietveld,2018,43.4175860584783,34138.9911302585,0.078596144340089,0.563763608087092,3.90757005437056,2157.23005452292,151.465045848823,92.5350334572494,1252.22117224288,188.318879801735,148.675477075589
WK048409,Alphen aan den Rijn,Aarlanderveen en Zwammerdam en Steekterpolder en Rietveld,2018,43.4175860584783,34138.9911302585,0.078596144340089,0.563763608087092,3.90757005437056,2157.23005452292,151.465045848823,92.5350334572494,1252.22117224288,188.318879801735,148.675477075589
WK048445,Alphen aan den Rijn,Aarlanderveen en Zwammerdam en Steekterpolder en Rietveld,2018,43.4175860584783,34138.9911302585,0.078596144340089,0.563763608087092,3.90757005437056,2157.23005452292,151.465045848823,92.5350334572494,1252.22117224288,188.318879801735,148.675477075589
WK048471,Alphen aan den Rijn,Aarlanderveen en Zwammerdam en Steekterpolder en Rietveld,2018,43.4175860584783,34138.9911302585,0.078596144340089,0.563763608087092,3.90757005437056,2157.23005452292,151.465045848823,92.5350334572494,1252.22117224288,188.318879801735,148.675477075589
WK048407,Alphen aan den Rijn,Aarlanderveen en Zwammerdam en Steekterpolder en Rietveld,2019,43.7625392461576,41768.5289946822,0.0761245674740484,0.56406124093473,3.84628167843789,2247.56161498388,161.926889109402,100.639419498884,1309.05637310841,212.682924832548,113.89413545026
WK048409,Alphen aan den Rijn,Aarlanderveen en Zwammerdam en Steekterpolder en Rietveld,2019,43.7625392461576,41768.5289946822,0.0761245674740484,0.56406124093473,3.84628167843789,2247.56161498388,161.926889109402,100.639419498884,1309.05637310841,212.682924832548,113.89413545026
WK048445,Alphen aan den Rijn,Aarlanderveen en Zwammerdam en Steekterpolder en Rietveld,2019,43.7625392461576,41768.5289946822,0.0761245674740484,0.56406124093473,3.84628167843789,2247.56161498388,161.926889109402,100.639419498884,1309.05637310841,212.682924832548,113.89413545026
WK048471,Alphen aan den Rijn,Aarlanderveen en Zwammerdam en Steekterpolder en Rietveld,2019,43.7625392461576,41768.5289946822,0.0761245674740484,0.56406124093473,3.84628167843789,2247.56161498388,161.926889109402,100.639419498884,1309.05637310841,212.682924832548,113.89413545026
WK048407,Alphen aan den Rijn,Aarlanderveen en Zwammerdam en Steekterpolder en Rietveld,2020,43.8109646939171,38813.9477369342,0.0967741935483871,0.668437025796662,3.76643598615917,2301.29774834437,168.48528820211,108.724888398332,1350.90956831003,219.714427274957,130.670669610007
WK048409,Alphen aan den Rijn,Aarlanderveen en Zwammerdam en Steekterpolder en Rietveld,2020,43.8109646939171,38813.9477369342,0.0967741935483871,0.668437025796662,3.76643598615917,2301.29774834437,168.48528820211,108.724888398332,1350.90956831003,219.714427274957,130.670669610007
WK048445,Alphen aan den Rijn,Aarlanderveen en Zwammerdam en Steekterpolder en Rietveld,2020,43.8109646939171,38813.9477369342,0.0967741935483871,0.668437025796662,3.76643598615917,2301.29774834437,168.48528820211,108.724888398332,1350.90956831003,219.714427274957,130.670669610007
WK048471,Alphen aan den Rijn,Aarlanderveen en Zwammerdam en Steekterpolder en Rietveld,2020,43.8109646939171,38813.9477369342,0.0967741935483871,0.668437025796662,3.76643598615917,2301.29774834437,168.48528820211,108.724888398332,1350.90956831003,219.714427274957,130.670669610007
WK048407,Alphen aan den Rijn,Aarlanderveen en Zwammerdam en Steekterpolder en Rietveld,2021,43.8904010574931,37973.7037590241,0.0917921321029626,0.928652321630804,3.80231065468549,2334.01696119112,181.095835977544,115.805821332682,1385.6612252868,224.17881620698,102.471789113986
WK048409,Alphen aan den Rijn,Aarlanderveen en Zwammerdam en Steekterpolder en Rietveld,2021,43.8904010574931,37973.7037590241,0.0917921321029626,0.928652321630804,3.80231065468549,2334.01696119112,181.095835977544,115.805821332682,1385.6612252868,224.17881620698,102.471789113986
WK048445,Alphen aan den Rijn,Aarlanderveen en Zwammerdam en Steekterpolder en Rietveld,2021,43.8904010574931,37973.7037590241,0.0917921321029626,0.928652321630804,3.80231065468549,2334.01696119112,181.095835977544,115.805821332682,1385.6612252868,224.17881620698,102.471789113986
WK048471,Alphen aan den Rijn,Aarlanderveen en Zwammerdam en Steekterpolder en Rietveld,2021,43.8904010574931,37973.7037590241,0.0917921321029626,0.928652321630804,3.80231065468549,2334.01696119112,181.095835977544,115.805821332682,1385.6612252868,224.17881620698,102.471789113986
WK048407,Alphen aan den Rijn,Aarlanderveen en Zwammerdam en Steekterpolder en Rietveld,2022,43.9643540234684,41196.1803401701,0.0840193704600484,0.897260273972603,3.85984522785899,2357.57323065549,186.627528339083,120.388021192706,1403.92678659438,363.260988171513,
WK048409,Alphen aan den Rijn,Aarlanderveen en Zwammerdam en Steekterpolder en Rietveld,2022,43.9643540234684,41196.1803401701,0.0840193704600484,0.897260273972603,3.85984522785899,2357.57323065549,186.627528339083,120.388021192706,1403.92678659438,363.260988171513,
WK048445,Alphen aan den Rijn,Aarlanderveen en Zwammerdam en Steekterpolder en Rietveld,2022,43.9643540234684,41196.1803401701,0.0840193704600484,0.897260273972603,3.85984522785899,2357.57323065549,186.627528339083,120.388021192706,1403.92678659438,363.260988171513,
WK048471,Alphen aan den Rijn,Aarlanderveen en Zwammerdam en Steekterpolder en Rietveld,2022,43.9643540234684,41196.1803401701,0.0840193704600484,0.897260273972603,3.85984522785899,2357.57323065549,186.627528339083,120.388021192706,1403.92678659438,363.260988171513,
WK048407,Alphen aan den Rijn,Aarlanderveen en Zwammerdam en Steekterpolder en Rietveld,2023,44.1641344796801,43622.1677065136,0.0774493036892255,0.93717277486911,3.74273858921162,,,,,,
WK048409,Alphen aan den Rijn,Aarlanderveen en Zwammerdam en Steekterpolder en Rietveld,2023,44.1641344796801,43622.1677065136,0.0774493036892255,0.93717277486911,3.74273858921162,,,,,,
WK048445,Alphen aan den Rijn,Aarlanderveen en Zwammerdam en Steekterpolder en Rietveld,2023,44.1641344796801,43622.1677065136,0.0774493036892255,0.93717277486911,3.74273858921162,,,,,,
WK048471,Alphen aan den Rijn,Aarlanderveen en Zwammerdam en Steekterpolder en Rietveld,2023,44.1641344796801,43622.1677065136,0.0774493036892255,0.93717277486911,3.74273858921162,,,,,,
WK048407,Alphen aan den Rijn,Aarlanderveen en Zwammerdam en Steekterpolder en Rietveld,2024,44.5905428523273,,0.0815576781778104,0.486651971589518,,,,,,,
WK048409,Alphen aan den Rijn,Aarlanderveen en Zwammerdam en Steekterpolder en Rietveld,2024,44.5905428523273,,0.0815576781778104,0.486651971589518,,,,,,,
WK048445,Alphen aan den Rijn,Aarlanderveen en Zwammerdam en Steekterpolder en Rietveld,2024,44.5905428523273,,0.0815576781778104,0.486651971589518,,,,,,,
WK048471,Alphen aan den Rijn,Aarlanderveen en Zwammerdam en Steekterpolder en Rietveld,2024,44.5905428523273,,0.0815576781778104,0.486651971589518,,,,,,,
WK051801,'s-Gravenhage,Belgisch Park en Oostduinen,2009,41.1373091302611,,0.148570742253183,0.708775654635527,3.91440826671866,2076.54829310807,108.92089944959,59.6086736474695,1204.45711639146,336.595991408243,169.062784928935
WK051802,'s-Gravenhage,Belgisch Park en Oostduinen,2009,41.1373091302611,,0.148570742253183,0.708775654635527,3.91440826671866,2076.54829310807,108.92089944959,59.6086736474695,1204.45711639146,336.595991408243,169.062784928935
WK051801,'s-Gravenhage,Belgisch Park en Oostduinen,2010,41.2223472717781,,0.142114175133043,0.830216903515333,3.98197325062997,2221.06261863153,110.849790029802,52.0465754538068,1228.60073421837,339.133356813871,309.5862373975
WK051802,'s-Gravenhage,Belgisch Park en Oostduinen,2010,41.2223472717781,,0.142114175133043,0.830216903515333,3.98197325062997,2221.06261863153,110.849790029802,52.0465754538068,1228.60073421837,339.133356813871,309.5862373975
WK051801,'s-Gravenhage,Belgisch Park en Oostduinen,2011,40.9941839372399,35167.077294686,0.135745507527926,0.855119825708061,3.96410767696909,2175.25152896996,116.761664204165,54.6659073203494,1226.97894694426,308.851257219611,281.514727736051
WK051802,'s-Gravenhage,Belgisch Park en Oostduinen,2011,40.9941839372399,35167.077294686,0.135745507527926,0.855119825708061,3.96410767696909,2175.25152896996,116.761664204165,54.6659073203494,1226.97894694426,308.851257219611,281.514727736051
WK051801,'s-Gravenhage,Belgisch Park en Oostduinen,2012,41.2324807628637,35071.413886998,0.139464802314368,0.937081161578555,3.93576354679803,2156.77115209175,112.241083060823,55.3730071942445,1336.47312884238,276.405472858077,207.457462530953
WK051802,'s-Gravenhage,Belgisch Park en Oostduinen,2012,41.2324807628637,35071.413886998,0.139464802314368,0.937081161578555,3.93576354679803,2156.77115209175,112.241083060823,55.3730071942445,1336.47312884238,276.405472858077,207.457462530953
WK051801,'s-Gravenhage,Belgisch Park en Oostduinen,2013,41.2582359250684,35016.1730637891,0.13549088274363,0.89872029250457,3.90628115653041,2192.48557217166,113.032223816356,55.0285691926436,1363.93839572192,240.693265944959,179.003936280884
WK051802,'s-Gravenhage,Belgisch Park en Oostduinen,2013,41.2582359250684,35016.1730637891,0.13549088274363,0.89872029250457,3.90628115653041,2192.48557217166,113.032223816356,55.0285691926436,1363.93839572192,240.693265944959,179.003936280884
WK051801,'s-Gravenhage,Belgisch Park en Oostduinen,2014,41.1454623766332,37558.2783101633,0.135455306928324,0.947291893856779,3.95384921424309,2185.61777262181,118.424271330838,58.2838789208724,1410.68301665161,236.941933651736,149.031627996907
WK051802,'s-Gravenhage,Belgisch Park en Oostduinen,2014,41.1454623766332,37558.2783101633,0.135455306928324,0.947291893856779,3.95384921424309,2185.61777262181,118.424271330838,58.2838789208724,1410.68301665161,236.941933651736,149.031627996907
WK051801,'s-Gravenhage,Belgisch Park en Oostduinen,2015,41.4540449413329,36768.7804975389,0.128023952095808,0.915450804339693,3.86970360055699,2270.06274405993,120.579210866753,59.3082186287191,1276.01906080207,237.728905562743,192.949424070248
WK051802,'s-Gravenhage,Belgisch Park en Oostduinen,2015,41.4540449413329,36768.7804975389,0.128023952095808,0.915450804339693,3.86970360055699,2270.06274405993,120.579210866753,59.3082186287191,1276.01906080207,237.728905562743,192.949424070248
WK051801,'s-Gravenhage,Belgisch Park en Oostduinen,2016,41.4946907300285,38328.1210199498,0.144014084507042,1.0,3.90743282996666,2292.07029105237,123.756106442577,62.7854150751213,1305.96765979119,262.539904507257,163.585612608033
WK051802,'s-Gravenhage,Belgisch Park en Oostduinen,2016,41.4946907300285,38328.1210199498,0.144014084507042,1.0,3.90743282996666,2292.07029105237,123.756106442577,62.7854150751213,1305.96765979119,262.539904507257,163.585612608033
WK051801,'s-Gravenhage,Belgisch Park en Oostduinen,2017,41.6361542752606,39337.40840685,0.13459516298633,1.00590841949778,3.93002569677802,2327.99574130491,127.744926377253,65.8963404417366,1304.21642421934,243.992838283828,180.383891850723
WK051802,'s-Gravenhage,Belgisch Park en Oostduinen,2017,41.6361542752606,39337.40840685,0.13459516298633,1.00590841949778,3.93002569677802,2327.99574130491,127.744926377253,65.8963404417366,1304.21642421934,243.992838283828,180.383891850723
WK051801,'s-Gravenhage,Belgisch Park en Oostduinen,2018,41.7719956118023,39886.928635953,0.133706033077102,1.00263157894737,4.02648490749757,2593.87458248988,142.083218623482,79.2207034412954,1474.42168395749,239.617306427126,234.529283906882
WK051802,'s-Gravenhage,Belgisch Park en Oostduinen,2018,41.7719956118023,39886.928635953,0.133706033077102,1.00263157894737,4.02648490749757,2593.87458248988,142.083218623482,79.2207034412954,1474.42168395749,239.617306427126,234.529283906882
WK051801,'s-Gravenhage,Belgisch Park en Oostduinen,2019,41.7078069092438,45947.4174570623,0.117980124797781,0.967654986522911,3.91575663026521,2538.97138039118,153.825880140421,88.2137186559681,1384.45280466399,259.527299398194,254.818021564694
WK051802,'s-Gravenhage,Belgisch Park en Oostduinen,2019,41.7078069092438,45947.4174570623,0.117980124797781,0.967654986522911,3.91575663026521,2538.97138039118,153.825880140421,88.2137186559681,1384.45280466399,259.527299398194,254.818021564694
WK051801,'s-Gravenhage,Belgisch Park en Oostduinen,2020,41.8583564959562,43214.4167728779,0.131884731582617,0.99448123620309,3.8154376012966,2491.79458898943,155.891155103067,89.6218024132728,1359.68633986928,246.362675967823,305.345982905983
WK051802,'s-Gravenhage,Belgisch Park en Oostduinen,2020,41.8583564959562,43214.4167728779,0.131884731582617,0.99448123620309,3.8154376012966,2491.79458898943,155.891155103067,89.6218024132728,1359.68633986928,246.362675967823,305.345982905983
WK051801,'s-Gravenhage,Belgisch Park en Oostduinen,2021,42.0769734971355,45488.1679897567,0.129672625957743,1.04727427597956,3.90562613430127,2409.23144667503,167.842156838143,95.9426273525718,1431.04756838143,238.37669510665,141.786299874529
WK051802,'s-Gravenhage,Belgisch Park en Oostduinen,2021,42.0769734971355,45488.1679897567,0.129672625957743,1.04727427597956,3.90562613430127,2409.23144667503,167.842156838143,95.9426273525718,1431.04756838143,238.37669510665,141.786299874529
WK051801,'s-Gravenhage,Belgisch Park en Oostduinen,2022,41.9236979243584,48006.2043749205,0.110511820059674,1.00882612533098,3.87194047385941,2270.45317118687,175.486682010451,103.620696690719,1409.80997760637,255.497215725305,
WK051802,'s-Gravenhage,Belgisch Park en Oostduinen,2022,41.9236979243584,48006.2043749205,0.110511820059674,1.00882612533098,3.87194047385941,2270.45317118687,175.486682010451,103.620696690719,1409.80997760637,255.497215725305,
WK051801,'s-Gravenhage,Belgisch Park en Oostduinen,2023,41.9252393762895,50353.64604811,0.120649919336253,0.998736310025274,3.71628449280995,,,,,,
WK051802,'s-Gravenhage,Belgisch Park en Oostduinen,2023,41.9252393762895,50353.64604811,0.120649919336253,0.998736310025274,3.71628449280995,,,,,,
WK051801,'s-Gravenhage,Belgisch Park en Oostduinen,2024,42.2835968511565,,0.11239396795476,0.60921300659755,,,,,,,
WK051802,'s-Gravenhage,Belgisch Park en Oostduinen,2024,42.2835968511565,,0.11239396795476,0.60921300659755,,,,,,,
WK051804,'s-Gravenhage,Benoordenhout en Haagse Bos,2009,45.7683049893585,,0.145699661163579,0.673701683661371,4.19946660740082,2325.72820852037,126.938757387124,77.821986447089,1281.80149397211,344.077036482548,306.664863375069
WK051824,'s-Gravenhage,Benoordenhout en Haagse Bos,2009,45.7683049893585,,0.145699661163579,0.673701683661371,4.19946660740082,2325.72820852037,126.938757387124,77.821986447089,1281.80149397211,344.077036482548,306.664863375069
WK051804,'s-Gravenhage,Benoordenhout en Haagse Bos,2010,45.431879324956,,0.154366237278486,0.828765518856875,4.20717870390574,2374.47532395238,127.349378363622,67.7176078309026,1428.63112549723,343.494207940099,198.225716715633
WK051824,'s-Gravenhage,Benoordenhout en Haagse Bos,2010,45.431879324956,,0.154366237278486,0.828765518856875,4.20717870390574,2374.47532395238,127.349378363622,67.7176078309026,1428.63112549723,343.494207940099,198.225716715633
WK051804,'s-Gravenhage,Benoordenhout en Haagse Bos,2011,45.2810529002191,45912.9832056342,0.15448481407891,0.874310661764706,4.36080105055811,2319.06225722786,135.971714133007,71.2571550736812,1378.15189967168,347.183389325799,165.473454115493
WK051824,'s-Gravenhage,Benoordenhout en Haagse Bos,2011,45.2810529002191,45912.9832056342,0.15448481407891,0.874310661764706,4.36080105055811,2319.06225722786,135.971714133007,71.2571550736812,1378.15189967168,347.183389325799,165.473454115493
WK051804,'s-Gravenhage,Benoordenhout en Haagse Bos,2012,45.1450369941961,46712.0200061795,0.142735527809308,0.86044318717586,4.25830178474851,2302.4882246921,133.076014470907,72.794953271028,1434.02146668677,302.561746306904,154.084433012917
WK051824,'s-Gravenhage,Benoordenhout en Haagse Bos,2012,45.1450369941961,46712.0200061795,0.142735527809308,0.86044318717586,4.25830178474851,2302.4882246921,133.076014470907,72.794953271028,1434.02146668677,302.561746306904,154.084433012917
WK051804,'s-Gravenhage,Benoordenhout en Haagse Bos,2013,45.0157185692048,46026.516728338,0.137773401786342,0.900023917723033,4.18930810691893,2370.78339214954,134.157185413071,72.8337337735422,1384.66002251069,270.767051099273,247.598727476635
WK051824,'s-Gravenhage,Benoordenhout en Haagse Bos,2013,45.0157185692048,46026.516728338,0.137773401786342,0.900023917723033,4.18930810691893,2370.78339214954,134.157185413071,72.8337337735422,1384.66002251069,270.767051099273,247.598727476635
WK051804,'s-Gravenhage,Benoordenhout en Haagse Bos,2014,44.9499719709368,50897.99463138,0.152899457655403,0.959776796093932,4.12997996884042,2191.91192598076,140.160946276399,76.5503156724714,1341.76973693961,256.133008521675,137.317085862324
WK051824,'s-Gravenhage,Benoordenhout en Haagse Bos,2014,44.9499719709368,50897.99463138,0.152899457655403,0.959776796093932,4.12997996884042,2191.91192598076,140.160946276399,76.5503156724714,1341.76973693961,256.133008521675,137.317085862324
WK051804,'s-Gravenhage,Benoordenhout en Haagse Bos,2015,44.943913595066,49148.1178520033,0.142390548992356,0.94562874251497,4.14672761734865,2359.26436728625,141.210938383688,77.2096509897301,1237.81752939425,258.797176663195,181.037779925651
WK051824,'s-Gravenhage,Benoordenhout en Haagse Bos,2015,44.943913595066,49148.1178520033,0.142390548992356,0.94562874251497,4.14672761734865,2359.26436728625,141.210938383688,77.2096509897301,1237.81752939425,258.797176663195,181.037779925651
WK051804,'s-Gravenhage,Benoordenhout en Haagse Bos,2016,44.6757533085943,50065.2007924049,0.146542335965151,0.995569029850746,4.1438036276746,2513.81086924817,148.301641257567,84.4075322780654,1326.56531256839,269.28602669779,152.343439801648
WK051824,'s-Gravenhage,Benoordenhout en Haagse Bos,2016,44.6757533085943,50065.2007924049,0.146542335965151,0.995569029850746,4.1438036276746,2513.81086924817,148.301641257567,84.4075322780654,1326.56531256839,269.28602669779,152.343439801648
WK051804,'s-Gravenhage,Benoordenhout en Haagse Bos,2017,44.7784007965183,54792.1796707758,0.138854972188306,0.994364126439598,4.14628844690794,2646.10494964132,151.564614158394,86.4361249184837,1345.50691978842,274.496019129048,167.701626693718
WK051824,'s-Gravenhage,Benoordenhout en Haagse Bos,2017,44.7784007965183,54792.1796707758,0.138854972188306,0.994364126439598,4.14628844690794,2646.10494964132,151.564614158394,86.4361249184837,1345.50691978842,274.496019129048,167.701626693718
WK051804,'s-Gravenhage,Benoordenhout en Haagse Bos,2018,44.7811793238587,50050.4351885623,0.13692472829733,0.998556304138595,4.12896360927857,2600.10627967014,164.916230907135,98.4833682323411,1310.43363786303,289.004594478307,185.184112585156
WK051824,'s-Gravenhage,Benoordenhout en Haagse Bos,2018,44.7811793238587,50050.4351885623,0.13692472829733,0.998556304138595,4.12896360927857,2600.10627967014,164.916230907135,98.4833682323411,1310.43363786303,289.004594478307,185.184112585156
WK051804,'s-Gravenhage,Benoordenhout en Haagse Bos,2019,44.8054166788939,58160.0918053869,0.144456012493493,1.01326320603705,4.00042539615017,2601.13788311507,175.248538590137,106.671736556144,1329.10155405405,293.040154639177,212.984254667038
WK051824,'s-Gravenhage,Benoordenhout en Haagse Bos,2019,44.8054166788939,58160.0918053869,0.144456012493493,1.01326320603705,4.00042539615017,2601.13788311507,175.248538590137,106.671736556144,1329.10155405405,293.040154639177,212.984254667038
WK051804,'s-Gravenhage,Benoordenhout en Haagse Bos,2020,44.8419932146054,54964.6416320885,0.147346234910902,1.01383484651967,3.82167189358711,2493.72521087416,174.613114396676,105.953669687267,1305.04378210806,286.165542685835,188.752916127274
WK051824,'s-Gravenhage,Benoordenhout en Haagse Bos,2020,44.8419932146054,54964.6416320885,0.147346234910902,1.01383484651967,3.82167189358711,2493.72521087416,174.613114396676,105.953669687267,1305.04378210806,286.165542685835,188.752916127274
WK051804,'s-Gravenhage,Benoordenhout en Haagse Bos,2021,45.0427453275249,57827.4350684931,0.123554821496633,0.971953578336557,3.88869826292087,2641.66558041768,194.540606183888,120.220226471385,1479.77348657445,278.436582587469,150.842188771359
WK051824,'s-Gravenhage,Benoordenhout en Haagse Bos,2021,45.0427453275249,57827.4350684931,0.123554821496633,0.971953578336557,3.88869826292087,2641.66558041768,194.540606183888,120.220226471385,1479.77348657445,278.436582587469,150.842188771359
WK051804,'s-Gravenhage,Benoordenhout en Haagse Bos,2022,45.0468629572401,61320.1532115096,0.13173541434411,0.9707615593835,3.92215130271006,2449.55625202594,200.784080902216,126.241299972987,1397.52023635872,291.373246893571,
WK051824,'s-Gravenhage,Benoordenhout en Haagse Bos,2022,45.0468629572401,61320.1532115096,0.13173541434411,0.9707615593835,3.92215130271006,2449.55625202594,200.784080902216,126.241299972987,1397.52023635872,291.373246893571,
WK051804,'s-Gravenhage,Benoordenhout en Haagse Bos,2023,45.3400353875863,64435.290426604,0.118262067238465,0.950812064965197,3.81461082822405,,,,,,
WK051824,'s-Gravenhage,Benoordenhout en Haagse Bos,2023,45.3400353875863,64435.290426604,0.118262067238465,0.950812064965197,3.81461082822405,,,,,,
WK051804,'s-Gravenhage,Benoordenhout en Haagse Bos,2024,45.3890807778948,,0.114390432098765,0.55068175971186,,,,,,,
WK051824,'s-Gravenhage,Benoordenhout en Haagse Bos,2024,45.3890807778948,,0.114390432098765,0.55068175971186,,,,,,,
WK048431,Alphen aan den Rijn,Benthuizen,2009,36.6244660511641,,0.0515097690941385,0.40625,3.5912003417343,1957.80662190392,132.530167214093,80.6801731860258,827.560988354732,244.842111077934,512.215884810504
WK048431,Alphen aan den Rijn,Benthuizen,2010,36.8631501066608,,0.0610189573459716,0.5220700152207,3.56765957446809,1967.28801371905,129.002040877667,69.1920018034265,951.360586113616,242.934192966637,394.56082016105
WK048431,Alphen aan den Rijn,Benthuizen,2011,37.1023858293374,29096.4913069544,0.0688235294117647,0.625520110957004,3.59940526762957,1989.1875443787,142.562715976331,78.7267810650886,972.478908284024,229.289340236686,391.779056213018
WK048431,Alphen aan den Rijn,Benthuizen,2012,37.522879913955,28982.3558318532,0.0809399477806789,0.669456066945607,3.54223549488055,1797.20660443407,133.196367084914,74.1610067114094,1032.1286402101,221.100358914502,145.46083722287
WK048431,Alphen aan den Rijn,Benthuizen,2013,38.0800360773918,28835.489297558,1.01957876001187,1.25066745772768,3.6076404494382,1920.7623967684,132.053442083208,71.6485363663572,1065.65042502245,235.472765639029,181.79026331538
WK048431,Alphen aan den Rijn,Benthuizen,2014,38.6918206059176,30943.1545535449,0.054014598540146,0.538062283737024,3.66622162883845,1941.8428243601,141.167661076788,78.5514798470138,1096.4491056193,237.932027066784,162.914592527214
WK048431,Alphen aan den Rijn,Benthuizen,2015,38.546229800185,30801.8742497857,0.114676339285714,0.815242494226328,3.57317587515816,1888.16536085369,144.797484541878,81.83413153457,1054.60442945475,240.435213603148,99.7572535804549
WK048431,Alphen aan den Rijn,Benthuizen,2016,38.6621534607949,31592.8834650113,0.08,0.750716332378224,3.66471081307628,1868.96528233658,145.930868355136,82.9486223211799,1026.52313387142,217.292248817144,129.156464534075
WK048431,Alphen aan den Rijn,Benthuizen,2017,38.5818788974863,32812.4324475524,0.0894664842681259,0.77125,3.68893617021277,2096.75425772627,139.137508278145,74.7919288079469,1288.30852373068,218.151043046358,94.0773758278145
WK048431,Alphen aan den Rijn,Benthuizen,2018,38.9787528911568,33056.2906681703,0.0604805302402651,0.753799392097264,3.71201716738197,2139.76150513746,151.411696750903,84.5522438211609,1207.87322688142,263.898833657317,124.658725354068
WK048431,Alphen aan den Rijn,Benthuizen,2019,39.2150925934518,36216.4435099523,0.0559228650137741,0.688372093023256,3.74008620689655,2159.12411129568,162.571813399778,92.8944629014391,1205.8363316722,271.807350498339,130.148687707641
WK048431,Alphen aan den Rijn,Benthuizen,2020,39.6483182903297,36547.5370886782,0.0709006296194908,0.773638968481375,3.70008643042351,2159.73780923585,162.637025838373,93.8139829576689,1101.72482682793,304.399535459043,244.751212204508
WK048431,Alphen aan den Rijn,Benthuizen,2021,39.7678420225062,37966.5005555556,0.0745781164942842,0.752688172043011,3.74034789987272,2316.64874041621,192.874854874042,116.263702081051,1294.06717415115,280.776621029573,126.249312705367
WK048431,Alphen aan den Rijn,Benthuizen,2022,39.8900764318589,39422.9402901786,0.0605320304017372,0.778093883357041,3.80616174582798,2223.60946050097,196.832235067437,121.18663638866,1318.22517203413,305.97255161024,
WK048431,Alphen aan den Rijn,Benthuizen,2023,40.2069809295268,42370.7893854749,0.0495347564313082,0.717320261437909,3.68439256377,,,,,,
WK048431,Alphen aan den Rijn,Benthuizen,2024,40.7002034817417,,0.0929460580912863,0.421023513139696,,,,,,,
WK051838,'s-Gravenhage,Binckhorst en Laakkwartier en Spoorwijk,2009,32.9643776161421,,0.18698324160229,0.800603318250377,4.20828504131304,2039.08772339971,118.960622284998,69.4636151160615,1114.14608480131,310.404799456334,280.292711683885
WK051839,'s-Gravenhage,Binckhorst en Laakkwartier en Spoorwijk,2009,32.9643776161421,,0.18698324160229,0.800603318250377,4.20828504131304,2039.08772339971,118.960622284998,69.4636151160615,1114.14608480131,310.404799456334,280.292711683885
WK051838,'s-Gravenhage,Binckhorst en Laakkwartier en Spoorwijk,2010,33.0223955719244,,0.174104306173322,0.969603741078021,4.34219182178366,2065.57008852597,119.91908153528,63.4030167523718,1082.83504320629,327.766475905211,302.232663706991
WK051839,'s-Gravenhage,Binckhorst en Laakkwartier en Spoorwijk,2010,33.0223955719244,,0.174104306173322,0.969603741078021,4.34219182178366,2065.57008852597,119.91908153528,63.4030167523718,1082.83504320629,327.766475905211,302.232663706991
WK051838,'s-Gravenhage,Binckhorst en Laakkwartier en Spoorwijk,2011,33.0929056434256,19198.0020775436,0.15042173188003,0.988143060774913,4.41192127460169,2052.21614052692,127.206964345474,66.3173376238904,1106.67684000514,322.54211249839,254.042449058352
WK051839,'s-Gravenhage,Binckhorst en Laakkwartier en Spoorwijk,2011,33.0929056434256,19198.0020775436,0.15042173188003,0.988143060774913,4.41192127460169,2052.21614052692,127.206964345474,66.3173376238904,1106.67684000514,322.54211249839,254.042449058352
WK051838,'s-Gravenhage,Binckhorst en Laakkwartier en Spoorwijk,2012,33.0949205840463,19038.3794936168,0.14934194783441,0.980971583391091,4.31714318087397,1970.38935633579,120.538627975666,65.5011778961449,1118.1376661702,268.404372049578,226.394836561743
WK051839,'s-Gravenhage,Binckhorst en Laakkwartier en Spoorwijk,2012,33.0949205840463,19038.3794936168,0.14934194783441,0.980971583391091,4.31714318087397,1970.38935633579,120.538627975666,65.5011778961449,1118.1376661702,268.404372049578,226.394836561743
WK051838,'s-Gravenhage,Binckhorst en Laakkwartier en Spoorwijk,2013,33.3654505771377,19184.8338719585,0.159486489085489,1.03913239364099,4.292512300123,2043.94276855851,127.127524960191,70.6070164042155,1105.9945067361,264.011139701237,288.194728852516
WK051839,'s-Gravenhage,Binckhorst en Laakkwartier en Spoorwijk,2013,33.3654505771377,19184.8338719585,0.159486489085489,1.03913239364099,4.292512300123,2043.94276855851,127.127524960191,70.6070164042155,1105.9945067361,264.011139701237,288.194728852516
WK051838,'s-Gravenhage,Binckhorst en Laakkwartier en Spoorwijk,2014,33.5783098835041,19906.1612439044,0.152454222989167,1.0527863069184,4.33235451147891,2066.40637514443,137.432702974528,79.1728060647215,1139.34722410801,268.980536823312,239.944528306626
WK051839,'s-Gravenhage,Binckhorst en Laakkwartier en Spoorwijk,2014,33.5783098835041,19906.1612439044,0.152454222989167,1.0527863069184,4.33235451147891,2066.40637514443,137.432702974528,79.1728060647215,1139.34722410801,268.980536823312,239.944528306626
WK051838,'s-Gravenhage,Binckhorst en Laakkwartier en Spoorwijk,2015,33.6350987457096,19963.1089780225,0.176930778365038,1.19967522328399,4.33163035311796,2178.20682396089,135.854466740168,77.1877853730261,1113.20177263261,279.331673649394,261.986555256723
WK051839,'s-Gravenhage,Binckhorst en Laakkwartier en Spoorwijk,2015,33.6350987457096,19963.1089780225,0.176930778365038,1.19967522328399,4.33163035311796,2178.20682396089,135.854466740168,77.1877853730261,1113.20177263261,279.331673649394,261.986555256723
WK051838,'s-Gravenhage,Binckhorst en Laakkwartier en Spoorwijk,2016,33.7773080309021,20625.9625490941,0.166261612192518,1.07393409708279,4.3577928010232,2281.86332497553,141.499013455058,83.1529864015469,1173.86040675859,280.477058050329,271.214976001146
WK051839,'s-Gravenhage,Binckhorst en Laakkwartier en Spoorwijk,2016,33.7773080309021,20625.9625490941,0.166261612192518,1.07393409708279,4.3577928010232,2281.86332497553,141.499013455058,83.1529864015469,1173.86040675859,280.477058050329,271.214976001146
WK051838,'s-Gravenhage,Binckhorst en Laakkwartier en Spoorwijk,2017,33.9277513686276,21233.8508164337,0.156661623353507,1.09906739398205,4.39261489353985,2268.25958971592,147.841031222877,90.0986992423009,1168.57390766849,271.479081845691,249.772327758099
WK051839,'s-Gravenhage,Binckhorst en Laakkwartier en Spoorwijk,2017,33.9277513686276,21233.8508164337,0.156661623353507,1.09906739398205,4.39261489353985,2268.25958971592,147.841031222877,90.0986992423009,1168.57390766849,271.479081845691,249.772327758099
WK051838,'s-Gravenhage,Binckhorst en Laakkwartier en Spoorwijk,2018,34.0314048465266,22063.2265102298,0.152290522126574,1.07921550150186,4.42758328627894,2368.01534476057,162.764304185647,106.779035631739,1189.86484907431,270.746188983225,268.339941414743
WK051839,'s-Gravenhage,Binckhorst en Laakkwartier en Spoorwijk,2018,34.0314048465266,22063.2265102298,0.152290522126574,1.07921550150186,4.42758328627894,2368.01534476057,162.764304185647,106.779035631739,1189.86484907431,270.746188983225,268.339941414743
WK051838,'s-Gravenhage,Binckhorst en Laakkwartier en Spoorwijk,2019,34.1046648102022,23203.8553748741,0.147291900002113,1.04649177715814,4.30356453028973,2387.2647413192,172.308378378374,115.171223079864,1172.3658280262,265.935814073857,296.097897022752
WK051839,'s-Gravenhage,Binckhorst en Laakkwartier en Spoorwijk,2019,34.1046648102022,23203.8553748741,0.147291900002113,1.04649177715814,4.30356453028973,2387.2647413192,172.308378378374,115.171223079864,1172.3658280262,265.935814073857,296.097897022752
WK051838,'s-Gravenhage,Binckhorst en Laakkwartier en Spoorwijk,2020,34.3219898476808,24268.7505752202,0.162775737201436,1.16078153140861,4.19336835193697,2244.41156422373,170.722071640483,113.24124008351,1052.13029271509,252.349607076146,315.084744094056
WK051839,'s-Gravenhage,Binckhorst en Laakkwartier en Spoorwijk,2020,34.3219898476808,24268.7505752202,0.162775737201436,1.16078153140861,4.19336835193697,2244.41156422373,170.722071640483,113.24124008351,1052.13029271509,252.349607076146,315.084744094056
WK051838,'s-Gravenhage,Binckhorst en Laakkwartier en Spoorwijk,2021,34.3820422861346,25582.3914005764,0.161379338538899,1.14050404516617,4.19114695340502,2325.57221892209,184.6284412262,121.964418332389,1203.53042058709,244.47336057755,218.753735637168
WK051839,'s-Gravenhage,Binckhorst en Laakkwartier en Spoorwijk,2021,34.3820422861346,25582.3914005764,0.161379338538899,1.14050404516617,4.19114695340502,2325.57221892209,184.6284412262,121.964418332389,1203.53042058709,244.47336057755,218.753735637168
WK051838,'s-Gravenhage,Binckhorst en Laakkwartier en Spoorwijk,2022,34.4931632129501,28254.3507589729,0.143595299608301,1.08725273411821,4.20458765701802,2121.61357795505,191.063147397039,128.740242467469,1215.39267048494,254.911832991621,
WK051839,'s-Gravenhage,Binckhorst en Laakkwartier en Spoorwijk,2022,34.4931632129501,28254.3507589729,0.143595299608301,1.08725273411821,4.20458765701802,2121.61357795505,191.063147397039,128.740242467469,1215.39267048494,254.911832991621,
WK051838,'s-Gravenhage,Binckhorst en Laakkwartier en Spoorwijk,2023,34.6990741242961,30575.7429597165,0.149882420891951,1.09371901790401,4.02619249640314,,,,,,
WK051839,'s-Gravenhage,Binckhorst en Laakkwartier en Spoorwijk,2023,34.6990741242961,30575.7429597165,0.149882420891951,1.09371901790401,4.02619249640314,,,,,,
WK051838,'s-Gravenhage,Binckhorst en Laakkwartier en Spoorwijk,2024,35.0544728239824,,0.147899613578759,0.717992935798878,,,,,,,
WK051839,'s-Gravenhage,Binckhorst en Laakkwartier en Spoorwijk,2024,35.0544728239824,,0.147899613578759,0.717992935798878,,,,,,,
WK054601,Leiden,Binnenstad-Noord,2009,33.5264735569325,,0.224161835139904,0.77162504524068,3.26352768456376,1606.60352035436,108.957464293253,60.0513382114961,780.12199817069,232.033660733132,314.926570343809
WK054601,Leiden,Binnenstad-Noord,2010,33.5221874251543,,0.208388024251516,0.917835178351784,3.33067605342168,1662.66336882866,113.256772556652,57.7863937161128,752.112441262339,243.443233699429,379.325475038031
WK054601,Leiden,Binnenstad-Noord,2011,33.6690647427159,22067.7516613695,0.185038876348131,0.989153739437508,3.3733538191396,1732.56711500035,127.736308604523,68.4018967181473,765.829624241589,219.34041712631,453.656489354372
WK054601,Leiden,Binnenstad-Noord,2012,33.6841840964349,22498.7838652743,0.192956945059114,1.00952622888353,3.31683168316832,1539.78089200599,122.739817971094,68.9761842105264,772.800934005996,193.913945323152,297.378950020428
WK054601,Leiden,Binnenstad-Noord,2013,33.7257794619935,22828.2964949666,0.192867905575088,1.06113104813761,3.29839070183281,1750.61709162803,124.712240802676,70.2108531840829,878.5536331991,192.158009009623,369.662236842105
WK054601,Leiden,Binnenstad-Noord,2014,33.7124083515542,24337.8485025994,0.187336407827496,1.05301988245592,3.30985915492958,1769.19792828413,135.385715747119,78.9455036486397,915.137234535904,191.317477323877,342.25415979276
WK054601,Leiden,Binnenstad-Noord,2015,33.5766861174451,23899.119756929,0.180824327720533,1.03986068111455,3.25505604992488,1809.5386126526,132.868697432339,75.8258986814721,840.976580152673,217.187885496184,366.848446864595
WK054601,Leiden,Binnenstad-Noord,2016,33.8503435123166,24700.7192709491,0.204746835443038,1.14311179017061,3.23534905440112,1727.15764246356,137.524737686619,80.1148437281987,767.778730291614,200.864948374494,348.623868312758
WK054601,Leiden,Binnenstad-Noord,2017,34.42695346365,25755.6031210143,0.201481958762887,1.13070652173913,3.30154791445114,1825.51521372329,143.656242266591,84.7265516029244,884.69025449944,208.638729611923,304.611598706411
WK054601,Leiden,Binnenstad-Noord,2018,34.5643140465776,25811.6889637002,0.194911461995781,1.12966252220249,3.2651705976643,1866.54501627088,152.317521982968,91.4659461330745,888.896708440077,184.865385307761,336.63808973205
WK054601,Leiden,Binnenstad-Noord,2019,34.856818929474,27833.2267450404,0.178247150492627,1.10951629108655,3.23638280426379,1995.69883780776,160.215009041591,95.864643900404,948.008264709975,191.183519265544,388.009674502712
WK054601,Leiden,Binnenstad-Noord,2020,34.9621740256444,28701.7296011709,0.201849098079783,1.14150549603451,3.16409704792638,1868.93968292179,162.14017814155,99.400043331728,810.483604099316,193.844024348305,413.23779558429
WK054601,Leiden,Binnenstad-Noord,2021,35.2349049346375,30068.9535477284,0.195548903494501,1.12188905547226,3.2174882629108,1899.38742967723,183.599598451864,113.150713940147,920.564206234015,205.00334992052,285.649886654226
WK054601,Leiden,Binnenstad-Noord,2022,35.3023994285759,32096.256577991,0.174979192009732,1.07276288038566,3.28319088319088,1679.38726810149,186.669668569071,116.511914323041,967.674446125284,225.843425015472,
WK054601,Leiden,Binnenstad-Noord,2023,35.0040562991025,34619.3754365956,0.178380062305296,1.11950765707743,3.21313087175005,,,,,,
WK054601,Leiden,Binnenstad-Noord,2024,35.6953877970902,,0.184481187345398,0.835166981316321,,,,,,,
WK054600,Leiden,Binnenstad-Zuid,2009,32.6446607146528,,0.222452504317789,0.726417024759566,3.06441658630665,1425.23199368687,102.346429925439,54.2336294704916,633.08338051308,220.25304562113,330.207498737374
WK054600,Leiden,Binnenstad-Zuid,2010,32.6304456434407,,0.21368115942029,0.883111392940182,3.10648761112162,1416.35538365252,106.905633891477,52.2405388392295,638.684459272314,219.403141130556,300.913448491676
WK054600,Leiden,Binnenstad-Zuid,2011,32.7204091084468,24823.1697025292,0.201320514305572,0.91390306122449,3.05704028719585,1417.04108625404,121.207228990552,62.7857545997017,598.578400049728,206.066945549478,357.004922943077
WK054600,Leiden,Binnenstad-Zuid,2012,32.6098812998405,24916.1884359943,0.209416886241265,0.960921431509667,3.03155387973804,1343.0427963008,115.80309979286,62.5449140977213,665.795293042524,181.245994882417,258.899162813336
WK054600,Leiden,Binnenstad-Zuid,2013,32.5935377951865,25318.6604139715,0.206235827664399,0.953817733990148,3.0114,1321.34293471702,120.153509301764,65.4246545059194,633.94850688572,148.299116936458,293.89632557017
WK054600,Leiden,Binnenstad-Zuid,2014,32.4939898461539,25666.9247489513,0.203215077605322,0.935528942115768,2.97559023609444,1364.6911762607,129.138289489347,72.2947934769669,713.88511843828,143.50415188668,243.035907469077
WK054600,Leiden,Binnenstad-Zuid,2015,32.7211529130496,26362.0728993477,0.198192166052896,0.93736108304708,3.00039761431412,1453.62286645738,128.243032024169,70.4718984894259,654.21593957704,185.182140181269,291.735788456895
WK054600,Leiden,Binnenstad-Zuid,2016,32.707470258207,26773.2170502765,0.211373986448961,1.01616533660733,3.00120264582081,1483.23488556974,132.664511386914,75.1046162188212,748.479584287264,154.587063501627,257.387496988677
WK054600,Leiden,Binnenstad-Zuid,2017,32.9079818635034,27452.7598819302,0.19828061280723,0.969434118133003,2.98200202224469,1490.12375390532,137.045240326845,78.2825294400382,734.227185772651,133.790272770969,279.426303773131
WK054600,Leiden,Binnenstad-Zuid,2018,33.2786292896019,27528.0820591233,0.184984520123839,0.99662376028698,2.98656237464902,1630.10968295905,148.997299147352,87.8117581361833,769.27634442176,136.392454665546,357.341944277651
WK054600,Leiden,Binnenstad-Zuid,2019,33.6952132226881,32821.4462289606,0.173834924199888,0.987136837436239,2.94889024638566,1641.22763600878,157.753430104904,93.6987435959994,759.003555745304,144.495642839717,365.797123688705
WK054600,Leiden,Binnenstad-Zuid,2020,34.0151373363897,32278.7522216414,0.199633279853312,1.05108186482266,2.98591549295775,1729.33286027798,159.90380516947,96.6265203608878,793.353088271153,163.612432333577,420.136026578883
WK054600,Leiden,Binnenstad-Zuid,2021,34.0392077705959,31795.8224829187,0.191518467852257,1.02349383577576,3.00618556701031,1819.78863724775,176.859225626065,106.954946511063,950.802899343543,190.18615852176,303.22266715293
WK054600,Leiden,Binnenstad-Zuid,2022,33.8427165161077,33588.0743737958,0.178392239937563,0.958545622973599,3.03409090909091,1491.49696398559,182.212414165667,112.774345738295,888.422576230495,197.302540216087,
WK054600,Leiden,Binnenstad-Zuid,2023,33.5009078521586,38757.3105613462,0.195774040534713,1.05210084033613,3.02254791431793,,,,,,
WK054600,Leiden,Binnenstad-Zuid,2024,34.2424380019275,,0.202380952380952,0.843778077268643,,,,,,,
WK054607,Leiden,Boerhaavedistrict,2009,35.6546251620553,,0.150012275963663,0.659362549800797,3.45508744038156,1626.59438854696,110.437008295424,62.861535991437,864.598239229326,252.921233609848,241.415887075194
WK054607,Leiden,Boerhaavedistrict,2010,35.1059252762594,,0.144736842105263,0.771021992238034,3.54626749611198,1478.34119372267,117.044730709477,60.7070947695496,760.005541170377,252.075339202486,173.423349626962
WK054607,Leiden,Boerhaavedistrict,2011,34.7965436581534,33333.0442455243,0.176362803481448,0.957997698504028,3.43094967839576,1484.93623138882,128.793914529915,68.6449572649573,757.779992673993,204.986334554335,238.803824749817
WK054607,Leiden,Boerhaavedistrict,2012,34.0262124305105,31935.3663865546,0.174536256323777,0.920454545454545,3.32917705735661,1362.4116170879,125.817350963693,70.3501613626176,724.120100851637,170.379917077543,211.131713263252
WK054607,Leiden,Boerhaavedistrict,2013,34.3405889083523,31776.3398909694,0.134022794428029,0.943765281173594,3.29492915734526,1678.09552637537,129.683787398005,73.0281482320944,905.880074796012,171.19264505893,304.735275073579
WK054607,Leiden,Boerhaavedistrict,2014,34.572317161715,33213.7994773105,0.179895287958115,1.09124866595518,3.30572289156627,1659.69386660658,134.955944118972,76.1355385308697,874.999123479045,178.40352410996,289.939803965751
WK054607,Leiden,Boerhaavedistrict,2015,35.4821074139508,34178.7146786697,0.173487157161515,1.05063291139241,3.47065637065637,1714.5011588388,136.624559622196,77.0251735537189,812.35146162928,202.86479338843,261.592622138306
WK054607,Leiden,Boerhaavedistrict,2016,35.2426115902283,35596.1490771415,0.215387738530248,1.13270843611248,3.39046199701937,1797.32712580146,141.2933031174,82.3717775812513,880.975184611981,175.42700198983,271.574691576387
WK054607,Leiden,Boerhaavedistrict,2017,34.376047346961,36548.0608093486,0.193265007320644,1.10224331320104,3.22479564032698,1557.64214992089,142.537887658228,82.8451720727849,818.506878955697,156.315662579114,161.231875
WK054607,Leiden,Boerhaavedistrict,2018,34.4354549362739,35638.612923204,0.14507398051245,0.986593843098312,3.17495094833224,1669.22355503695,149.301301050175,87.4484364060675,809.762773239984,153.104881369117,306.935328665889
WK054607,Leiden,Boerhaavedistrict,2019,35.0886336616166,39188.3730548731,0.147729345248951,0.944835045970795,3.16489007328448,1796.30344348846,159.678957763003,93.9356296441139,870.552334767306,156.944829878764,311.289094642159
WK054607,Leiden,Boerhaavedistrict,2020,35.5392591143377,40703.4081982841,0.210499662390277,1.09878610297195,3.10904425914047,1674.01882342407,157.053977435529,92.6509813753581,791.731237464182,184.826506088825,321.593082020057
WK054607,Leiden,Boerhaavedistrict,2021,35.7728425189253,43112.2937219731,0.140327651828562,1.0162962962963,3.15144904954815,1907.53375043937,173.823613356766,102.699367311072,1072.68544991213,177.758075571178,223.281246045694
WK054607,Leiden,Boerhaavedistrict,2022,35.7370262438357,45489.4719582635,0.164796966345394,1.07282246549262,3.21349985132322,1722.99675221239,178.657419469027,107.543440707964,1039.11017522124,209.379566371682,
WK054607,Leiden,Boerhaavedistrict,2023,34.0996668059605,46500.0572597137,0.172110897611858,1.03129395218003,3.12261872819962,,,,,,
WK054607,Leiden,Boerhaavedistrict,2024,34.6981518140079,,0.168611111111111,0.716766217530213,,,,,,,
WK054605,Leiden,Bos- en Gasthuisdistrict,2009,39.9432111229977,,0.140724630517523,0.638708726415094,4.00690784788492,2021.81934840153,129.585452601567,78.9358934935349,1080.54100804399,305.823456369004,267.444600386886
WK054605,Leiden,Bos- en Gasthuisdistrict,2010,40.0034588511152,,0.128239301051385,0.789096573208723,4.07355765810628,2046.77159853754,135.816152355701,75.876675504794,1059.17776208444,313.439589027125,292.615079977657
WK054605,Leiden,Bos- en Gasthuisdistrict,2011,39.916996178374,23988.8608106689,0.116912711780442,0.82259630948527,4.12020740524355,1976.8810160183,150.011435255823,85.8921956057365,1011.8800864612,300.532481944869,272.154705314009
WK054605,Leiden,Bos- en Gasthuisdistrict,2012,40.0258685975779,24100.8567254513,0.1191357111144,0.855905006418485,4.12089442815249,1961.16844085209,148.647511335012,89.4423340050373,1086.11847254408,271.289593954659,228.027721710228
WK054605,Leiden,Bos- en Gasthuisdistrict,2013,39.9119209056223,24456.0070356958,0.122138891594429,0.901461574728901,4.13713157317341,2146.86302654515,149.480253038454,89.4302938832432,1183.32060420402,260.405573819486,270.525093381145
WK054605,Leiden,Bos- en Gasthuisdistrict,2014,40.022160999254,25617.8476244754,0.11754693123237,0.904968944099379,4.23487074030552,2133.16345624875,162.837127405044,100.789673512113,1159.5664365467,265.107049646099,252.322275762408
WK054605,Leiden,Bos- en Gasthuisdistrict,2015,40.1997353596932,25974.6274621605,0.119889153580631,0.923779096303058,4.211860670194,2307.18295828759,159.748792294641,96.8659192534185,1099.94772681904,264.863591176764,256.958442770183
WK054605,Leiden,Bos- en Gasthuisdistrict,2016,40.2559299414468,26756.8707208605,0.135102474864656,0.959459459459459,4.17843180644685,2442.4725018652,164.444256292907,101.987048552383,1192.00444930853,262.169602527112,252.937080825665
WK054605,Leiden,Bos- en Gasthuisdistrict,2017,40.4599895310931,27484.3759034892,0.124179510866923,0.978528061602251,4.20953660174614,2545.23756334503,170.392800701053,106.664241862793,1257.11879318978,270.481052578868,271.408344016024
WK054605,Leiden,Bos- en Gasthuisdistrict,2018,40.4454151306343,28119.8190388359,0.120136420405418,0.906352520131226,4.23719277465206,2556.06915094809,177.231136689936,110.703485321054,1221.57049309372,276.118944502203,308.504871528294
WK054605,Leiden,Bos- en Gasthuisdistrict,2019,40.5415277953438,29808.5775663649,0.106195958534372,0.924939467312349,4.12220065691251,2666.75701359703,190.839206427688,118.597151050681,1308.69622793572,299.345734487022,286.842151792336
WK054605,Leiden,Bos- en Gasthuisdistrict,2020,40.7654031494274,30655.5019533258,0.123065052804166,0.976613657623948,4.03363438181252,2500.56446300715,190.993813643596,122.239923926014,1205.8648309467,295.47607398568,302.660700079554
WK054605,Leiden,Bos- en Gasthuisdistrict,2021,40.9638932284947,32134.70502456,0.116294826501476,0.9795605518651,4.03334610962054,2586.48239801979,207.87617178218,129.970230693068,1346.92344059406,279.772787128714,223.578127722772
WK054605,Leiden,Bos- en Gasthuisdistrict,2022,41.057477427105,33777.0539539133,0.114732912119472,0.97212780421482,4.06340079157643,2342.83850309704,212.834388457378,134.732190050143,1344.36411414807,297.311001376463,
WK054605,Leiden,Bos- en Gasthuisdistrict,2023,40.903441831347,36590.6920551543,0.106463339785657,0.941884402216944,3.92512148431748,,,,,,
WK054605,Leiden,Bos- en Gasthuisdistrict,2024,41.0127347853071,,0.130510356815219,0.654483124909468,,,,,,,
WK048470,Alphen aan den Rijn,Boskoop,2009,38.3443900471397,,0.0785219399538106,0.533779671332928,3.73979637007525,1754.92195820082,123.967429572893,73.0281870699723,1001.90260353109,267.761011943399,140.914640747712
WK048470,Alphen aan den Rijn,Boskoop,2010,38.8089769451353,,0.0746393611540443,0.657178604942133,3.81872975890608,1826.02368177975,130.788114748742,71.1592785728267,1043.33940403842,279.770114356662,125.610033825538
WK048470,Alphen aan den Rijn,Boskoop,2011,39.1676932921334,28404.3660066007,0.074317362184441,0.71406347230865,3.82118896757361,1829.82432632399,142.835246348589,79.1440357026934,1035.00519701396,268.366373255438,139.032771936656
WK048470,Alphen aan den Rijn,Boskoop,2012,39.5239912561707,28402.9343690343,0.0848632687122866,0.783807312826465,3.7587530425014,1793.53111656441,141.308278000257,82.2899147396974,1052.82931791758,237.959896654178,118.764468195027
WK048470,Alphen aan den Rijn,Boskoop,2013,40.0148357598324,28614.866227194,1.03733766233766,1.30954545454545,3.71297281609751,1970.47925197621,139.427976213814,79.2491125923022,1176.10856760113,221.37973142521,150.465545828706
WK048470,Alphen aan den Rijn,Boskoop,2014,40.1008111415297,29606.0806860261,0.0849181777974348,0.613329583802025,3.77926610697104,2093.8614119517,147.503289038657,85.0962169379455,1257.35035160224,224.684299974567,149.789579148125
WK048470,Alphen aan den Rijn,Boskoop,2015,40.3364189619424,29940.6018350995,0.0786418125902216,0.704208998548621,3.7910660091047,2105.42633213407,148.116341540402,85.0761231060607,1195.37838194444,247.178816919193,107.045998232658
WK048470,Alphen aan den Rijn,Boskoop,2016,40.6187632704608,31177.4940965092,0.0897117296222664,0.856504745951982,3.82821623657939,2162.44566243986,151.833088216917,89.3874853180057,1245.67419842559,246.282349743845,112.729886938597
WK048470,Alphen aan den Rijn,Boskoop,2017,40.8760618513024,32371.563314358,0.105541221280256,0.878674638764325,3.82790871679761,2118.26149842564,159.806317219238,96.0127764400811,1170.81457739087,233.503425943077,115.466130764957
WK048470,Alphen aan den Rijn,Boskoop,2018,40.9745519088424,33641.2972972973,0.111577684463107,0.933333333333333,3.84760855595336,2245.63717393925,168.049788452264,102.284508799423,1257.10162608486,248.481331364513,127.488295564127
WK048470,Alphen aan den Rijn,Boskoop,2019,41.2901618540281,35136.2116002968,0.105766357932477,0.953935712477854,3.85960885134515,2353.69424690466,171.285764514966,102.78246904676,1337.08726589735,257.738330929199,139.812214809472
WK048470,Alphen aan den Rijn,Boskoop,2020,41.3940306281915,36291.4039779682,0.100456080080554,0.922904750062174,3.76311047889995,2193.9844636472,173.327,104.927741954707,1192.88988319428,249.892879022647,156.464357568534
WK048470,Alphen aan den Rijn,Boskoop,2021,41.5035254570291,38069.1976623218,0.0812071816678479,0.86058981233244,3.83920684146227,2421.79929204065,188.416636152885,114.212557807762,1420.9495791476,247.576948820067,112.078208999584
WK048470,Alphen aan den Rijn,Boskoop,2022,41.599968280289,39284.9818509615,0.089682723483094,0.89989888776542,3.86621172667684,2362.93573110031,197.467130057972,122.421656028576,1446.5808824735,272.893193183813,
WK048470,Alphen aan den Rijn,Boskoop,2023,41.7559841904204,42434.7462304071,0.0765633119695133,0.863087248322148,3.80982311214869,,,,,,
WK048470,Alphen aan den Rijn,Boskoop,2024,42.081476940496,,0.0866865811515258,0.478734622144112,,,,,,,
WK191610,Leidschendam-Voorburg,Bovenveen,2009,40.4954324909087,,0.110824742268041,0.638040345821326,4.12258573117856,1994.96241669124,124.525453606726,74.4227658946751,1105.14002212716,343.656030387963,221.298588911825
WK191610,Leidschendam-Voorburg,Bovenveen,2010,40.5746773830891,,0.117452082432627,0.897376093294461,4.27167859984089,2321.33852021245,123.375839513497,63.9475244734503,1229.7589305844,359.04311183625,380.619269696075
WK191610,Leidschendam-Voorburg,Bovenveen,2011,40.496318546783,25842.0323746424,0.0984859408795963,0.932082794307891,4.30723012217104,2297.70177248677,130.494269117647,66.9030279411765,1208.68376176471,376.027030882353,342.494129923574
WK191610,Leidschendam-Voorburg,Bovenveen,2012,40.5339241784911,25810.8129431287,0.0998845265588914,0.97888198757764,4.36936936936937,2305.63052369078,128.198473630086,69.3474496841488,1307.30531364771,314.685739679742,324.990976969342
WK191610,Leidschendam-Voorburg,Bovenveen,2013,40.2974048446745,26029.8279505879,0.0975471430596909,1.02459016393443,4.22041906327034,2395.41688422577,131.479423104798,71.8690882736625,1323.31113784607,284.185864618061,375.870178002894
WK191610,Leidschendam-Voorburg,Bovenveen,2014,40.1441140467758,27338.9958762887,0.108070175438596,1.04612546125461,4.15810113519092,2441.93320649052,138.326073275862,77.0801149425287,1400.50145545977,283.570031609195,315.708269672602
WK191610,Leidschendam-Voorburg,Bovenveen,2015,40.4018380116588,27450.2260112194,0.115287162162162,1.06796690307329,4.26369719782518,2517.54731147068,139.93256684492,78.1190547767017,1350.59619453679,312.725902587079,296.414097081768
WK191610,Leidschendam-Voorburg,Bovenveen,2016,40.3321299794946,28132.4509803922,0.10997191011236,1.05444646098004,4.27522550870568,2564.93015057188,144.161063151796,82.4060399768252,1433.87420915412,282.437327636154,275.158633270595
WK191610,Leidschendam-Voorburg,Bovenveen,2017,40.2942845409985,28607.1032552659,0.116010571706774,1.10645339216768,4.22431077694236,2586.45037795729,149.850926139642,87.2328346797458,1395.58516012695,294.017407674553,277.034523946913
WK191610,Leidschendam-Voorburg,Bovenveen,2018,40.3436132960632,29009.154462076,0.118817352859906,1.13318410744264,4.19762351469669,2465.69244161055,158.564996417825,96.0668462530447,1268.61271528872,283.465625447772,296.516644218369
WK191610,Leidschendam-Voorburg,Bovenveen,2019,40.2915472528117,30615.171990172,0.120867059953354,1.11032990805841,4.08505209440782,2561.69124821887,176.171068680536,108.290728127672,1299.7848076375,280.68022798518,352.364636648618
WK191610,Leidschendam-Voorburg,Bovenveen,2020,40.415495486749,31960.4246376812,0.119878603945372,1.15398024404416,3.98646549811404,2616.57442126322,178.095944555587,110.025277222063,1288.99649328379,283.029625607317,408.055607316376
WK191610,Leidschendam-Voorburg,Bovenveen,2021,40.4630933356382,33157.5789242911,0.108276722584223,1.1171875,3.99638744637616,2446.84971572147,193.621384063173,120.732312993539,1283.76171428571,257.529323761665,228.557257717157
WK191610,Leidschendam-Voorburg,Bovenveen,2022,40.0065061240647,36462.0749216728,0.169583118888317,1.18556701030928,3.99772633319554,2398.16329642476,204.55120864461,132.155624332978,1458.72606189968,270.712238527214,
WK191610,Leidschendam-Voorburg,Bovenveen,2023,40.0258943136278,40441.0542980329,0.10768053074764,1.0256,3.78692594124948,,,,,,
WK191610,Leidschendam-Voorburg,Bovenveen,2024,40.5527582807979,,0.109603340292276,0.598407726442182,,,,,,,
WK063708,Zoetermeer,Buitengebied en Industriegebied,2009,39.2331430297331,,0.172113289760349,0.852112676056338,3.44385026737968,1696.19239766082,110.490934911242,61.6661065088757,1100.38628402367,241.795822485207,82.9978245614035
WK063709,Zoetermeer,Buitengebied en Industriegebied,2009,39.2331430297331,,0.172113289760349,0.852112676056338,3.44385026737968,1696.19239766082,110.490934911242,61.6661065088757,1100.38628402367,241.795822485207,82.9978245614035
WK063708,Zoetermeer,Buitengebied en Industriegebied,2010,39.0618062844663,,0.191629955947137,1.06451612903226,3.63922942206655,1939.90963785047,116.394521841795,61.3363164108619,1123.05808736718,229.406729634002,261.213598130841
WK063709,Zoetermeer,Buitengebied en Industriegebied,2010,39.0618062844663,,0.191629955947137,1.06451612903226,3.63922942206655,1939.90963785047,116.394521841795,61.3363164108619,1123.05808736718,229.406729634002,261.213598130841
WK063708,Zoetermeer,Buitengebied en Industriegebied,2011,40.0715006504184,32650.9443037975,0.141705069124424,1.06530612244898,3.65036231884058,1907.54707729468,121.81695018226,61.8545808019441,1140.73018226002,213.731822600243,220.015712560386
WK063709,Zoetermeer,Buitengebied en Industriegebied,2011,40.0715006504184,32650.9443037975,0.141705069124424,1.06530612244898,3.65036231884058,1907.54707729468,121.81695018226,61.8545808019441,1140.73018226002,213.731822600243,220.015712560386
WK063708,Zoetermeer,Buitengebied en Industriegebied,2012,40.4965895668444,32371.9679487179,0.113849765258216,0.979508196721312,3.71804511278195,1694.99985594238,120.616856106409,66.1252357920194,1017.02794437727,178.756565900846,179.937346938776
WK063709,Zoetermeer,Buitengebied en Industriegebied,2012,40.4965895668444,32371.9679487179,0.113849765258216,0.979508196721312,3.71804511278195,1694.99985594238,120.616856106409,66.1252357920194,1017.02794437727,178.756565900846,179.937346938776
WK063708,Zoetermeer,Buitengebied en Industriegebied,2013,40.6384795897827,33310.0392405063,0.147331786542923,1.11297071129707,3.66368515205725,1981.10391509434,117.34778436019,61.0666706161137,1151.32065165877,187.46441943128,223.109351415094
WK063709,Zoetermeer,Buitengebied en Industriegebied,2013,40.6384795897827,33310.0392405063,0.147331786542923,1.11297071129707,3.66368515205725,1981.10391509434,117.34778436019,61.0666706161137,1151.32065165877,187.46441943128,223.109351415094
WK063708,Zoetermeer,Buitengebied en Industriegebied,2014,40.7868661598352,39299.3485424588,0.140350877192982,1.18103448275862,3.67657992565056,1949.25304921969,130.082430471584,70.7549576783555,1108.18948004837,189.30992744861,239.583637454982
WK063709,Zoetermeer,Buitengebied en Industriegebied,2014,40.7868661598352,39299.3485424588,0.140350877192982,1.18103448275862,3.67657992565056,1949.25304921969,130.082430471584,70.7549576783555,1108.18948004837,189.30992744861,239.583637454982
WK063708,Zoetermeer,Buitengebied en Industriegebied,2015,41.0933360308282,34174.6428571429,0.175811870100784,1.34707903780069,3.66410748560461,1753.66420138889,120.898278688525,62.6199765807963,1048.25162763466,185.417505854801,100.433009259259
WK063709,Zoetermeer,Buitengebied en Industriegebied,2015,41.0933360308282,34174.6428571429,0.175811870100784,1.34707903780069,3.66410748560461,1753.66420138889,120.898278688525,62.6199765807963,1048.25162763466,185.417505854801,100.433009259259
WK063708,Zoetermeer,Buitengebied en Industriegebied,2016,41.3628285360464,35732.8860294118,0.197826086956522,1.30973451327434,3.78805394990366,1748.16402901786,127.417368421053,69.7207437070938,977.421933638445,196.611670480549,160.993738839286
WK063709,Zoetermeer,Buitengebied en Industriegebied,2016,41.3628285360464,35732.8860294118,0.197826086956522,1.30973451327434,3.78805394990366,1748.16402901786,127.417368421053,69.7207437070938,977.421933638445,196.611670480549,160.993738839286
WK063708,Zoetermeer,Buitengebied en Industriegebied,2017,42.2966665344561,41305.1580345286,0.128335451080051,1.0,3.792,2004.69035064935,143.197987012987,79.2865194805194,1229.09305194805,219.702649350649,51.6755194805195
WK063709,Zoetermeer,Buitengebied en Industriegebied,2017,42.2966665344561,41305.1580345286,0.128335451080051,1.0,3.792,2004.69035064935,143.197987012987,79.2865194805194,1229.09305194805,219.702649350649,51.6755194805195
WK063708,Zoetermeer,Buitengebied en Industriegebied,2018,42.0181935765868,37361.4727030626,0.110246433203632,1.02843601895735,3.765625,1915.114,146.297673202614,80.5186143790849,1020.73951633987,276.545032679739,92.2583267973856
WK063709,Zoetermeer,Buitengebied en Industriegebied,2018,42.0181935765868,37361.4727030626,0.110246433203632,1.02843601895735,3.765625,1915.114,146.297673202614,80.5186143790849,1020.73951633987,276.545032679739,92.2583267973856
WK063708,Zoetermeer,Buitengebied en Industriegebied,2019,41.6214703988938,46304.1650485437,0.194117647058824,1.05536332179931,3.68828828828829,2203.6791943128,153.992642180095,86.080509478673,1371.01144549763,203.446172985782,59.8933767772512
WK063709,Zoetermeer,Buitengebied en Industriegebied,2019,41.6214703988938,46304.1650485437,0.194117647058824,1.05536332179931,3.68828828828829,2203.6791943128,153.992642180095,86.080509478673,1371.01144549763,203.446172985782,59.8933767772512
WK063708,Zoetermeer,Buitengebied en Industriegebied,2020,41.5731321465222,42280.3462002413,0.0968494749124854,0.81858407079646,3.51509433962264,2102.48119385343,149.229231678487,81.3936997635934,1140.32586288416,208.844314420804,228.773463356974
WK063709,Zoetermeer,Buitengebied en Industriegebied,2020,41.5731321465222,42280.3462002413,0.0968494749124854,0.81858407079646,3.51509433962264,2102.48119385343,149.229231678487,81.3936997635934,1140.32586288416,208.844314420804,228.773463356974
WK063708,Zoetermeer,Buitengebied en Industriegebied,2021,42.4360235638921,45163.8585247884,0.0984578884934757,0.818604651162791,3.54462659380692,2022.53706586826,178.008347305389,103.438610778443,1180.97743712575,208.459640718563,107.641952095808
WK063709,Zoetermeer,Buitengebied en Industriegebied,2021,42.4360235638921,45163.8585247884,0.0984578884934757,0.818604651162791,3.54462659380692,2022.53706586826,178.008347305389,103.438610778443,1180.97743712575,208.459640718563,107.641952095808
WK063708,Zoetermeer,Buitengebied en Industriegebied,2022,36.8550432384241,48646.362248996,0.360539845758355,1.07142857142857,3.29602888086643,1487.23064006024,178.279254518072,109.941076807229,843.671573795182,176.278719879518,
WK063709,Zoetermeer,Buitengebied en Industriegebied,2022,36.8550432384241,48646.362248996,0.360539845758355,1.07142857142857,3.29602888086643,1487.23064006024,178.279254518072,109.941076807229,843.671573795182,176.278719879518,
WK063708,Zoetermeer,Buitengebied en Industriegebied,2023,36.3066644934573,47552.9083275017,0.195269526952695,0.808483290488432,3.36174863387978,,,,,,
WK063709,Zoetermeer,Buitengebied en Industriegebied,2023,36.3066644934573,47552.9083275017,0.195269526952695,0.808483290488432,3.36174863387978,,,,,,
WK063708,Zoetermeer,Buitengebied en Industriegebied,2024,35.7399851163411,,0.19819391634981,0.58745247148289,,,,,,,
WK063709,Zoetermeer,Buitengebied en Industriegebied,2024,35.7399851163411,,0.19819391634981,0.58745247148289,,,,,,,
WK053405,Hillegom,Buitengebied Hillegom,2009,44.5243245437877,,0.0897988505747126,0.405529953917051,3.5188141391106,2238.27070124178,106.132724616508,60.5106647187728,1257.14329437546,207.336216216216,443.278013148283
WK053405,Hillegom,Buitengebied Hillegom,2010,44.4048732958965,,0.0892330383480826,0.555844155844156,3.49220489977728,1670.71191473448,110.524744744745,56.0853378378377,987.46295045045,198.823888888889,167.219775617053
WK053405,Hillegom,Buitengebied Hillegom,2011,44.740154822957,28923.9653875094,0.0874635568513119,0.569196428571429,3.55056179775281,1959.57995581738,125.456413843888,66.0726877761414,972.798387334314,226.073578792341,414.48823269514
WK053405,Hillegom,Buitengebied Hillegom,2012,45.3585022283114,28463.3778767632,0.107348703170029,0.663066954643629,3.59929906542056,1726.81297610427,126.515210144928,72.4613913043479,1034.44513768116,171.533543478261,179.124728457639
WK053405,Hillegom,Buitengebied Hillegom,2013,45.7230638685971,30347.7621580547,0.0816176470588235,0.575308641975309,3.68611435239207,1871.37459100958,126.329225663717,70.9725442477878,1144.95948377581,178.936946902655,148.132439204127
WK053405,Hillegom,Buitengebied Hillegom,2014,46.4805053143338,30771.8595041322,0.0879360465116279,0.594142259414226,3.61538461538462,1809.7093045388,127.358336996337,71.8713846153844,1068.42524542125,160.093787545788,225.948279648609
WK053405,Hillegom,Buitengebied Hillegom,2015,46.8746562103758,31162.4435240964,0.0684133915574964,0.612903225806452,3.57843137254902,1798.93638360176,127.191991215227,70.5053221083455,1002.92685212299,153.479626647145,144.000212298682
WK053405,Hillegom,Buitengebied Hillegom,2016,47.8115937513609,34151.7186796699,0.0836390315480558,0.697892271662763,3.7973137973138,2091.18133088235,134.913161764706,77.2181470588236,1215.46793382353,171.509985294118,203.916558823529
WK053405,Hillegom,Buitengebied Hillegom,2017,47.5942997175371,36964.8404255319,0.092511013215859,0.723255813953488,3.69084423305589,2503.07805329386,142.137239082161,83.4986380458919,1372.24701702443,172.630377498149,303.515595854922
WK053405,Hillegom,Buitengebied Hillegom,2018,47.8076576037872,35491.2851739788,0.106508875739645,0.715575620767494,3.66625310173697,1994.00495904691,139.130893521966,79.3033804914371,966.43444527178,159.479635145197,304.328935219657
WK053405,Hillegom,Buitengebied Hillegom,2019,46.8534178443024,39434.25975039,0.0778443113772455,0.755154639175258,3.67274939172749,1936.75910458992,145.220120391271,82.1434537246049,1168.94741158766,166.577953348382,100.291015801354
WK053405,Hillegom,Buitengebied Hillegom,2020,46.4857396811354,39186.6352490421,0.0597552195824334,0.617224880382775,3.62996158770807,2039.50535455861,145.071403762663,84.9808538350218,1288.82274963821,153.792713458756,143.632134587554
WK053405,Hillegom,Buitengebied Hillegom,2021,46.5669107223552,45874.720653789,0.0977337110481586,0.834625322997416,3.60470879801735,1849.61792882563,154.300960854093,87.5669964412811,1097.11800711744,179.583516014235,130.269950177936
WK053405,Hillegom,Buitengebied Hillegom,2022,46.0885291970742,46796.9428571429,0.0956284153005464,0.703883495145631,3.63547995139733,1802.51323011964,154.175109078114,88.7218930330752,1147.64708655876,206.247241379311,
WK053405,Hillegom,Buitengebied Hillegom,2023,46.064794317761,56097.7251962884,0.119732441471572,0.865979381443299,3.58220720720721,,,,,,
WK053405,Hillegom,Buitengebied Hillegom,2024,46.7236407720017,,0.100948509485095,0.569105691056911,,,,,,,
WK055304,Lisse,Buitengebied Lisse,2009,38.8010050801461,,0.0545350172215844,0.403061224489796,3.33916083916084,1495.69847230321,114.967333722287,64.2075670945156,837.522864644107,222.211971995332,98.917970845481
WK055304,Lisse,Buitengebied Lisse,2010,39.0867095636817,,0.119047619047619,0.847191011235955,3.42403433476395,1682.33210224009,120.845806451613,61.9629377880184,946.651572580645,218.738819124424,157.45985066054
WK055304,Lisse,Buitengebied Lisse,2011,39.8140378042164,30524.859246172,0.066320645905421,0.663768115942029,3.51794871794872,1756.98210465116,137.460366492147,73.7959860383947,983.813949970913,229.390552646888,173.164348837209
WK055304,Lisse,Buitengebied Lisse,2012,40.3256818745302,32432.3630987581,0.0526011560693642,0.638686131386861,3.51441048034935,1830.39444444445,134.746071012806,75.8691036088474,1063.20412107101,199.720750873108,205.46722513089
WK055304,Lisse,Buitengebied Lisse,2013,41.0108999845658,30860.3181008902,0.0670945157526254,0.703488372093023,3.47079646017699,2110.65487962419,139.675734430083,79.6231844888367,1241.53468860165,184.832861339601,291.721779213153
WK055304,Lisse,Buitengebied Lisse,2014,40.0311713171287,33438.5601078167,0.137029288702929,0.937853107344633,3.36855241264559,1784.61193056286,144.70532351394,82.8824671225671,1046.33190426092,186.865554971068,169.62712256707
WK055304,Lisse,Buitengebied Lisse,2015,40.5041513177195,30734.5433070866,0.093167701863354,0.809756097560976,3.54885993485342,1931.50306770833,148.979244791666,85.7995416666667,1112.467078125,238.080630208333,133.454661458333
WK055304,Lisse,Buitengebied Lisse,2016,41.1302559322137,32202.947257384,0.0627919045147898,0.828651685393258,3.5478680611424,2259.19809895833,152.631895833334,89.415984375,1323.6685,289.34746875,158.287322916667
WK055304,Lisse,Buitengebied Lisse,2017,41.6266872880095,35313.3474352195,0.0779220779220779,0.842105263157895,3.6912,2114.24834288692,156.331646690985,91.7277123501825,1081.70586763939,291.659155810318,209.627623762376
WK055304,Lisse,Buitengebied Lisse,2018,41.8966709205767,36431.9967741935,0.0746975276170437,0.826603325415677,3.64314679643147,2357.19394485684,167.915662778367,101.686850477201,1311.69018557794,264.756161187699,141.705683987275
WK055304,Lisse,Buitengebied Lisse,2019,42.1064179053072,46297.5286728564,0.0744509908944831,0.848866498740554,3.73053892215569,2478.67770721205,174.001948331539,104.750995694295,1359.93398277718,253.462529601722,261.026431646932
WK055304,Lisse,Buitengebied Lisse,2020,42.6337327226331,37489.9838888889,0.0599781897491821,0.764864864864865,3.59635416666667,2300.26181369863,182.196284931507,114.766909589041,1162.71113972603,268.178887671233,212.593128767123
WK055304,Lisse,Buitengebied Lisse,2021,42.4491067115929,40619.5817281233,0.0825346112886049,0.836829836829837,3.48867595818815,2203.66571122995,189.458818181819,115.563395721925,1185.46002673797,244.044850267379,114.971401069519
WK055304,Lisse,Buitengebied Lisse,2022,42.5747699014497,40951.9412410763,0.0699893955461294,0.91183879093199,3.55042016806723,2449.87419164882,196.362125267666,121.486943254818,1553.30812098501,215.88375267666,
WK055304,Lisse,Buitengebied Lisse,2023,42.9949703588402,44363.2396514161,0.0691292875989446,0.836734693877551,3.61474036850921,,,,,,
WK055304,Lisse,Buitengebied Lisse,2024,43.6345138029505,,0.0914893617021277,0.548404255319149,,,,,,,
WK063702,Zoetermeer,Buytenwegh de Leyens,2009,40.9922169501803,,0.100331305938783,0.611656441717791,3.95254376367615,2157.33208751002,129.361978639122,77.7398977084685,1115.27038459609,362.764451185879,272.537258420209
WK063702,Zoetermeer,Buytenwegh de Leyens,2010,41.3333609712925,,0.100844091360477,0.761583996734027,4.0740079637512,2156.44223864836,130.873393155894,70.8145044359946,1122.64421698352,366.945882889733,256.21333182481
WK063702,Zoetermeer,Buytenwegh de Leyens,2011,41.5707615906646,27544.0599325567,0.0894836712274044,0.788003464703335,4.14382943259949,2264.58402380592,139.714508953341,75.2846885245902,1218.13671172762,355.372645145019,243.106284359712
WK063702,Zoetermeer,Buytenwegh de Leyens,2012,41.7126700064658,27304.2469116818,0.0856126640617173,0.867142220240749,4.06825174825175,2309.51222345635,131.780143470572,72.637762061126,1336.69038444052,297.343930285424,234.945048720149
WK063702,Zoetermeer,Buytenwegh de Leyens,2013,41.9029348359448,27647.7565577543,0.0957260684828793,0.89646017699115,4.07313422196878,2423.74037711117,133.828879697352,73.4018249684741,1378.24532307693,272.985947540982,287.758776909504
WK063702,Zoetermeer,Buytenwegh de Leyens,2014,42.0704525437314,28271.507147233,0.0888666999500749,0.885964912280702,4.14692144373673,2469.36251056338,145.581290939276,82.7252437490564,1420.78603914071,290.421846858178,245.971591046277
WK063702,Zoetermeer,Buytenwegh de Leyens,2015,42.2311912858701,28452.2366809553,0.0980802792321117,0.95956119595612,4.21376529673905,2484.06953311894,149.4174767436,85.5757183084426,1349.24706592246,311.677259516268,204.823566187556
WK063702,Zoetermeer,Buytenwegh de Leyens,2016,42.3584826623127,29351.7927914265,0.101912716848713,1.00320102432778,4.27898044692737,2520.89420180198,152.871169471274,89.0463367519669,1364.02525789106,312.960624813304,225.297896858978
WK063702,Zoetermeer,Buytenwegh de Leyens,2017,42.4894742507568,29945.9633893854,0.0973525634693273,1.0023595023595,4.31038128127423,2612.68787159979,150.973742602815,85.9695037048081,1429.88072305932,307.976297180368,208.808311203938
WK063702,Zoetermeer,Buytenwegh de Leyens,2018,42.6573522089772,30150.8786958283,0.0847222222222222,0.94242774566474,4.38869207878702,2769.56823458887,162.001100009991,95.5004760715354,1465.46295733839,303.533815066439,277.683453891497
WK063702,Zoetermeer,Buytenwegh de Leyens,2019,42.7011230953692,31512.0613205161,0.089167244281612,0.937371428571429,4.3207896799943,2869.28870962919,172.991811702552,101.862937599681,1530.99699960127,320.059486144339,265.39021680622
WK063702,Zoetermeer,Buytenwegh de Leyens,2020,42.871157442133,32728.707378877,0.0855083271190654,0.948620361560419,4.22500741619697,2701.12028705744,174.098460192039,103.057067413483,1389.76483946789,322.179036807361,257.335175035007
WK063702,Zoetermeer,Buytenwegh de Leyens,2021,42.9024005656808,33448.773085328,0.0865456354140761,0.933110367892977,4.26653911251748,2802.89966885426,195.687439507041,117.762009418367,1503.73964480738,323.47472471319,176.838557186514
WK063702,Zoetermeer,Buytenwegh de Leyens,2022,42.7964689625456,35126.2377206253,0.0766016028319976,0.92720677146312,4.31267039747453,2778.68775560848,206.556869168157,128.841167857851,1638.54338346238,341.604532459798,
WK063702,Zoetermeer,Buytenwegh de Leyens,2023,42.7944204492185,37851.9863041391,0.0811646862417755,0.903620122237894,4.17259939715803,,,,,,
WK063702,Zoetermeer,Buytenwegh de Leyens,2024,43.1061113612237,,0.078530367408148,0.543214196450887,,,,,,,
WK051828,'s-Gravenhage,Centrum 's-Gravenhage,2009,37.3758557434065,,0.213502659285792,0.834034468720315,4.01550985432733,2057.16140014299,112.35772464373,64.4400250432301,1065.65659769841,341.93751177628,353.057581625357
WK051828,'s-Gravenhage,Centrum 's-Gravenhage,2010,37.4774933405644,,0.191365418118467,1.03234265734266,4.13047173820654,2109.57823746138,115.092470721796,59.3817608747615,1046.04923577916,362.304084010516,381.642210007131
WK051828,'s-Gravenhage,Centrum 's-Gravenhage,2011,37.5562780135162,24711.3614537181,0.193397242567859,1.09379834059907,4.15645133205642,2223.63099269218,121.378406458406,61.0444922194922,1163.63159412659,369.733288288287,359.471885998246
WK051828,'s-Gravenhage,Centrum 's-Gravenhage,2012,37.6725615638215,25314.4722172804,0.182059166578306,1.0908315565032,4.05224776938916,2158.07214484363,115.118940928751,60.5809196448895,1211.61623605736,328.429723992717,302.750817867075
WK051828,'s-Gravenhage,Centrum 's-Gravenhage,2013,37.7849119123327,25169.9533532829,0.196368421052632,1.1725953329539,4.02128207328585,2205.89499494949,126.23168336335,68.3915859972984,1189.91821533093,322.753191130121,343.762661616162
WK051828,'s-Gravenhage,Centrum 's-Gravenhage,2014,37.9571860330995,26368.4757776346,0.185276783834982,1.20521998508576,4.05214298108624,2225.16985447803,135.581773041669,75.8125918011583,1169.59443850868,314.484060619693,355.930868075065
WK051828,'s-Gravenhage,Centrum 's-Gravenhage,2015,37.9076686471545,29377.9268751068,0.199857244825125,1.21482602118003,4.0435705792424,2277.1397557904,134.50807234859,74.383051246917,1118.42978569471,341.650196766238,344.664611509609
WK051828,'s-Gravenhage,Centrum 's-Gravenhage,2016,37.9781887979151,27580.8337965536,0.200289118189522,1.25800735995639,4.05498795581028,2298.88614892598,138.991267064846,78.8720456484642,1160.94646331058,337.779649637374,313.864325462395
WK051828,'s-Gravenhage,Centrum 's-Gravenhage,2017,38.1002888864602,29102.8163835616,0.187992604845772,1.22565000673582,4.09717972045323,2346.11498403725,143.035318469672,83.4981635002871,1144.46044852672,308.359270947821,320.41391636573
WK051828,'s-Gravenhage,Centrum 's-Gravenhage,2018,38.288316220435,28552.7240894085,0.170393215111796,1.21341463414634,4.07855301321302,2396.97031303535,158.037524788455,105.789114364325,1167.00881326897,303.90362196958,369.99059751856
WK051828,'s-Gravenhage,Centrum 's-Gravenhage,2019,38.3551798317933,30351.3201325424,0.155061939342161,1.14353041988003,4.01549761885544,2420.09441600245,167.153359901899,114.708411506234,1199.43353055385,320.986259452278,328.292080012263
WK051828,'s-Gravenhage,Centrum 's-Gravenhage,2020,38.4093289999345,31012.1169111076,0.18096540020741,1.24527275200653,3.94329207092673,2376.4588171553,170.302640640035,118.105148108765,1151.41420527622,317.128451567168,353.695663577903
WK051828,'s-Gravenhage,Centrum 's-Gravenhage,2021,38.3373427820969,32292.2250895685,0.179043743641913,1.22869830696642,3.95552616351161,2410.11113882378,184.747495884665,128.038267072376,1245.06242130992,297.102656257793,262.685364393675
WK051828,'s-Gravenhage,Centrum 's-Gravenhage,2022,38.0900883076184,34583.4514793497,0.178237060590002,1.2054776569257,3.94164012738853,2163.6772038554,191.081221204818,134.82890939759,1289.43490987952,304.728484819277,
WK051828,'s-Gravenhage,Centrum 's-Gravenhage,2023,38.1250860193844,36924.2274378867,0.16859344894027,1.21545636242505,3.74249165739711,,,,,,
WK051828,'s-Gravenhage,Centrum 's-Gravenhage,2024,38.7687555380928,,0.154420752410702,0.75153929735603,,,,,,,
WK055302,Lisse,Centrum Lisse,2009,46.0524313708564,,0.102809706257982,0.632175761871013,4.31469469917244,2142.7205064935,142.600512987014,90.535569805195,1177.90026298701,379.3554512987,130.372704545455
WK055302,Lisse,Centrum Lisse,2010,45.767067102509,,0.106774898532626,0.842178770949721,4.37472719336534,2270.93681306484,146.523120420516,82.4314017202934,1233.23751831793,382.750367951578,195.022284762962
WK055302,Lisse,Centrum Lisse,2011,45.8230910069144,30647.8712760873,0.08923269260822,0.771929824561403,4.53461199294533,2350.1300237831,157.935692088157,89.0788203583319,1317.95162676391,361.988568257491,180.883987632789
WK055302,Lisse,Centrum Lisse,2012,45.7165812125345,31912.164879142,0.0785389559492083,0.771634615384615,4.46016891120749,2118.66444515002,154.670998888359,91.1992424964271,1207.85203271399,299.830412895029,142.556648674393
WK055302,Lisse,Centrum Lisse,2013,45.6642668995581,31446.384039503,0.0942164179104478,0.850446428571429,4.42411737734984,2346.31228166798,151.96310187372,87.6091481656429,1261.20455361361,276.638908833255,221.53556884343
WK055302,Lisse,Centrum Lisse,2014,45.8549139526131,33873.8620524297,0.0818466353677621,0.866932270916335,4.46099457930709,2340.04788114105,168.638416798733,101.688244057052,1367.24892868463,275.737675118859,156.303152139461
WK055302,Lisse,Centrum Lisse,2015,45.9381671003234,33705.3712698413,0.0979453112930635,0.926367461430575,4.41924882629108,2770.68153292665,169.137176838812,101.706064162754,1414.40261658842,297.72496713615,150.472258720475
WK055302,Lisse,Centrum Lisse,2016,46.194000761378,33662.8769470405,0.111735236071049,0.947647448641484,4.5127197039778,2675.31498312367,174.366285670451,107.140635164161,1366.43705431114,295.740912856704,125.511604786744
WK055302,Lisse,Centrum Lisse,2017,46.3990752244282,35648.0126231527,0.0987189148455162,0.96301465457083,4.53084196307969,2806.34119475768,173.835309356903,105.169667784213,1421.98882352941,295.268657421518,138.502537336178
WK055302,Lisse,Centrum Lisse,2018,46.7824759592674,35323.8489284636,0.105541672791416,1.01325381047051,4.56825604180274,3040.88236935866,192.440567102137,120.210429038005,1531.99567992875,317.937553444181,200.722523752969
WK055302,Lisse,Centrum Lisse,2019,46.8318347012365,39265.987613789,0.099608525445846,1.03048780487805,4.42792403970652,2882.67763577808,193.71664178012,118.73835016835,1448.20442102181,299.771077441078,201.764268774704
WK055302,Lisse,Centrum Lisse,2020,46.9242635586911,37740.5013923494,0.0948152391864795,0.984574111334675,4.36929552503323,2648.59502528536,195.755029619999,123.644818667823,1258.80526369022,298.55056639214,189.122264123681
WK055302,Lisse,Centrum Lisse,2021,46.8358542079612,40030.6536697248,0.104362463178566,0.993059936908517,4.36216216216216,2818.3919495965,218.181162395583,137.762534333853,1417.40545660484,296.021554580207,149.143133229506
WK055302,Lisse,Centrum Lisse,2022,47.044023054877,42334.2280033841,0.0877820583379196,0.944871794871795,4.35807860262009,2965.92987859336,225.308036561541,143.321505721462,1668.22805330729,317.19843008652,
WK055302,Lisse,Centrum Lisse,2023,47.180090669663,45858.7155807365,0.0852937130279268,0.902875399361022,4.24060618642308,,,,,,
WK055302,Lisse,Centrum Lisse,2024,47.3717479685996,,0.0948577833823736,0.519966372425389,,,,,,,
WK063700,Zoetermeer,Centrum Zoetermeer,2009,41.8531281401511,,0.130079322594773,0.738007380073801,4.20248868778281,2252.31338919557,135.941539144152,84.2953007296389,1194.84051271939,372.656204397557,289.521953371451
WK063700,Zoetermeer,Centrum Zoetermeer,2010,41.7113683777196,,0.133872676490417,0.946445060018467,4.23195034302516,2213.87690346171,137.663547201255,75.639252034114,1219.41719782375,362.799331928242,222.283794734276
WK063700,Zoetermeer,Centrum Zoetermeer,2011,41.6823626129273,24118.8625939203,0.123409729832754,0.951042442293373,4.35229129894751,2412.46817281337,145.531821679331,79.4813330768494,1320.92755265942,357.166473021064,289.156344665096
WK063700,Zoetermeer,Centrum Zoetermeer,2012,41.9600150284773,24162.4315098683,0.121763137852247,1.03446962483337,4.29434684982169,2355.07349073807,139.086030336486,78.0441851869618,1365.84331589305,298.197978207651,264.735735195317
WK063700,Zoetermeer,Centrum Zoetermeer,2013,41.9508221514198,24085.6126678906,0.120575687965871,1.03504289103851,4.27318797092752,2448.81204273625,137.186966802231,75.4353821053625,1416.45918613449,270.969428733565,276.730716683213
WK063700,Zoetermeer,Centrum Zoetermeer,2014,42.2016207667752,25235.8373932453,0.114140892664383,1.03499713138267,4.33048299819627,2389.74359937548,146.95125804315,83.0184287471613,1354.59572908782,270.550659065101,244.390109287032
WK063700,Zoetermeer,Centrum Zoetermeer,2015,42.3706773518294,25390.4177361211,0.1310835308883,1.12543236846896,4.42148050231329,2482.82130202725,150.517727443082,85.9838419375998,1365.53561838283,279.152994472031,227.753967414205
WK063700,Zoetermeer,Centrum Zoetermeer,2016,42.5898939951399,26334.029987465,0.134728306459129,1.14316900127342,4.54505189396443,2744.80728106047,154.379349543787,89.7292865205525,1523.29483679804,294.604731445772,239.711069900813
WK063700,Zoetermeer,Centrum Zoetermeer,2017,42.7933820729364,27184.1234342756,0.121343394820198,1.12738352663652,4.59573622881356,2798.54704871058,154.431843675137,88.4233378740196,1520.73452581145,311.125700126826,204.219769834187
WK063700,Zoetermeer,Centrum Zoetermeer,2018,43.0559231472688,27388.1321118611,0.115925770111719,1.11288102261554,4.64555621732513,2955.98301480994,165.956264975003,97.5717833223289,1555.74356664465,329.293681728139,258.305297141779
WK063700,Zoetermeer,Centrum Zoetermeer,2019,43.3826291269773,29271.8082038835,0.126774466484911,1.15664773839828,4.49204644607021,3017.92533655671,179.527745544179,104.86832337884,1559.68536642018,333.059075180129,270.590002844141
WK063700,Zoetermeer,Centrum Zoetermeer,2020,43.6078119153642,30435.6736882791,0.112791134485349,1.13769327204346,4.39282990083905,2902.77406469027,177.299466755068,102.981950179958,1484.96857169919,322.330475942412,283.772007956052
WK063700,Zoetermeer,Centrum Zoetermeer,2021,43.3170840260507,31655.1854541979,0.118181396857765,1.14564290067032,4.41412498305544,2976.23708843603,199.677114611574,118.953211648126,1620.85522482939,332.314178741704,170.530918481818
WK063700,Zoetermeer,Centrum Zoetermeer,2022,43.0879274501789,33259.0643778868,0.10055660333962,1.04371584699454,4.43872879073525,2786.22111173157,207.473512960119,126.949093024338,1609.04392386803,335.606549862721,
WK063700,Zoetermeer,Centrum Zoetermeer,2023,42.958995312004,36098.4294277419,0.112044059227158,1.11393140864174,4.27492688114863,,,,,,
WK063700,Zoetermeer,Centrum Zoetermeer,2024,43.2352083466914,,0.0850574712643678,0.577221941238678,,,,,,,
WK191607,Leidschendam-Voorburg,Damsigt en omgeving,2009,40.6836122851431,,0.130315698428716,0.704430379746835,3.80073499387505,1935.81314049587,111.511223435655,60.5539492325855,1066.99875,297.236968713106,264.088633412043
WK191607,Leidschendam-Voorburg,Damsigt en omgeving,2010,41.0285221957258,,0.0936643094241593,0.762411347517731,3.95824888528577,2107.13031503018,110.829899229401,50.1685521636041,1275.44922347362,303.777375518672,191.624774032092
WK191607,Leidschendam-Voorburg,Damsigt en omgeving,2011,41.2235383635314,36008.575311943,0.0884853725320651,0.755043227665706,4.01556662515567,2038.50112725672,119.095978276824,54.3795743431674,1188.9353295171,292.017904007046,205.847909878174
WK191607,Leidschendam-Voorburg,Damsigt en omgeving,2012,41.450271082705,36184.2178377585,0.084060042887777,0.829446064139942,3.91340839303992,2057.581911893,116.680506108202,56.3768004653868,1310.88436591041,250.187883944153,152.057840942134
WK191607,Leidschendam-Voorburg,Damsigt en omgeving,2013,41.6417284651977,36746.7106872452,0.0771954674220963,0.825830258302583,3.85978618421053,2069.19865589847,118.543254941567,57.2229548405713,1294.46329822537,221.789822536431,169.180830689357
WK191607,Leidschendam-Voorburg,Damsigt en omgeving,2014,41.6844827662471,39046.1711307369,0.0809476801579467,0.844460227272727,3.8567533557047,2079.35677502877,125.916854676258,62.3409410071944,1302.61437697842,220.787565467627,141.956096087457
WK191607,Leidschendam-Voorburg,Damsigt en omgeving,2015,41.9453109880809,39001.5092272203,0.0797589010372862,0.8984375,3.9144585854371,2243.52412126412,130.435210985552,65.9137734229724,1277.0417937348,221.68314261193,134.420752180752
WK191607,Leidschendam-Voorburg,Damsigt en omgeving,2016,42.3234757383888,40444.4411425274,0.0753202872025905,0.894777864380359,3.98138464756327,2275.32095805803,140.269455616202,75.6348075265729,1300.67806952025,251.296434932491,125.553106865843
WK191607,Leidschendam-Voorburg,Damsigt en omgeving,2017,42.6776975142148,41949.1451566542,0.0763830384723392,0.945216049382716,3.96565990897807,2240.36733610078,143.756006298312,77.7326796450043,1254.44543372459,258.049038076152,121.138681649012
WK191607,Leidschendam-Voorburg,Damsigt en omgeving,2018,42.9780156600951,42087.012840412,0.0882718607542478,0.977989728539985,4.10169838346634,2372.85011801068,155.615577409384,88.1216114076984,1329.84244450689,259.390553526271,187.816187131217
WK191607,Leidschendam-Voorburg,Damsigt en omgeving,2019,43.8980074047378,45592.9543302701,0.0898048314453392,0.961538461538462,4.04167501502705,2650.34026195427,172.100656964658,102.040654192654,1483.5245017325,266.880036036037,208.577045045045
WK191607,Leidschendam-Voorburg,Damsigt en omgeving,2020,44.3952959210856,45760.1824163517,0.0820977484898407,0.943977591036415,3.98504362276693,2411.13561393728,171.280308013938,100.889397909407,1334.98990801394,274.518960278746,139.626009756098
WK191607,Leidschendam-Voorburg,Damsigt en omgeving,2021,44.7051031405186,48464.3930782217,0.0774015203870076,0.938807126258714,3.99498642155839,2408.82750878179,187.215943515527,111.065526204862,1382.43105943515,265.18942812983,98.5873710833216
WK191607,Leidschendam-Voorburg,Damsigt en omgeving,2022,44.8332632749578,50597.2583474816,0.0788163716814159,0.905415162454874,4.01635991820041,2563.47361486486,195.892791385135,119.123240427928,1561.64847691441,282.652356418919,
WK191607,Leidschendam-Voorburg,Damsigt en omgeving,2023,45.3679565460443,54563.2348983682,0.0775910364145658,0.872434017595308,3.98040850354314,,,,,,
WK191607,Leidschendam-Voorburg,Damsigt en omgeving,2024,45.8227004835773,,0.0845678124550554,0.476197324895728,,,,,,,
WK191606,Leidschendam-Voorburg,De Heuvel / Amstelwijk,2009,41.9440051914686,,0.138588684043229,0.785982478097622,4.41603375527426,2587.1789848044,129.002689320388,77.9488317152104,1315.38902265372,358.86837540453,550.868225024249
WK191606,Leidschendam-Voorburg,De Heuvel / Amstelwijk,2010,41.5383284338908,,0.138040712468193,0.972651605231867,4.57069628363947,2430.47615558425,122.651922827497,61.5027204928663,1406.5595460441,364.583874837873,275.92006132989
WK191606,Leidschendam-Voorburg,De Heuvel / Amstelwijk,2011,41.2753934097513,21546.934804083,0.11440407903123,1.00787401574803,4.58532349109857,2437.96625725339,133.111821992905,67.8588874556596,1379.44191228636,347.901396323767,310.267595099935
WK191606,Leidschendam-Voorburg,De Heuvel / Amstelwijk,2012,41.4133047511676,21439.6292650919,0.119085423944109,0.986503067484663,4.55765015344147,2580.54076010263,131.987587423805,71.8246519088868,1588.65151106833,313.910750721848,286.237135984605
WK191606,Leidschendam-Voorburg,De Heuvel / Amstelwijk,2013,41.3640940992848,21739.6401036605,0.122768556216724,1.17920656634747,4.45274914089347,2492.23550252845,132.829734429339,71.661479607967,1550.49505848878,286.326095478975,227.948132111252
WK191606,Leidschendam-Voorburg,De Heuvel / Amstelwijk,2014,41.2953129279438,22534.8638407193,0.114347691354199,1.05821474773609,4.54285714285714,2547.61586833855,145.831059561128,82.7511692789968,1491.34859874608,271.511407523511,293.152445141066
WK191606,Leidschendam-Voorburg,De Heuvel / Amstelwijk,2015,41.338319703206,22781.8182985554,0.120848708487085,1.2369109947644,4.3830523130134,2226.91894425413,146.136738317757,82.62538317757,1230.03762305296,261.157781931465,177.315798816568
WK191606,Leidschendam-Voorburg,De Heuvel / Amstelwijk,2016,41.3830526167057,23747.2043292883,0.102771722204921,1.02688172043011,4.43635551585529,2451.8680252366,148.626012618297,85.5435615141959,1312.26570977918,264.725864353313,322.051905362776
WK191606,Leidschendam-Voorburg,De Heuvel / Amstelwijk,2017,41.558732932057,23956.1198347107,0.13361936867913,1.17406962785114,4.46026921406861,2637.66027227722,155.747902227723,91.3318193069309,1348.18485767327,279.174173886139,316.674186262376
WK191606,Leidschendam-Voorburg,De Heuvel / Amstelwijk,2018,41.5869274685446,24329.4880722115,0.0958605664488017,1.06781914893617,4.51497797356828,2638.58328282828,168.809472853536,102.551944444444,1354.46764520202,278.982095959596,299.056710858586
WK191606,Leidschendam-Voorburg,De Heuvel / Amstelwijk,2019,41.6950941789539,25418.3276085548,0.10527950310559,1.01041666666667,4.45076096687556,2722.74813287154,188.230050377834,115.37830604534,1409.03776448363,284.486174433249,341.015903652393
WK191606,Leidschendam-Voorburg,De Heuvel / Amstelwijk,2020,41.9659806556195,26880.0724261124,0.115060804490178,1.08155583437892,4.37304964539007,2786.53456618112,189.135649145029,116.348910702977,1463.77885687144,288.055873970868,348.495642811906
WK191606,Leidschendam-Voorburg,De Heuvel / Amstelwijk,2021,41.7638221937109,28348.8691133485,0.114089775561097,1.05874840357599,4.31707317073171,2849.34483717989,207.827407524502,128.962415428391,1590.76395826747,296.920142269997,164.239133733797
WK191606,Leidschendam-Voorburg,De Heuvel / Amstelwijk,2022,41.0476835483427,29862.0502544529,0.123689727463312,1.0046403712297,4.25490196078431,2641.70362407862,211.785156633907,133.391501842752,1617.42296683047,269.762963759214,
WK191606,Leidschendam-Voorburg,De Heuvel / Amstelwijk,2023,41.4332359528968,31834.9801726895,0.09987929993965,1.06756756756757,4.16164891153312,,,,,,
WK191606,Leidschendam-Voorburg,De Heuvel / Amstelwijk,2024,41.8954942527941,,0.101538461538462,0.588,,,,,,,
WK057903,Oegstgeest,De Kwaak,2009,33.9811998866467,,0.0617857142857143,0.454849498327759,3.09502003434459,1328.13358775811,108.999572271386,60.6718436578171,685.851563421829,204.506113569322,149.222544247788
WK057903,Oegstgeest,De Kwaak,2010,34.5381307506655,,0.0618741058655222,0.564189189189189,3.13882352941176,1297.19048393055,111.267781076067,56.7794990723561,672.290289424861,241.299410018553,81.164226080532
WK057903,Oegstgeest,De Kwaak,2011,34.863366550765,41337.1274409044,0.124833110814419,0.852348993288591,3.12297734627832,1331.17906100069,126.073231665525,66.0430226182316,676.40389993146,216.014883481837,156.860137080192
WK057903,Oegstgeest,De Kwaak,2012,34.8824578541321,40252.9164473684,0.113261421319797,0.88295165394402,3.04004214963119,1373.88242630385,126.943674659754,71.7107582631239,756.457615035645,197.660544394038,121.993884029802
WK057903,Oegstgeest,De Kwaak,2013,35.5121258843541,40190.5321100917,0.0615482233502538,0.77724358974359,3.15188470066519,1639.23458468527,130.085086066905,73.7800324780776,938.050925625202,186.259311464761,215.90122972096
WK057903,Oegstgeest,De Kwaak,2014,36.0609325704946,44458.6363636364,0.0863964813069431,0.902816901408451,3.06539074960128,1648.81258962868,140.854353393086,82.5095070422535,814.982816901408,178.795669014084,313.855284891165
WK057903,Oegstgeest,De Kwaak,2015,36.8212513711484,43354.7147979139,0.0807316304005046,0.899270072992701,3.09368308351178,1521.69436456996,139.099756097561,79.9482413350448,843.260301668804,154.596100770218,195.379168806162
WK057903,Oegstgeest,De Kwaak,2016,37.2701685372879,44771.2307940607,0.0989943431803897,0.918918918918919,3.13404255319149,1633.68357989113,147.423920563741,87.8850992953236,924.635128122997,169.750948110186,187.515328210054
WK057903,Oegstgeest,De Kwaak,2017,37.739496704083,47932.5035714286,0.0940953583833281,0.968571428571429,3.19705240174673,1678.34259187621,148.995145067698,88.1104416505483,958.246405544809,187.537746615087,145.786038039974
WK057903,Oegstgeest,De Kwaak,2018,38.4158405696185,46906.4222294232,0.100406631216766,0.88433734939759,3.21091679915209,1876.64173537871,159.601748162352,97.0403195909232,1085.2372323426,246.594803451582,160.639392777245
WK057903,Oegstgeest,De Kwaak,2019,39.1789118645506,55346.494654088,0.101285189718482,0.891534391534392,3.28018818609514,1958.29506900879,162.782405897115,96.8090683814306,1117.91723651192,252.999883939774,169.299554579674
WK057903,Oegstgeest,De Kwaak,2020,39.5739061649759,51685.1898734177,0.0909090909090909,0.898684210526316,3.12249443207127,1828.23487147336,157.540871473354,93.9484639498433,1026.44043573668,214.269043887147,196.951680250784
WK057903,Oegstgeest,De Kwaak,2021,40.0307175600756,56084.8860006264,0.098135126872516,0.998540145985401,3.25755939524838,1878.0425892298,179.756039448967,107.837758296806,1087.90249843456,216.54672197871,107.353722604884
WK057903,Oegstgeest,De Kwaak,2022,40.450631010895,57415.608943863,0.066011667178385,0.8379705400982,3.31623479640402,1906.52112805847,186.610737210041,114.597778836988,1146.88030823006,258.880476644424,
WK057903,Oegstgeest,De Kwaak,2023,41.4424294725915,62038.8907751441,0.0623628956439987,0.801550387596899,3.22367049009385,,,,,,
WK057903,Oegstgeest,De Kwaak,2024,42.2839854278286,,0.0916613621896881,0.5,,,,,,,
WK191601,Leidschendam-Voorburg,De Zijde / Duivenvoorde / Park Veursehou,2009,48.5356607823571,,0.0944370101319059,0.602649006622517,4.46270644645711,2531.61717695798,123.240745709213,71.2570428092325,1370.35152101006,416.441102781614,367.309631090945
WK191601,Leidschendam-Voorburg,De Zijde / Duivenvoorde / Park Veursehou,2010,49.1152349236881,,0.103800887516882,0.841506129597198,4.60626519038617,2610.19528882671,123.754425045153,59.4238069436085,1394.87239815372,434.951747943007,400.896618029183
WK191601,Leidschendam-Voorburg,De Zijde / Duivenvoorde / Park Veursehou,2011,49.478702107976,33673.3607020375,0.0947533281127643,0.734375,4.6958904109589,2708.2882252216,135.417471796938,66.5423468976632,1467.56756244964,446.47900886382,365.662387187752
WK191601,Leidschendam-Voorburg,De Zijde / Duivenvoorde / Park Veursehou,2012,49.7545739078522,34532.9125228334,0.100255051991367,0.827485380116959,4.62833061446438,2778.51824356913,130.459192734612,65.8402563067611,1772.70727749748,405.664207870837,211.677797427653
WK191601,Leidschendam-Voorburg,De Zijde / Duivenvoorde / Park Veursehou,2013,49.3980397426454,34273.1394406161,0.0981761738455569,0.969896519285042,4.55873535023167,3047.82837130969,135.199427890346,69.7757171235597,1724.08570520461,354.378853794199,469.390322964137
WK191601,Leidschendam-Voorburg,De Zijde / Duivenvoorde / Park Veursehou,2014,49.3651038709771,35757.8499187652,0.117499517653868,1.01851851851852,4.5981435981436,2891.68220369268,144.661872264225,77.2246995622759,1696.61108436132,346.28751293275,344.983365098273
WK191601,Leidschendam-Voorburg,De Zijde / Duivenvoorde / Park Veursehou,2015,49.1267378051558,35194.480620155,0.121613942034476,0.975806451612903,4.63104189044039,3039.73823219512,146.012923828125,77.5947343749999,1645.48499804687,361.50778515625,281.405861463415
WK191601,Leidschendam-Voorburg,De Zijde / Duivenvoorde / Park Veursehou,2016,49.168818693272,36190.969583251,0.128627597828122,1.05496183206107,4.61053746359545,3149.30327286761,155.053620223852,87.0948398301816,1571.25260131224,332.766319953686,424.859417213431
WK191601,Leidschendam-Voorburg,De Zijde / Duivenvoorde / Park Veursehou,2017,48.919145119893,36683.2411222288,0.121104683709647,1.03392568659128,4.58855146466004,3158.88893580105,154.773458646616,85.3734239444768,1502.72202814729,337.012199730095,478.148120300752
WK191601,Leidschendam-Voorburg,De Zijde / Duivenvoorde / Park Veursehou,2018,48.7909785183308,38872.8804749854,0.111762550384756,0.970944309927361,4.67001586462189,3345.29030182232,170.347536066819,100.100497342445,1611.55397304479,330.178395975702,533.125155656796
WK191601,Leidschendam-Voorburg,De Zijde / Duivenvoorde / Park Veursehou,2019,48.6848186680037,38687.8024525771,0.114119571143013,0.958671586715867,4.53123373243103,3390.64667358492,184.786524528302,112.203647169812,1703.70975660378,341.893398113207,523.942745283018
WK191601,Leidschendam-Voorburg,De Zijde / Duivenvoorde / Park Veursehou,2020,48.8391352746309,39282.1623116536,0.109851946627673,0.951179820992677,4.48035762665944,3111.60295755967,186.284295187571,113.298325123153,1590.63102690413,348.15345017052,426.335473664267
WK191601,Leidschendam-Voorburg,De Zijde / Duivenvoorde / Park Veursehou,2021,48.5298231814415,41166.9762447738,0.101143998547303,0.94792586054722,4.47509273979862,3268.77004693073,206.388164069834,127.389990613854,1736.5797428196,333.622605594143,328.219279143983
WK191601,Leidschendam-Voorburg,De Zijde / Duivenvoorde / Park Veursehou,2022,48.7716754801147,42856.8058935361,0.106096451319381,1.04166666666667,4.59222280609564,3170.89665597283,217.981785242498,137.912258916777,1908.85708812984,351.947599547085,
WK191601,Leidschendam-Voorburg,De Zijde / Duivenvoorde / Park Veursehou,2023,48.6613138118706,45990.5591743988,0.103122730573711,1.02506714413608,4.4009020960467,,,,,,
WK191601,Leidschendam-Voorburg,De Zijde / Duivenvoorde / Park Veursehou,2024,49.2807346350473,,0.102154531946508,0.480497771173848,,,,,,,
WK057505,Noordwijk,De Zilk,2009,40.0232184060047,,0.0570017953321364,0.543103448275862,3.75077303648732,2093.90743659421,122.10254076087,71.7535371376813,1146.23549365942,313.278908514492,253.27009057971
WK057505,Noordwijk,De Zilk,2010,40.3617603037927,,0.0621597096188748,0.604113110539846,3.85059635907094,2030.49340971586,126.55927030748,66.4508765488755,1164.60790270766,313.906149609913,164.312946837764
WK057505,Noordwijk,De Zilk,2011,40.835175378964,25839.2047640861,0.0548504079782412,0.63768115942029,3.87024329382408,1918.61031934306,137.843147810218,73.2571441605841,1000.84464416058,333.971966240876,192.984726277372
WK057505,Noordwijk,De Zilk,2012,41.4244195494251,27315.9001386963,0.0403299725022915,0.64026402640264,3.91424887169568,1927.19694431661,132.444100322135,72.1661159687069,1139.22120110446,292.933884031293,126.495766221813
WK057505,Noordwijk,De Zilk,2013,42.0653434365737,27144.193805725,0.0452847805788982,0.682634730538922,3.94631306597671,2053.91709662289,139.569638836773,77.7628189493434,1159.96134146341,277.747729831144,186.167940900563
WK057505,Noordwijk,De Zilk,2014,42.222151660643,28457.4271754304,0.0872330758746025,0.893787575150301,4.04619388418998,2021.49074327405,146.063023255814,82.4834427724577,1157.18030551756,242.729913360693,108.277870497036
WK057505,Noordwijk,De Zilk,2015,42.2081571810898,28681.0712971481,0.0783078307830783,0.890086206896552,3.99112238427394,1981.32267631103,148.723978300181,84.47534358047,1070.85622061483,246.773223327306,129.683783905967
WK057505,Noordwijk,De Zilk,2016,42.2251056624358,30301.1291954023,0.0733124720607957,0.850840336134454,3.99002493765586,2155.73376968061,150.268502024291,86.2790643274851,1255.62819163293,242.562514619883,82.4282051282051
WK057505,Noordwijk,De Zilk,2017,42.8272570792658,32465.2224256293,0.0631199278629396,0.811224489795918,4.0236375574524,2270.54679057117,154.600140525839,88.7027878513148,1362.54332275612,242.524270172257,112.881863100635
WK057505,Noordwijk,De Zilk,2018,43.3324235903226,32285.4039455143,1.01743119266055,1.36376146788991,4.07722513089005,2618.58895536125,160.388458352508,94.124210768523,1569.93312471238,247.054247583986,198.578214450069
WK057505,Noordwijk,De Zilk,2019,43.3267823435373,33999.2736066329,0.05372460496614,0.561743341404358,4.00956022944551,2307.35280199818,171.288483197094,102.649323342416,1248.79825613079,242.232057220709,171.452561307902
WK057505,Noordwijk,De Zilk,2020,43.1733155172457,36518.6582278481,0.100596760443308,0.880228136882129,3.75369774919614,1928.24084585659,160.238381279519,93.9176814083297,1094.62282954058,229.685719192787,111.609132674968
WK057505,Noordwijk,De Zilk,2021,43.3178106493569,38957.6650717703,0.0619393421614695,0.628282828282828,3.83322642719692,2210.3154619682,181.210636012033,105.09131929523,1236.87229909755,213.577756768371,116.236183927804
WK057505,Noordwijk,De Zilk,2022,43.4153388185455,40481.9016183986,0.0912106135986733,0.830220713073005,3.80710059171598,2283.54511129777,186.882360352793,111.128231835364,1401.93555648887,252.007438051239,
WK057505,Noordwijk,De Zilk,2023,43.5752651299435,42847.9601494396,0.0661764705882353,0.858139534883721,3.7322695035461,,,,,,
WK057505,Noordwijk,De Zilk,2024,43.9151244329298,,0.0924713584288052,0.44721767594108,,,,,,,
WK192603,Pijnacker-Nootdorp,Delfgauw,2009,33.2471393435249,,0.0670522707797772,0.513574660633484,3.29855769230769,1542.57066486487,107.331386545534,56.3797490806837,883.942446463334,230.687303698897,117.735115675676
WK192603,Pijnacker-Nootdorp,Delfgauw,2010,33.5604777298768,,0.0683579237872837,0.614484679665738,3.36524822695035,1572.32869979651,108.875866824696,50.9711981467515,911.497839672452,214.205651330676,134.717497054728
WK192603,Pijnacker-Nootdorp,Delfgauw,2011,34.0342865887618,31549.5957167832,0.0620344754203022,0.693667997718197,3.31179401993355,1491.84719025124,118.837483088156,56.6709309567272,821.188866101153,197.642973263181,144.312692720636
WK192603,Pijnacker-Nootdorp,Delfgauw,2012,34.3662195669469,31583.9486204649,0.0631478739158028,0.73953488372093,3.28750627195183,1526.09391276528,114.6334226254,57.0464098185697,862.866525080043,164.201390608325,186.052500799829
WK192603,Pijnacker-Nootdorp,Delfgauw,2013,34.8223919341597,32237.6993243243,0.0523920406435224,0.799001248439451,3.28748326639893,1475.17106589769,115.354539431503,57.0014447531517,857.784036118829,156.933626843342,124.474839260921
WK192603,Pijnacker-Nootdorp,Delfgauw,2014,35.4110408768623,33868.2974286949,0.0538054968287526,0.807741935483871,3.37518936206026,1622.84412813669,125.792806492953,65.0979036736437,929.623182400682,169.199361384024,169.949715963695
WK192603,Pijnacker-Nootdorp,Delfgauw,2015,36.0764311474401,33974.9506726457,0.0609326646035642,0.800477897252091,3.41565336530228,1615.56072013799,131.432173678532,69.9053171521018,869.474218985976,177.524312837109,110.292392194912
WK192603,Pijnacker-Nootdorp,Delfgauw,2016,36.5814861794947,35797.6432243246,0.072477650063857,0.876254180602007,3.42267331842422,1785.08422604952,132.712784237724,71.363355943152,1030.66831933677,191.713523901809,100.887862217438
WK192603,Pijnacker-Nootdorp,Delfgauw,2017,37.1830912487719,37353.8969274352,0.0768739352640545,0.945994065281899,3.49363335077621,1805.64524210072,134.197241453682,71.5485301412721,1039.23317912218,192.056399223552,135.400833602933
WK192603,Pijnacker-Nootdorp,Delfgauw,2018,37.723775613566,37323.5851099083,0.0665374677002584,0.905806451612903,3.4804815133276,1947.7875389476,144.554729273337,80.3729088135966,1185.48931147184,197.417456149908,98.6217071576424
WK192603,Pijnacker-Nootdorp,Delfgauw,2019,37.9766875965387,40560.8576974268,0.0673118279569892,0.863720073664825,3.50261506276151,2039.48690533188,147.838655059849,81.2672480957568,1199.89022415669,213.004709466812,114.649416757345
WK192603,Pijnacker-Nootdorp,Delfgauw,2020,38.4214951313425,39936.7296373857,0.0726353169051975,0.875216637781629,3.47544276063538,1899.84751769187,149.042021774629,81.4316722917793,1071.32730430049,209.280411540555,119.102712030484
WK192603,Pijnacker-Nootdorp,Delfgauw,2021,38.767360849005,42290.8779728829,0.0663425175580767,0.791782343142698,3.5105583392985,2050.7463017298,163.289726297351,90.8019246770312,1207.29691810817,204.41287497263,90.0597405298883
WK192603,Pijnacker-Nootdorp,Delfgauw,2022,39.3845450029027,44917.0914695662,0.0627642276422764,0.813939751919669,3.52092940759134,1973.08515131434,168.992955599734,97.1836282306137,1206.82972277446,211.430742213386,
WK192603,Pijnacker-Nootdorp,Delfgauw,2023,40.0017389242536,48281.3005760759,0.0567236092860272,0.741111111111111,3.56553183983066,,,,,,
WK192603,Pijnacker-Nootdorp,Delfgauw,2024,40.675366028831,,0.0882320380825861,0.45566257057456,,,,,,,
WK056904,Nieuwkoop,Dorp,2009,39.2925416889795,,0.0544871794871795,0.346938775510204,3.0253807106599,1688.24607843137,108.791732026144,57.8136274509803,1128.50258169935,230.282679738562,39.2467647058824
WK056904,Nieuwkoop,Dorp,2010,40.727925904093,,0.0451388888888889,0.510204081632653,3.38202247191011,1762.35936170213,117.545354609929,56.6040425531915,962.273865248227,312.54,70.6022695035461
WK056904,Nieuwkoop,Dorp,2011,41.7764218190937,29781.6272401434,0.120141342756184,0.971428571428571,3.28497409326425,1830.46881294964,134.193597122302,68.6729856115108,1195.26823741007,270.154748201439,36.1409712230216
WK056904,Nieuwkoop,Dorp,2012,42.9869511303101,29101.678030303,0.0749063670411985,0.947368421052632,3.30538922155689,1713.87954198473,125.896717557252,64.7731297709923,1123.45690839695,186.672175572519,65.6016030534351
WK056904,Nieuwkoop,Dorp,2013,42.5157732274463,33809.1771217712,0.0654545454545455,0.864406779661017,3.16981132075472,1308.41433333333,119.494814814815,57.9882592592592,713.113814814815,198.611555555556,105.283
WK056904,Nieuwkoop,Dorp,2014,43.8221282364781,37692.4924242424,0.0814814814814815,0.569620253164557,3.45625,2432.08,139.628764478765,75.2740154440154,1613.96513513513,301.199420849421,143.513127413127
WK056904,Nieuwkoop,Dorp,2015,44.3454303738031,32857.4206642066,0.0727272727272727,1.02564102564103,3.46198830409357,1994.38397727273,126.138977272727,61.4564393939394,1306.79291666667,174.13678030303,98.2817803030303
WK056904,Nieuwkoop,Dorp,2016,45.590383715808,35272.5355805243,0.0520446096654275,0.606060606060606,2.88524590163934,1940.9403875969,144.129069767442,78.2322093023256,1223.3465503876,155.361550387597,179.74019379845
WK056904,Nieuwkoop,Dorp,2017,45.8038862735702,40658.5205992509,0.100371747211896,0.803030303030303,3.15909090909091,1473.57076923077,154.301230769231,87.1365384615385,759.889423076923,154.243769230769,195.411692307692
WK056904,Nieuwkoop,Dorp,2018,47.8031296757632,38820.64453125,0.066147859922179,0.954545454545455,3.58333333333333,2118.68309236948,157.019477911647,89.3832530120482,1311.30654618474,259.114779116466,65.1975100401606
WK056904,Nieuwkoop,Dorp,2019,46.175209342894,37549.0706319703,0.043956043956044,0.735849056603774,3.64444444444444,2477.92484962406,178.629097744361,107.823796992481,1279.80778195489,403.671466165414,174.193533834586
WK056904,Nieuwkoop,Dorp,2020,45.646245735887,41894.6569343066,0.0535714285714286,0.734177215189873,3.41279069767442,1903.82073260073,173.348278388279,103.779706959707,978.352967032968,417.169304029304,31.5315750915751
WK056904,Nieuwkoop,Dorp,2021,46.2498248710952,44955.7785714286,0.0383275261324042,0.698412698412698,3.60233918128655,2272.61982206405,191.200569395018,112.455836298932,1297.58448398577,373.395693950178,67.8272953736655
WK056904,Nieuwkoop,Dorp,2022,45.7387796275675,42314.8710801394,0.0412371134020619,0.690909090909091,3.54748603351955,2647.22961267605,197.011408450704,118.377323943662,1779.85073943662,372.256478873239,
WK056904,Nieuwkoop,Dorp,2023,46.0571169058884,46490.9786476868,0.0610169491525424,0.507246376811594,3.37362637362637,,,,,,
WK056904,Nieuwkoop,Dorp,2024,46.8208514426056,,0.0578231292517007,0.360544217687075,,,,,,,
WK188400,Kaag en Braassem,Roelofarendsveen,2009,39.2734544244009,,0.0979718116191131,0.603488372093023,3.8029490616622,1780.77759390686,137.800372294371,85.956378354979,988.253591341995,291.30459047619,114.996299117189
WK188400,Kaag en Braassem,Roelofarendsveen,2010,39.7706430547015,,0.0735169131395546,0.688431200701139,3.9167855444603,1859.30795790915,138.708606627747,78.5558490728024,1002.4051614011,307.733634958792,148.9239669775
WK188400,Kaag en Braassem,Roelofarendsveen,2011,40.2923325627706,28938.5508268059,0.0664955070603338,0.730023640661939,3.98060635816865,1933.41905389118,150.898941885493,86.1589720189411,1064.10658631081,304.490767972449,161.117446625344
WK188400,Kaag en Braassem,Roelofarendsveen,2012,40.768801634076,29638.7851780726,0.07001287001287,0.735380732015145,3.91276171485543,1863.29199086049,147.727151112644,87.8425539071932,1071.00961876833,264.763483698464,134.744008449733
WK188400,Kaag en Braassem,Roelofarendsveen,2013,41.1314233661497,29779.7779709641,0.0730914070523793,0.817324955116697,3.95096806638169,1987.21547510534,149.617935838995,88.8145445944796,1141.7019626731,240.076201943752,186.255683205779
WK188400,Kaag en Braassem,Roelofarendsveen,2014,41.4627792890999,32109.1849232362,0.086923402454507,0.900369003690037,3.98189708617483,2165.11419722624,160.656896698435,97.8969690265476,1306.94717579986,255.40331858407,169.476223091976
WK188400,Kaag en Braassem,Roelofarendsveen,2015,41.6628545937724,30960.1571989082,0.0902463549522373,0.889769724424311,3.99298547871031,1996.38128768737,163.160567674557,99.3595881411618,1073.25003537438,242.209461804094,112.725537308405
WK188400,Kaag en Braassem,Roelofarendsveen,2016,41.8923580667655,32189.4411615306,0.0952538722769817,0.977489507821442,3.97510677242221,2042.18427466313,170.492083021379,106.713274270027,1107.50128275518,233.871932451543,116.909658958576
WK188400,Kaag en Braassem,Roelofarendsveen,2017,42.107651203457,34167.2346682306,0.0824623487778784,0.898509867096255,3.98329675688856,2115.42063801652,181.215695867767,115.762191735537,1162.41838842975,239.181966942149,91.9123107438017
WK188400,Kaag en Braassem,Roelofarendsveen,2018,42.2416348885988,34129.1290003299,0.0862222222222222,0.948056944978838,4.00226002141073,2213.80430403374,183.295275545817,115.521085950815,1216.52897654411,245.918136514894,116.966560344128
WK188400,Kaag en Braassem,Roelofarendsveen,2019,42.0672732449355,36980.6315369898,0.106784017446842,1.00606877950101,3.86226851851852,2318.79143560871,192.509437016189,122.382584252095,1306.85494956603,253.299452654626,136.403363046368
WK188400,Kaag en Braassem,Roelofarendsveen,2020,41.9701257392305,37316.4467276675,0.0927991501631383,0.953734061930783,3.79138722202612,2217.54341744168,189.732264826955,122.470420033544,1177.72319332215,254.538858057629,159.411959140113
WK188400,Kaag en Braassem,Roelofarendsveen,2021,41.8395495254977,38432.3456015719,0.0887639618314964,0.928646748681898,3.81749571183533,2232.57880568156,210.273268387001,134.854802558189,1228.3841094668,252.319579831934,107.672549267495
WK188400,Kaag en Braassem,Roelofarendsveen,2022,41.8655086937512,40164.3968360071,0.0797949162333911,0.910481163744871,3.80926877254345,2242.06530130173,211.684202866755,135.218471551849,1326.36629442738,280.303743600995,
WK188400,Kaag en Braassem,Roelofarendsveen,2023,41.6062609281184,42772.5147215325,0.10762424828921,0.994360344315821,3.64224275246894,,,,,,
WK188400,Kaag en Braassem,Roelofarendsveen,2024,41.7479734576139,,0.0866593012014915,0.512843529899185,,,,,,,
WK188401,Kaag en Braassem,Overig Alkemade,2009,39.0652203169986,,0.0753138075313808,0.491643454038997,3.5322445561139,1884.12868889516,126.328380898559,74.862517660356,1108.9666318169,271.030206272958,152.46167561458
WK188401,Kaag en Braassem,Overig Alkemade,2010,39.2589886475772,,0.0712694877505568,0.705014749262537,3.63173037402384,1740.18050112613,129.346081195376,69.313507189174,959.508539610937,266.259963349309,162.690822072072
WK188401,Kaag en Braassem,Overig Alkemade,2011,39.7846768605272,30277.9387987475,0.0618874264911789,0.712195121951219,3.71932773109244,1712.40818617772,142.275717912553,77.9137968970377,951.630321579689,251.385275035261,147.659139633286
WK188401,Kaag en Braassem,Overig Alkemade,2012,39.9007590451056,31734.0825063794,0.0710306406685237,0.723544973544973,3.6394330971238,1724.95663679642,136.357597420802,77.2727838519764,943.879077656295,216.839921502663,202.492195463456
WK188401,Kaag en Braassem,Overig Alkemade,2013,39.9551829321047,31806.2759601707,0.0648122392211405,0.786764705882353,3.62489082969432,1732.29169230769,133.70785954113,74.0519893676554,1016.98139059877,187.910937325126,160.631283916084
WK188401,Kaag en Braassem,Overig Alkemade,2014,40.3398902873384,34938.61919681,0.0595768374164811,0.755747126436782,3.65061780997017,1920.04463764045,145.643606741573,83.6029101123594,1175.11388483146,191.381421348315,170.026235955056
WK188401,Kaag en Braassem,Overig Alkemade,2015,40.975708369227,32725.2946022727,0.0867148415786548,0.93609022556391,3.7739281074058,1892.52088391609,150.686624685138,87.916162888329,1095.02794010635,190.438919675343,135.267997202797
WK188401,Kaag en Braassem,Overig Alkemade,2016,41.1956604901602,34862.2952272078,0.0733740967204002,0.810699588477366,3.67084775086505,1874.83314125875,155.215577622377,92.8391048951045,1064.23475804196,195.327401398601,167.431434965035
WK188401,Kaag en Braassem,Overig Alkemade,2017,41.3240603091122,35812.4574557708,0.0729684908789386,0.850632911392405,3.70993031358885,1771.51336768802,160.212484679666,95.8045793871865,1030.22013649025,184.134245125348,127.218913649025
WK188401,Kaag en Braassem,Overig Alkemade,2018,41.6433598097465,36913.6474053296,0.0916345624656026,0.904242424242424,3.66509231429798,1901.84044432102,164.213224104415,97.9416911968895,1144.38887253541,184.281996667592,107.008586503749
WK188401,Kaag en Braassem,Overig Alkemade,2019,41.9872516487696,39982.4747048904,0.0838603244432224,0.91243654822335,3.63613231552163,2113.89728182324,176.087832128961,107.042873818788,1231.99360755975,221.193521400778,143.714655364091
WK188401,Kaag en Braassem,Overig Alkemade,2020,42.6264001370212,41141.2790763165,0.0641415537738457,0.891207153502235,3.62631118881119,2175.01901392758,182.762662952646,116.204740947076,1232.28856545961,230.31730362117,157.552381615599
WK188401,Kaag en Braassem,Overig Alkemade,2021,42.8667737731427,42322.2273499434,0.0796558423535942,0.901808785529716,3.69759143621766,2448.85435926133,199.930310576386,124.48046726357,1516.68064913262,247.417929490766,112.529597090095
WK188401,Kaag en Braassem,Overig Alkemade,2022,42.6338685570555,44936.8606488011,0.076530612244898,0.952127659574468,3.71986271986272,2168.26044580663,200.684368904987,125.66163833937,1334.94425188075,241.465062691558,
WK188401,Kaag en Braassem,Overig Alkemade,2023,43.1245035576116,48855.7597970116,0.0883081155433287,0.978120978120978,3.62333762333762,,,,,,
WK188401,Kaag en Braassem,Overig Alkemade,2024,43.5345859879288,,0.0836373842267752,0.552624193095706,,,,,,,
WK188402,Kaag en Braassem,Woubrugge,2009,39.2341259268823,,0.0630009319664492,0.471275559883155,3.60550213675214,1820.78273289596,122.354984067479,71.0742061855667,1047.55884536083,269.731955014058,165.33441049672
WK188402,Kaag en Braassem,Woubrugge,2010,39.6094015497144,,0.058299294467137,0.58627648839556,3.6129117259552,1652.9485239163,125.252300768798,64.9888974310894,960.644939058688,273.10551471967,74.1535818385651
WK188402,Kaag en Braassem,Woubrugge,2011,40.1202175340189,30422.5394537178,0.0584282247526601,0.700207468879668,3.71769168247088,1690.58280487805,140.313764308501,75.6076280728095,1008.51770313379,255.755727153311,82.4691050656661
WK188402,Kaag en Braassem,Woubrugge,2012,40.5176745434964,30794.067202757,0.0570191945803538,0.716312056737589,3.70602807597027,1731.46405211481,136.458245514637,76.3842077431539,1024.46971671388,231.924738432483,113.755001888217
WK188402,Kaag en Braassem,Woubrugge,2013,40.9415540743717,30518.2501909855,0.0599511370043225,0.796629213483146,3.80095451993262,1856.77494337486,135.146416839721,73.9142552388151,1097.39544459128,210.173254672456,175.345054737637
WK188402,Kaag en Braassem,Woubrugge,2014,41.1801652726998,33412.0746013667,0.0621164217965408,0.849036402569593,3.7065986972529,1795.98920865994,143.801795446061,80.5414613661818,1064.98966778649,210.861633072042,150.725785740948
WK188402,Kaag en Braassem,Woubrugge,2015,41.471369589596,32081.5899147201,0.0975965040058267,0.910652920962199,3.76777381279166,1899.50872118551,152.390951509606,88.0458151875573,1023.74845745654,235.066027447393,97.2207866813026
WK188402,Kaag en Braassem,Woubrugge,2016,42.0932475093253,34469.3322228392,0.070483783294075,0.834749763928234,3.74538043478261,2003.97681900947,159.389524763293,95.2864657683896,1100.87589038602,237.872398033503,98.7378022578296
WK188402,Kaag en Braassem,Woubrugge,2017,42.5936218947404,35920.005167005,0.0728958371205235,0.888888888888889,3.79656319290466,2112.57054167426,165.14830020062,99.4969979937987,1206.31605325552,245.750477840598,92.6095002735728
WK188402,Kaag en Braassem,Woubrugge,2018,43.0246113833162,35632.611716873,0.0745590107292235,0.926118626430801,3.7820796460177,2190.58841576929,166.865999269939,99.6558350063881,1235.43821682788,241.976097828071,121.371688264282
WK188402,Kaag en Braassem,Woubrugge,2019,43.38320920415,37343.3638899219,0.0783882783882784,0.985901309164149,3.83086798771979,2407.12104101527,183.81293176384,113.34275335663,1337.13378517564,257.118491815339,161.778982894979
WK188402,Kaag en Braassem,Woubrugge,2020,43.8502094161174,39799.3018654607,0.0912124582869855,0.958147818343722,3.76364158529581,2270.10201267237,185.548602310847,115.568794260156,1218.67103242639,286.889073797987,150.544998136415
WK188402,Kaag en Braassem,Woubrugge,2021,44.0294416846208,40894.294481982,0.0793154214206846,0.909430438842204,3.82253440366972,2547.42075328522,204.406207662408,129.120943920044,1486.24693873774,293.465957801221,109.037747547659
WK188402,Kaag en Braassem,Woubrugge,2022,43.9311132573822,46300.3137835338,0.100984780662489,0.980801335559265,3.80110041265475,2428.80897524572,206.766052056789,130.667262468147,1500.49827448125,296.32401892974,
WK188402,Kaag en Braassem,Woubrugge,2023,44.4153872946491,48826.5571349455,0.0657514450867052,0.867867867867868,3.78326241134752,,,,,,
WK188402,Kaag en Braassem,Woubrugge,2024,44.8111927484208,,0.0740266861634071,0.514165600438677,,,,,,,
WK188403,Kaag en Braassem,Rijnsaterwoude,2009,40.2517940595296,,0.0604351329572925,0.497777777777778,3.61449942462601,1713.27318699187,129.307756097561,77.6895609756097,1003.38952845528,292.932821138211,74.015756097561
WK188403,Kaag en Braassem,Rijnsaterwoude,2010,40.6806866229165,,0.0445859872611465,0.421052631578947,3.73568281938326,1848.8258178888,135.799548022599,75.7771428571428,1073.42456820016,288.300637610976,126.023110394843
WK188403,Kaag en Braassem,Rijnsaterwoude,2011,41.5125353426143,32392.3231404959,0.0520748576078112,0.647321428571429,3.73993095512083,1981.53905073649,145.87705400982,80.8688543371523,1021.99900163666,329.14639116203,264.553510638298
WK188403,Kaag en Braassem,Rijnsaterwoude,2012,42.2719273690529,32925.9514644351,0.0466830466830467,0.701570680628272,3.71445497630332,1815.80693574959,144.310387469085,83.9774690849136,1093.17662819456,230.052110469909,150.271285008237
WK188403,Kaag en Braassem,Rijnsaterwoude,2013,42.9634680492118,34820.806122449,0.0421487603305785,0.747524752475248,3.85505481120585,2123.77568936877,148.384447215295,86.4272236076476,1368.60598503741,213.014480465503,177.687873754153
WK188403,Kaag en Braassem,Rijnsaterwoude,2014,43.2839641856508,37497.503407155,0.0806317539484622,0.785992217898833,3.82555282555283,1940.37254606365,158.913634840871,94.7790703517588,1112.88180067002,228.662185929649,143.501314907873
WK188403,Kaag en Braassem,Rijnsaterwoude,2015,43.50490246552,33334.9488491049,0.0695725062866723,0.774038461538462,3.96192893401015,2082.37216216216,149.668690878378,84.4389695945945,1215.29107263514,216.500092905406,70.9856756756757
WK188403,Kaag en Braassem,Rijnsaterwoude,2016,43.9447331163258,35874.7194915254,0.0581395348837209,0.793577981651376,3.92279411764706,1919.73174166667,154.041491666667,89.185475,1107.73726666667,279.341308333333,82.0850166666667
WK188403,Kaag en Braassem,Rijnsaterwoude,2017,44.3091569386499,37653.3810330229,0.0785773366418528,0.837735849056604,3.92259675405743,2123.28166666667,166.926019900497,100.872429519071,1226.54023217247,277.918656716418,102.657893864013
WK188403,Kaag en Braassem,Rijnsaterwoude,2018,44.1723935168761,39019.2674897119,0.072463768115942,0.886178861788618,3.8992628992629,2021.58378334681,173.096936135812,105.91909458367,960.639215844786,261.944187550525,205.480808407437
WK188403,Kaag en Braassem,Rijnsaterwoude,2019,44.5754209204973,47618.6574450773,0.0600961538461538,0.859030837004405,3.92700729927007,2323.18409967846,181.506583601286,110.946430868167,1290.86063504823,260.358995176849,99.643424437299
WK188403,Kaag en Braassem,Rijnsaterwoude,2020,45.005302594438,41163.1290057518,0.0869565217391304,0.900355871886121,3.80740740740741,2315.56367016977,185.534025869038,117.387631366208,1242.03097008893,239.425763945028,211.668221503638
WK188403,Kaag en Braassem,Rijnsaterwoude,2021,45.8246169042612,41927.3179190751,0.0771103896103896,0.973384030418251,3.9404309252218,2313.60538838921,214.116663941129,137.393458708095,1348.08936222404,215.72966475879,85.3518969746525
WK188403,Kaag en Braassem,Rijnsaterwoude,2022,45.6974709156792,46988.36523126,0.101404056162246,0.893081761006289,3.99880810488677,2257.34935917721,224.513852848101,146.190142405063,1353.85813291139,227.749011075949,
WK188403,Kaag en Braassem,Rijnsaterwoude,2023,46.087091339406,51052.3130990415,0.04921875,0.857142857142857,3.91176470588235,,,,,,
WK188403,Kaag en Braassem,Rijnsaterwoude,2024,46.6609783625085,,0.0615627466456196,0.48776637726914,,,,,,,
WK188404,Kaag en Braassem,Leimuiden,2009,40.6292174116749,,0.0602100350058343,0.475888324873096,3.52551358515573,1865.15578959755,130.914344242995,79.6897480574524,1047.52895926536,282.622199199435,178.454022122852
WK188404,Kaag en Braassem,Leimuiden,2010,40.9275359137406,,0.0615925058548009,0.704149933065596,3.61677246909455,1718.3452810581,129.611065845571,69.4952558029372,949.847439602083,270.236617716722,148.178698630137
WK188404,Kaag en Braassem,Leimuiden,2011,41.1226793365822,31184.0605140187,0.107061503416856,0.817194570135747,3.68386023294509,1824.91315366972,143.866577196605,79.4523537508605,1051.62040605644,267.258770360174,130.395066513762
WK188404,Kaag en Braassem,Leimuiden,2012,41.4986372540707,31565.4129122155,0.0537658802177858,0.702737940026076,3.65452723020381,1810.92868187001,142.653464872263,83.0493156934307,1142.02335766424,228.715773266424,83.9549350057012
WK188404,Kaag en Braassem,Leimuiden,2013,41.8773670959405,31128.9600840336,0.0652372262773723,0.809467455621302,3.68840824602906,1981.60364802933,148.914435021774,88.0713889525553,1224.26663992665,209.459887691955,114.175882218148
WK188404,Kaag en Braassem,Leimuiden,2014,42.2075017965074,32635.1115250291,0.0715587967183227,0.861363636363636,3.75210792580101,1923.41307146129,158.437791017415,95.3387144821265,1188.34904903758,214.24698212649,111.337104901512
WK188404,Kaag en Braassem,Leimuiden,2015,42.4067702576534,32138.5434732205,0.0753517930095325,0.870264064293915,3.84178498985801,1991.36334016393,150.689936247723,86.9238319672132,1113.29848588342,255.692957650273,103.11545992714
WK188404,Kaag en Braassem,Leimuiden,2016,42.4121451286916,33450.1080768341,0.0945340501792115,1.03507014028056,3.88436974789916,2121.85443744374,155.746025208194,92.2762772901193,1254.6695926176,229.124987620977,116.853249324932
WK188404,Kaag en Braassem,Leimuiden,2017,42.4593814446611,34979.2512982615,0.0882610600087604,0.946246524559778,3.91171644240236,2153.40912909611,162.601077633605,97.7463888277982,1289.82869144491,234.314644820761,106.038363756323
WK188404,Kaag en Braassem,Leimuiden,2018,42.9327911776821,35089.0639768168,0.0598776223776224,0.82212086659065,3.88603425559947,2228.59195303928,170.467711213519,103.559335088874,1358.49114329603,227.315944700461,98.0257779240728
WK188404,Kaag en Braassem,Leimuiden,2019,42.9757471796291,38210.3492490473,0.0522776572668113,0.816129032258065,3.78602186154356,2354.94480689505,186.233766092079,116.846393192233,1384.55358280602,209.579465415667,144.044691250273
WK188404,Kaag en Braassem,Leimuiden,2020,43.2339560259354,37939.6667401367,0.0845556514236411,0.910068426197458,3.79064970780337,2489.21281684028,185.071440972222,118.516636284722,1323.12980902778,227.470288628472,232.110581597222
WK188404,Kaag en Braassem,Leimuiden,2021,43.4355254848482,39952.2627704662,0.069904181184669,0.883073496659243,3.77450308430432,2408.00805914566,213.251292442498,137.813226725082,1417.20175903615,229.944227820372,97.2777677984666
WK188404,Kaag en Braassem,Leimuiden,2022,43.269550939218,41334.6851119895,0.0585854282062207,0.878656554712893,3.85723684210526,2436.74675640748,225.903997415463,148.542502692225,1521.79175102304,244.698492354081,
WK188404,Kaag en Braassem,Leimuiden,2023,43.4732968834865,43405.7027777778,0.0779653950385658,0.828712871287129,3.76963180188987,,,,,,
WK188404,Kaag en Braassem,Leimuiden,2024,43.824142017301,,0.0772451329286163,0.536222780569514,,,,,,,
WK191608,Leidschendam-Voorburg,Essesteijn,2009,48.4630106432052,,0.10458682848474,0.632341110217216,4.61507466224224,2523.04729392326,139.956361799816,87.9703269054179,1475.4670523416,427.730080808081,183.822058013585
WK191608,Leidschendam-Voorburg,Essesteijn,2010,48.4043273025208,,0.119472182596291,0.797276853252648,4.7520344662518,2690.97180190059,136.860152939009,72.4604274921691,1561.88867882808,438.067779620416,266.513300438597
WK191608,Leidschendam-Voorburg,Essesteijn,2011,47.9492549423854,30832.9398688047,0.118766519823789,0.816017316017316,4.85130915205381,2542.49248467364,143.250248872859,74.1388331830479,1478.12169882777,418.475716862039,173.375088351966
WK191608,Leidschendam-Voorburg,Essesteijn,2012,47.7662602071457,31024.8269265804,0.0933708457886408,0.782964782964783,4.8219476744186,2663.58559325077,136.762611900054,72.5530828689557,1678.67211396729,347.680979687218,175.429737928559
WK191608,Leidschendam-Voorburg,Essesteijn,2013,47.9495582615027,31376.3078470825,0.111562942008487,1.00261780104712,4.72091292483255,2702.85159267983,139.910676828162,74.7514425694065,1576.22419706043,317.388880420976,267.322462402609
WK191608,Leidschendam-Voorburg,Essesteijn,2014,47.7372737799441,32342.6754068716,0.108141160027952,0.936117936117936,4.64334637964775,2583.50247084156,150.845140035906,83.4430125673251,1506.94858886894,297.695251346499,229.480681858963
WK191608,Leidschendam-Voorburg,Essesteijn,2015,47.5888548702852,33100.5031457846,0.105547801814375,0.991589571068125,4.59540854110096,2910.99512880143,148.308786902845,80.496536052961,1569.33351404545,297.344936482376,172.402871198569
WK191608,Leidschendam-Voorburg,Essesteijn,2016,47.2467675124662,34080.4402202878,0.105615662029881,0.996820349761526,4.57046494820525,3189.74875198307,154.519300070522,87.3402803244006,1667.00959802539,301.703194640337,218.39093248722
WK191608,Leidschendam-Voorburg,Essesteijn,2017,47.1887176382487,34762.2310552408,0.105182144689584,0.937452326468345,4.69128508124077,3036.12018280893,163.448853928634,95.4468852170858,1503.24731938829,319.533111267357,136.724345227632
WK191608,Leidschendam-Voorburg,Essesteijn,2018,47.4757979274511,34818.6924167257,0.104786324786325,1.05531914893617,4.69623389494549,3029.9603315112,177.847988009169,109.724321989067,1491.19768471169,315.990636572033,142.265780285664
WK191608,Leidschendam-Voorburg,Essesteijn,2019,47.110371649809,36761.265849387,0.109063239770037,1.05506072874494,4.59520276953511,3182.18477467999,192.465756619324,122.424799228476,1636.67241276522,319.71153252674,140.740694371383
WK191608,Leidschendam-Voorburg,Essesteijn,2020,46.9604717628956,37657.1343619972,0.106794483686512,1.05284552845528,4.47929895859792,3301.51799687012,195.313543731526,125.328210745957,1764.88773082942,336.122809946096,165.936400625978
WK191608,Leidschendam-Voorburg,Essesteijn,2021,47.0851404270284,39611.6454656649,0.0854279891304348,0.969276511397423,4.47866087400971,3159.87330410382,210.464880743598,135.033516310067,1674.30541388986,326.30918975798,123.045406874781
WK191608,Leidschendam-Voorburg,Essesteijn,2022,47.0490210005714,41728.2350479512,0.0963062911114859,0.982847341337907,4.46846619576186,3026.04191850297,211.676724379154,135.227299755159,1655.82037775446,323.959102833158,
WK191608,Leidschendam-Voorburg,Essesteijn,2023,46.9386699205568,44609.6407733471,0.0913348946135831,0.977624784853701,4.21892161757364,,,,,,
WK191608,Leidschendam-Voorburg,Essesteijn,2024,46.9314057641008,,0.0891499654457498,0.496026261230131,,,,,,,
WK051843,'s-Gravenhage,Forepark en Leidschenveen,2009,31.2597167394194,,0.12293598112897,0.611433305716653,3.43589743589744,1562.69732337031,113.681422514783,62.9616121834214,860.314188887652,249.781290304584,156.38768527296
WK051844,'s-Gravenhage,Forepark en Leidschenveen,2009,31.2597167394194,,0.12293598112897,0.611433305716653,3.43589743589744,1562.69732337031,113.681422514783,62.9616121834214,860.314188887652,249.781290304584,156.38768527296
WK051843,'s-Gravenhage,Forepark en Leidschenveen,2010,31.7162654414724,,0.148547143704289,0.831020551554541,3.48921842538864,1720.44821004063,116.395133973711,59.2389797775531,950.077362992922,268.381580384225,181.679413210291
WK051844,'s-Gravenhage,Forepark en Leidschenveen,2010,31.7162654414724,,0.148547143704289,0.831020551554541,3.48921842538864,1720.44821004063,116.395133973711,59.2389797775531,950.077362992922,268.381580384225,181.679413210291
WK051843,'s-Gravenhage,Forepark en Leidschenveen,2011,32.1131960864322,29385.8069282467,0.0750083928828354,0.722210230951867,3.5802781289507,1772.17743689511,128.770510799766,67.4917950963223,977.54413942401,266.79239394824,172.735878118769
WK051844,'s-Gravenhage,Forepark en Leidschenveen,2011,32.1131960864322,29385.8069282467,0.0750083928828354,0.722210230951867,3.5802781289507,1772.17743689511,128.770510799766,67.4917950963223,977.54413942401,266.79239394824,172.735878118769
WK051843,'s-Gravenhage,Forepark en Leidschenveen,2012,32.4973061210405,29639.2962402344,0.0654121439067166,0.742182070882557,3.48266423357664,1712.08477625527,118.83135380187,63.0087147997114,1008.23018709523,217.537916047015,144.93793503258
WK051844,'s-Gravenhage,Forepark en Leidschenveen,2012,32.4973061210405,29639.2962402344,0.0654121439067166,0.742182070882557,3.48266423357664,1712.08477625527,118.83135380187,63.0087147997114,1008.23018709523,217.537916047015,144.93793503258
WK051843,'s-Gravenhage,Forepark en Leidschenveen,2013,33.0224492645349,30082.1546206226,0.0599032441661924,0.755779636005903,3.50877826746622,1733.67219643197,122.879919850261,65.9727740449218,1040.86890526013,191.440428585141,154.370946192212
WK051844,'s-Gravenhage,Forepark en Leidschenveen,2013,33.0224492645349,30082.1546206226,0.0599032441661924,0.755779636005903,3.50877826746622,1733.67219643197,122.879919850261,65.9727740449218,1040.86890526013,191.440428585141,154.370946192212
WK051843,'s-Gravenhage,Forepark en Leidschenveen,2014,33.4984949804772,32022.7674937003,0.0660283922086497,0.786120322122217,3.49286800376511,1754.68902562391,131.95213511578,73.1854299355459,1053.97761375031,191.091429935545,139.53376676051
WK051844,'s-Gravenhage,Forepark en Leidschenveen,2014,33.4984949804772,32022.7674937003,0.0660283922086497,0.786120322122217,3.49286800376511,1754.68902562391,131.95213511578,73.1854299355459,1053.97761375031,191.091429935545,139.53376676051
WK051843,'s-Gravenhage,Forepark en Leidschenveen,2015,34.0560327946541,32056.7572726394,0.0725178225768377,0.838755639990501,3.49039361013168,1717.05531699392,128.081243907102,68.5635563413923,1015.87802159992,195.736440791359,108.099491185323
WK051844,'s-Gravenhage,Forepark en Leidschenveen,2015,34.0560327946541,32056.7572726394,0.0725178225768377,0.838755639990501,3.49039361013168,1717.05531699392,128.081243907102,68.5635563413923,1015.87802159992,195.736440791359,108.099491185323
WK051843,'s-Gravenhage,Forepark en Leidschenveen,2016,34.633975466039,33677.6638529084,0.0707333207333207,0.810206961429915,3.52240429234339,1806.63849225326,135.430457241245,76.0019824947401,1076.17108714367,206.664852687966,98.2009401300688
WK051844,'s-Gravenhage,Forepark en Leidschenveen,2016,34.633975466039,33677.6638529084,0.0707333207333207,0.810206961429915,3.52240429234339,1806.63849225326,135.430457241245,76.0019824947401,1076.17108714367,206.664852687966,98.2009401300688
WK051843,'s-Gravenhage,Forepark en Leidschenveen,2017,35.2121484347314,34623.0881798405,0.0745986779981114,0.818818585103899,3.55998229305002,1799.17804121247,136.203526008797,75.6229575444635,1043.33042598967,217.433827213617,99.468283610633
WK051844,'s-Gravenhage,Forepark en Leidschenveen,2017,35.2121484347314,34623.0881798405,0.0745986779981114,0.818818585103899,3.55998229305002,1799.17804121247,136.203526008797,75.6229575444635,1043.33042598967,217.433827213617,99.468283610633
WK051843,'s-Gravenhage,Forepark en Leidschenveen,2018,35.6233140203159,35207.523759542,0.0769589334824966,0.819406392694064,3.60317805833696,1884.29642934756,144.128149005525,81.7057977039705,1088.28728964898,224.643065621013,121.856293759153
WK051844,'s-Gravenhage,Forepark en Leidschenveen,2018,35.6233140203159,35207.523759542,0.0769589334824966,0.819406392694064,3.60317805833696,1884.29642934756,144.128149005525,81.7057977039705,1088.28728964898,224.643065621013,121.856293759153
WK051843,'s-Gravenhage,Forepark en Leidschenveen,2019,35.9249626572483,37461.7621333589,0.0682901748153688,0.814805998571769,3.55696664477045,1900.17628134499,157.089368825988,92.1176016337394,1075.93704739741,228.919176006841,129.21272843845
WK051844,'s-Gravenhage,Forepark en Leidschenveen,2019,35.9249626572483,37461.7621333589,0.0682901748153688,0.814805998571769,3.55696664477045,1900.17628134499,157.089368825988,92.1176016337394,1075.93704739741,228.919176006841,129.21272843845
WK051843,'s-Gravenhage,Forepark en Leidschenveen,2020,36.6221482278555,38703.7217387123,0.0659195781147001,0.798012422360248,3.58107385625907,1992.14113611338,156.264060420355,91.0980274812081,1092.50431560301,250.058725044287,170.629262699286
WK051844,'s-Gravenhage,Forepark en Leidschenveen,2020,36.6221482278555,38703.7217387123,0.0659195781147001,0.798012422360248,3.58107385625907,1992.14113611338,156.264060420355,91.0980274812081,1092.50431560301,250.058725044287,170.629262699286
WK051843,'s-Gravenhage,Forepark en Leidschenveen,2021,37.1693868442297,40699.607943564,0.0612805455578708,0.790943600867679,3.65170407315046,2153.75161634189,175.141102160911,103.320350665636,1236.03400106116,251.722621551225,114.093486397839
WK051844,'s-Gravenhage,Forepark en Leidschenveen,2021,37.1693868442297,40699.607943564,0.0612805455578708,0.790943600867679,3.65170407315046,2153.75161634189,175.141102160911,103.320350665636,1236.03400106116,251.722621551225,114.093486397839
WK051843,'s-Gravenhage,Forepark en Leidschenveen,2022,37.7147854278613,43773.6955783138,0.0663605812467459,0.845673989693518,3.68540660972893,2094.12582161664,187.314868821571,116.863778325362,1251.52722230275,284.495411895445,
WK051844,'s-Gravenhage,Forepark en Leidschenveen,2022,37.7147854278613,43773.6955783138,0.0663605812467459,0.845673989693518,3.68540660972893,2094.12582161664,187.314868821571,116.863778325362,1251.52722230275,284.495411895445,
WK051843,'s-Gravenhage,Forepark en Leidschenveen,2023,38.3263367154434,46507.36517765,0.0608363201911589,0.787086856264412,3.63806809659517,,,,,,
WK051844,'s-Gravenhage,Forepark en Leidschenveen,2023,38.3263367154434,46507.36517765,0.0608363201911589,0.787086856264412,3.63806809659517,,,,,,
WK051843,'s-Gravenhage,Forepark en Leidschenveen,2024,38.9670573811502,,0.0691110141131966,0.427227314612736,,,,,,,
WK051844,'s-Gravenhage,Forepark en Leidschenveen,2024,38.9670573811502,,0.0691110141131966,0.427227314612736,,,,,,,
WK051803,'s-Gravenhage,Westbroekpark en Duttendel,2009,53.7454382700732,,0.151500938086304,0.610966057441253,4.86192468619247,2842.91073033708,146.786882984159,96.7882166581505,1463.51784363822,443.228548799182,401.462323799796
WK051803,'s-Gravenhage,Westbroekpark en Duttendel,2010,53.7457548238333,,0.18785046728972,0.754950495049505,5.00204498977505,2975.34732179226,153.488818414322,89.1236572890026,1597.36465473146,449.709294117647,400.60916496945
WK051803,'s-Gravenhage,Westbroekpark en Duttendel,2011,54.1527370998874,52092.4238961039,0.157434402332362,0.884078212290503,4.99103448275862,2957.47815104166,151.847847837415,82.2565033871806,1651.36795205837,464.220510682647,265.501864583333
WK051803,'s-Gravenhage,Westbroekpark en Duttendel,2012,54.4836966673563,59772.3050579557,0.129786176031825,0.727549467275495,4.88421052631579,2613.34135318704,143.89960230246,77.9098953427526,1536.3821559393,408.448194662481,158.021739811912
WK051803,'s-Gravenhage,Westbroekpark en Duttendel,2013,53.8655219635038,58932.6107311941,0.149253731343284,0.76878612716763,4.90883190883191,3042.22379095164,145.865179781136,79.9391193329857,1709.87003647733,366.942735799896,339.097217888716
WK051803,'s-Gravenhage,Westbroekpark en Duttendel,2014,51.8195588009211,71241.3501385042,0.165386584741423,0.933539412673879,4.56020942408377,2685.58836956522,155.130174102285,87.9387268770405,1535.46362350381,309.259700761698,206.46810326087
WK051803,'s-Gravenhage,Westbroekpark en Duttendel,2015,51.440882768339,56964.8530701754,0.145621181262729,0.878892733564014,4.60502958579882,2630.34061313077,163.975187398153,96.4348288973386,1431.68004888647,293.447289516567,166.776082474227
WK051803,'s-Gravenhage,Westbroekpark en Duttendel,2016,51.3869816577409,63620.4867864693,0.150050352467271,0.951086956521739,4.58653846153846,2761.95384042553,167.382790202343,98.6813897763578,1510.81244941427,321.116203407881,192.500457446809
WK051803,'s-Gravenhage,Westbroekpark en Duttendel,2017,51.4773291508922,84450.3883744856,0.143344709897611,0.928571428571429,4.61816891412349,3233.60386433711,168.92154676259,98.6862846865365,1828.96912641316,321.450334018499,169.059527235355
WK051803,'s-Gravenhage,Westbroekpark en Duttendel,2018,52.6885281939359,64934.0025799794,0.116739025566811,0.876785714285714,4.8935860058309,2801.7845648855,183.877445292621,110.659903307888,1397.77568956743,346.656880407125,153.363389312977
WK051803,'s-Gravenhage,Westbroekpark en Duttendel,2019,53.3175475972673,76207.754144955,0.1728285077951,0.922252010723861,4.84060846560847,3402.86766136576,215.406407857811,137.333914873713,1686.89949485501,338.520865294668,174.451641721235
WK051803,'s-Gravenhage,Westbroekpark en Duttendel,2020,53.6621077278589,67868.6765816808,0.12662192393736,0.956810631229236,4.64567474048443,2810.6822693032,222.509279661017,143.424792843691,1269.66937382297,345.632518832391,246.850969868173
WK051803,'s-Gravenhage,Westbroekpark en Duttendel,2021,53.0027289567713,75580.2383134739,0.161248374512354,1.02183406113537,4.49701393497014,3216.6563915635,239.863122420908,156.177381934892,1481.29131132508,386.268523613021,236.199330582302
WK051803,'s-Gravenhage,Westbroekpark en Duttendel,2022,52.4906761840148,77952.8859846778,0.147346072186837,0.986706056129985,4.54954954954955,3108.3329765131,241.634688346884,155.998175248419,1704.76420957543,354.17320234869,
WK051803,'s-Gravenhage,Westbroekpark en Duttendel,2023,51.5410525143041,80315.4976200779,0.159565916398714,1.03037974683544,4.27829893683552,,,,,,
WK051803,'s-Gravenhage,Westbroekpark en Duttendel,2024,51.3847428198813,,0.118170266836086,0.527742481999153,,,,,,,
WK051805,'s-Gravenhage,Archipelbuurt,2009,42.3852869850266,,0.158417480549578,0.700669757856775,3.84452201933405,2088.58195099653,109.854832570906,61.0898792314729,1111.82594510522,326.502860018299,337.928566465533
WK051805,'s-Gravenhage,Archipelbuurt,2010,42.2206959737003,,0.152639320150351,0.851431658562939,3.88378958668814,2101.99394990017,114.085386160306,56.9641044367357,1082.99290852656,319.392227496804,358.867574877473
WK051805,'s-Gravenhage,Archipelbuurt,2011,42.4510648168637,51788.9355482934,0.139930612919214,0.840396257567419,3.88891913966785,2010.81651079137,117.641491354467,56.8477017291066,1062.35514409222,317.743580691643,289.443386690648
WK051805,'s-Gravenhage,Archipelbuurt,2012,42.5082800767735,55065.5539752006,0.13050651707639,0.898121798520205,3.78040904198062,2028.95559492332,114.922643678161,58.4640053050397,1194.98150132626,281.538730327145,228.832496033845
WK051805,'s-Gravenhage,Archipelbuurt,2013,42.7987324146292,54261.3222404073,0.142645850451931,0.948717948717949,3.7632863340564,2145.87075829383,120.99275436431,62.4124422500441,1262.50584552989,267.808522306471,267.226880814464
WK051805,'s-Gravenhage,Archipelbuurt,2014,43.1626970945684,61974.1495819702,0.147401732178548,0.987747957992999,3.72767243748282,2014.3214199503,128.287489331436,67.1805280938836,1079.25945768137,272.862382645803,306.067784877529
WK051805,'s-Gravenhage,Archipelbuurt,2015,43.1548943871715,51898.7903867004,0.148196937263297,1.01496833621186,3.67256637168142,2181.90454977974,130.494639266184,68.7395466572587,1150.41971423532,294.778151349444,227.179145374449
WK051805,'s-Gravenhage,Archipelbuurt,2016,42.9843918780255,65439.7804441261,0.138610662358643,0.939476553980371,3.71455323702515,2246.26739485576,135.501907162726,74.002918984701,1282.52448365786,279.322127955494,208.929681960375
WK051805,'s-Gravenhage,Archipelbuurt,2017,43.215770736717,63545.7518453427,0.143355534411671,1.02987506789788,3.70836570836571,2316.82848934357,139.211393009378,76.5903410059673,1265.61686104007,294.206356351236,200.237665814152
WK051805,'s-Gravenhage,Archipelbuurt,2018,43.399527071186,56798.4556409361,0.123004694835681,0.978547854785479,3.82938514772425,2413.89660131824,146.515517998985,84.6817272266347,1347.61743113064,273.965468987663,265.967613655569
WK051805,'s-Gravenhage,Archipelbuurt,2019,43.727421489546,67572.4278278973,0.12153050023522,1.01865889212828,3.69634764062917,2335.76102677059,156.629222297526,91.5389969501861,1240.65583869875,282.768483564893,316.640077939681
WK051805,'s-Gravenhage,Archipelbuurt,2020,44.3954466634658,60935.3894881014,0.132606290501027,1.00536480686695,3.58129418162045,2353.44270196877,161.183279022404,95.0148896809233,1298.99648676171,286.805984385609,238.497898845893
WK051805,'s-Gravenhage,Archipelbuurt,2021,44.3205798256134,62178.9150717703,0.13471663053577,1.0386289445049,3.57673796791444,2260.18522563328,174.903425599732,103.272575071297,1259.97320751552,284.120036906559,166.160447911424
WK051805,'s-Gravenhage,Archipelbuurt,2022,44.4808957714417,62888.6322907861,0.118778625954198,0.943475964078183,3.6702462022001,2337.38718541944,183.616359853528,111.706857523302,1389.62211051931,326.038345539281,
WK051805,'s-Gravenhage,Archipelbuurt,2023,44.8218601745451,68579.5900621118,0.114333689513051,1.00162074554295,3.58015068849052,,,,,,
WK051805,'s-Gravenhage,Archipelbuurt,2024,45.6221712067764,,0.118221941992434,0.586538461538462,,,,,,,
WK051807,'s-Gravenhage,Scheveningen,2009,42.0721070978705,,0.165843454006624,0.810323272012859,4.2065868263473,2434.15610178971,121.349830866808,71.1671744807863,1266.4120246238,359.19732931227,451.55960228685
WK051807,'s-Gravenhage,Scheveningen,2010,42.3453874609976,,0.147870408342609,0.952456105740777,4.31595536246699,2481.29506936238,124.124441172785,64.297028567849,1370.73124044607,371.268487031702,358.467562052877
WK051807,'s-Gravenhage,Scheveningen,2011,42.2076211207254,27315.5769571827,0.138174958736147,0.993639720968404,4.31647549530761,2381.40773289419,129.792126826235,66.3351812247434,1317.43461983214,346.357889337891,304.289599154807
WK051807,'s-Gravenhage,Scheveningen,2012,42.1624464417021,27650.9810558222,0.136446402349486,1.03194250349371,4.2672268907563,2428.46202984891,124.661600689528,66.0599544419126,1440.905432494,297.089391737979,293.566851738116
WK051807,'s-Gravenhage,Scheveningen,2013,42.0148532778738,27898.5158690491,0.142094884584155,1.09108910891089,4.24350447814135,2579.85651306615,125.907888882135,66.4263430794474,1559.4153686706,299.657365509695,288.750026071666
WK051807,'s-Gravenhage,Scheveningen,2014,42.0992346239579,29425.0134385403,0.14619950440846,1.13073852295409,4.22951109539386,2414.33354768916,132.956687530091,71.2566237361577,1399.97421521426,287.850779971112,289.986183063886
WK051807,'s-Gravenhage,Scheveningen,2015,42.1479304130271,29298.9859275575,0.146512823442052,1.08671083398285,4.20326201332866,2628.11518686567,133.653586066798,71.2988582183185,1345.71687339428,322.36050964928,275.696544477612
WK051807,'s-Gravenhage,Scheveningen,2016,42.3265766961148,30834.1536221332,0.145556372687673,1.12158469945355,4.26368901368901,2721.99082879468,139.0311200616,76.5286862524431,1452.22711544157,316.889259017945,250.604047478096
WK051807,'s-Gravenhage,Scheveningen,2017,42.2309676844042,32272.211743032,0.14822233350025,1.13922356091031,4.26667829423563,2724.9579352698,142.085712788869,78.6278112812157,1420.64866290238,295.432591536175,259.693719657721
WK051807,'s-Gravenhage,Scheveningen,2018,42.0216755294286,32017.7756365335,0.140677781410047,1.14722275610225,4.28071970665984,2746.69529949702,155.42473822588,90.4782001600371,1427.54611225423,277.028587105624,310.766183699131
WK051807,'s-Gravenhage,Scheveningen,2019,42.094771183663,35350.0970873786,0.141871084209409,1.13729271114539,4.21102229701304,2762.88958918618,165.481656633222,96.8631438127086,1427.32881605351,287.042455406912,315.661304347826
WK051807,'s-Gravenhage,Scheveningen,2020,42.3115575250688,35617.1996731289,0.124603677869372,1.15197447147986,4.10096867091369,2581.93728625975,166.071442642908,97.6551336395332,1326.37253278734,281.347840185935,293.525971999336
WK051807,'s-Gravenhage,Scheveningen,2021,41.9112883845549,37234.453618586,0.13295188556567,1.13644349014249,4.0752669502561,2654.68253428414,179.66845255074,105.621584750411,1465.91178606692,269.433008776742,195.594335710368
WK051807,'s-Gravenhage,Scheveningen,2022,41.9862317067791,39637.8076923077,0.123566027059005,1.12616822429907,4.11202115860421,2566.27160620629,183.981063155595,110.053975633742,1524.39640187937,296.299323098777,
WK051807,'s-Gravenhage,Scheveningen,2023,42.3195873064714,41862.1394074235,0.13601581107789,1.15578829250047,4.00745643431635,,,,,,
WK051807,'s-Gravenhage,Scheveningen,2024,42.7281535161251,,0.123589046822742,0.634876672240803,,,,,,,
WK051808,'s-Gravenhage,Duindorp,2009,38.8422637306593,,0.233579556797764,0.939597315436242,4.11801410743353,2263.37759450171,119.582063106796,69.3227386731395,1215.24791464401,292.283976537216,410.88356781888
WK051808,'s-Gravenhage,Duindorp,2010,38.5053273542361,,0.115324776351614,0.983914209115281,4.13305395495024,2294.61931075227,117.532457778661,58.658837671369,1241.69007550169,299.111913371746,402.898761323356
WK051808,'s-Gravenhage,Duindorp,2011,38.1253023907257,22561.8099811676,0.128855630589524,1.04395604395604,4.23225482819162,2395.70890512298,125.752544849269,62.8118624005918,1291.88226558165,313.310843351211,405.327886073608
WK051808,'s-Gravenhage,Duindorp,2012,38.1476194501421,22789.0644506002,0.0980462448467467,0.981893004115226,4.13807740324594,2356.84346314074,122.494892151532,64.5447235816568,1419.9481874207,269.417812216784,307.068570911066
WK051808,'s-Gravenhage,Duindorp,2013,38.3499003162843,23702.8282252316,0.138176144244105,1.08523908523909,4.13892215568862,2366.68946097305,126.260015770107,67.1922919222008,1365.88404240407,263.288209216751,376.3501960098
WK051808,'s-Gravenhage,Duindorp,2014,38.0407482805713,24227.6029614325,0.117451339211446,1.08442906574394,4.09198672356567,2447.88703441295,133.899238818565,72.7989029535864,1416.79781097046,252.584389873418,344.818405870446
WK051808,'s-Gravenhage,Duindorp,2015,38.4299841055594,24586.2667460048,0.089341952594066,1.01303993480033,4.1307220386975,2436.1634218934,136.032257359125,73.9529049621532,1336.85488141295,276.066506307822,282.411827812342
WK051808,'s-Gravenhage,Duindorp,2016,38.6257060852646,25454.6465635739,0.101406120760959,1.00940665701881,4.15415111940298,2612.1179270763,141.080189093365,79.464865777478,1455.32380043896,302.224345770724,310.378404794058
WK051808,'s-Gravenhage,Duindorp,2017,38.7925920102148,26096.3640884925,0.111184645929848,1.08229243203527,4.24485399712781,2663.7537220339,144.686,82.106549152542,1514.1643220339,309.447177966102,273.621406779661
WK051808,'s-Gravenhage,Duindorp,2018,39.3927329812234,26553.9560874806,0.0890973036342321,1.07245080500894,4.33462002412545,2930.99808247422,153.451297250859,90.0266769759451,1672.62636254296,320.526618556701,342.170689003436
WK051808,'s-Gravenhage,Duindorp,2019,39.6273765802532,27758.2517699879,0.0887998664663662,1.11952861952862,4.23332524860538,2919.99575658461,165.846235152349,98.306727491823,1593.4971526941,295.085732484077,397.495014632467
WK051808,'s-Gravenhage,Duindorp,2020,40.0596280417194,29139.2182546595,0.0819338422391857,1.17714285714286,4.19440164355419,2566.90894755245,165.07755944056,97.5127062937067,1338.93344055944,296.58219055944,321.951533216783
WK051808,'s-Gravenhage,Duindorp,2021,39.8938619604207,30270.5022743177,0.0878321204941614,1.07575757575758,4.26841702778486,2811.25741659388,183.760401746724,110.229966812227,1581.22258864628,303.521116157205,224.293369432315
WK051808,'s-Gravenhage,Duindorp,2022,40.1662386954017,32171.6160167862,0.084822934232715,1.00179533213645,4.30555555555556,2582.30467518824,185.965296795658,113.027348975661,1575.88902994222,332.050014008054,
WK051808,'s-Gravenhage,Duindorp,2023,40.4736321275568,35263.5358020358,0.0699812702196492,0.939071566731141,4.20030272452069,,,,,,
WK051808,'s-Gravenhage,Duindorp,2024,41.2930842762508,,0.084364650514206,0.559002963221196,,,,,,,
WK051809,'s-Gravenhage,Geuzen- en Statenkwartier,2009,40.6936038310567,,0.154855268786539,0.72507030067056,3.8483837570459,1902.71708584686,109.944415634675,60.9815526315793,1017.34383281734,292.189024767802,267.363963650425
WK051809,'s-Gravenhage,Geuzen- en Statenkwartier,2010,40.6495569180467,,0.131618435155413,0.844624447717231,3.92404489286929,1993.11091135303,112.2607456964,54.4355610328639,1058.34576682316,307.789515649453,295.031371695178
WK051809,'s-Gravenhage,Geuzen- en Statenkwartier,2011,40.8676192721498,40277.7853164954,0.125017921146953,0.850866487673908,4.03558096126925,1960.5631811852,119.809182346109,58.1300046457608,1111.91419202478,288.803677893922,200.354033730466
WK051809,'s-Gravenhage,Geuzen- en Statenkwartier,2012,40.7472068246595,39560.7357885683,0.128843547121353,0.869243617275113,3.90190421234853,2040.756313343,115.708470129275,58.5745184731889,1254.54555878529,257.230611183355,190.760126495466
WK051809,'s-Gravenhage,Geuzen- en Statenkwartier,2013,40.7882714779605,40018.7868788517,0.129609891281177,0.9201752251156,3.84243964421855,1949.37503943577,117.043578274761,58.985366651453,1207.09033850601,227.378591206451,154.4033308054
WK051809,'s-Gravenhage,Geuzen- en Statenkwartier,2014,40.7794364058382,43384.7688861424,0.131591917200591,0.940238095238095,3.84970220717038,1998.84881123103,122.44007935908,62.323059481521,1223.40483788073,214.722723905977,192.893924069741
WK051809,'s-Gravenhage,Geuzen- en Statenkwartier,2015,40.836284023383,42623.3989439045,0.131868131868132,0.95067264573991,3.83975111528528,2080.12192573663,124.086935690109,63.0230936442272,1170.20467468973,224.562113576533,168.973846211666
WK051809,'s-Gravenhage,Geuzen- en Statenkwartier,2016,40.6689706122427,44071.0057125447,0.123318074628936,0.96172480620155,3.79189189189189,1979.49790437891,126.378528425601,65.8406430221299,1109.37261381417,206.867732657775,155.607433720584
WK051809,'s-Gravenhage,Geuzen- en Statenkwartier,2017,40.5485250202268,46688.2497143292,0.126920691793564,1.01078431372549,3.76166902404526,2079.45488437803,128.80136813146,67.2103152650756,1157.49616551416,219.05693508811,186.878567923266
WK051809,'s-Gravenhage,Geuzen- en Statenkwartier,2018,40.6341834424122,47811.6365862993,0.124602186246022,1.00745341614907,3.80448984439957,2187.42078054974,139.562792799522,77.9900552733797,1218.76979982074,219.156135345085,221.34779354646
WK051809,'s-Gravenhage,Geuzen- en Statenkwartier,2019,40.8252511398433,51983.6871911821,0.118482099577592,0.958145363408521,3.70629286487787,2157.92314240907,150.794069897693,85.7602195504441,1218.24333208871,211.538400418192,174.997252632365
WK051809,'s-Gravenhage,Geuzen- en Statenkwartier,2020,41.0446146950462,49110.7283941498,0.144243822970405,1.05404778473672,3.5966919537371,2051.51230340783,151.942694027115,86.4016643459139,1133.33251813852,200.011500916087,206.449807255405
WK051809,'s-Gravenhage,Geuzen- en Statenkwartier,2021,41.2276694781544,49907.722102542,0.137184586294582,1.0126892252894,3.69476675349278,2147.87742684659,168.4938359375,97.4369985795458,1191.92575071023,228.961816761364,157.125132102273
WK051809,'s-Gravenhage,Geuzen- en Statenkwartier,2022,41.2701413221457,53382.4736581221,0.119933192008736,1.04559710494572,3.72300253281142,2044.34900931413,173.687305955405,101.686493084957,1261.12594905448,218.304197008186,
WK051809,'s-Gravenhage,Geuzen- en Statenkwartier,2023,41.4351272389008,57292.9171539274,0.11744966442953,0.986397748592871,3.64037526059764,,,,,,
WK051809,'s-Gravenhage,Geuzen- en Statenkwartier,2024,42.1690267478735,,0.119492208490059,0.600416442772703,,,,,,,
WK051811,'s-Gravenhage,Duinoord,2009,38.2513930582416,,0.227665317139001,0.857142857142857,3.56222418358341,1798.63767676767,105.408598007618,56.3902138880751,966.606494286552,266.306491356578,253.793497291758
WK051811,'s-Gravenhage,Duinoord,2010,38.2874769530349,,0.161545686300818,0.871449925261584,3.57937200174444,1743.29798058815,106.355245591022,49.6824121848126,935.601963270662,269.469355779041,227.202122265681
WK051811,'s-Gravenhage,Duinoord,2011,38.1289807789092,35845.0234686347,0.147252451968292,0.933803368585977,3.60220869957178,1772.69397776495,114.117445487364,53.7984664259929,967.233703971116,249.947377617329,235.073073924343
WK051811,'s-Gravenhage,Duinoord,2012,38.1002388589995,37051.9373556582,0.166167859466493,0.985860728172499,3.53842785198161,1742.61273018081,107.654300460315,52.095596317478,957.830016738736,234.806264472032,256.035827538247
WK051811,'s-Gravenhage,Duinoord,2013,38.0374805668113,36735.0104434907,0.157840616966581,1.04034582132565,3.48130736512201,1719.58061882547,110.020858008539,53.5824969012531,970.308187577469,188.05908690263,245.408459110867
WK051811,'s-Gravenhage,Duinoord,2014,37.7466560591729,37386.1067860387,0.242441726286637,1.20735881346264,3.44185102496448,1849.8285260687,115.884802973978,59.3718054522929,950.682866171003,184.649573729863,400.292210279219
WK051811,'s-Gravenhage,Duinoord,2015,37.7117418443541,38471.7661167337,0.171849832734481,1.08264746227709,3.47179374173645,1813.69978121665,115.780084123381,57.2261917478967,960.875298437707,190.2262398184,225.176906350053
WK051811,'s-Gravenhage,Duinoord,2016,38.0738514636722,40604.949867337,0.161678146524734,1.09925925925926,3.47396176664469,1846.26819111709,121.825580831875,62.9764800107688,1013.73964732804,194.994591465877,166.761769851952
WK051811,'s-Gravenhage,Duinoord,2017,38.3085249436633,41927.9553944801,0.153024469010061,1.10548362528561,3.50124631769771,2044.88202972973,124.705331081081,64.645862162162,1074.49072702703,216.568595945946,233.730191891892
WK051811,'s-Gravenhage,Duinoord,2018,38.4080696301623,42399.4792753225,0.153008806262231,1.08707025411061,3.51608638166593,1991.70474959829,133.328347616497,74.459006427424,1092.33762453133,210.268148098554,189.539357257633
WK051811,'s-Gravenhage,Duinoord,2019,38.7284436406262,45836.2281514831,0.159796256811182,1.09151943462898,3.45591397849462,2121.16983227971,142.961617855761,80.5415727002966,1082.58505999226,226.741670752161,281.307040381886
WK051811,'s-Gravenhage,Duinoord,2020,39.0009907885655,45094.4245117677,0.162586815438916,1.17465388711395,3.30608365019011,2015.06787728847,146.204727857496,83.0292812963881,1070.90457694211,240.634609104404,239.377779564572
WK051811,'s-Gravenhage,Duinoord,2021,39.1214997927594,48342.1694396868,0.150189267423736,1.10326281821441,3.36595034425203,2086.39285364659,161.620755017132,92.6886551639749,1120.59976138032,238.660451541851,193.382889133627
WK051811,'s-Gravenhage,Duinoord,2022,39.1532864709946,49812.9298732649,0.125735454347352,1.0716211012707,3.38260694918658,1793.29627536231,169.676455314009,101.202368357488,1053.24504830918,244.153173913044,
WK051811,'s-Gravenhage,Duinoord,2023,39.589829105887,51322.0880426874,0.118602851774069,1.03129770992366,3.3658883248731,,,,,,
WK051811,'s-Gravenhage,Duinoord,2024,40.1908700522533,,0.12550881953867,0.621664405246495,,,,,,,
WK051812,'s-Gravenhage,Bomen- en Bloemenbuurt,2009,42.0915850987559,,0.108635097493036,0.666666666666667,3.99676057720624,2032.7712249714,121.262291458006,70.5262026040922,1117.14283516955,314.569394763199,251.759426487414
WK051812,'s-Gravenhage,Bomen- en Bloemenbuurt,2010,42.4145278494021,,0.109080841638981,0.860202604920405,4.11412617554859,2078.92445944025,120.848304466075,60.3847745490984,1152.50729959919,332.435312768393,221.154567410143
WK051812,'s-Gravenhage,Bomen- en Bloemenbuurt,2011,42.4258291698191,29073.6426052537,0.0966846996809544,0.897604790419162,4.23105231748558,2160.36863542777,129.594738299837,64.9584049428311,1226.80966337618,326.76326610326,221.64868086617
WK051812,'s-Gravenhage,Bomen- en Bloemenbuurt,2012,42.4839902109927,29350.3346701998,0.0999793715189438,0.957070707070707,4.12393247269116,2096.11135792062,122.494763411377,63.0228010968145,1285.97296069746,275.94541657878,161.487046013347
WK051812,'s-Gravenhage,Bomen- en Bloemenbuurt,2013,42.39329033425,29551.9565155403,0.10198919953517,0.957110609480813,4.10956976276639,2153.03602847325,125.659505652693,64.9865023523628,1241.56940102521,256.569221262551,203.60433620871
WK051812,'s-Gravenhage,Bomen- en Bloemenbuurt,2014,42.2937104441739,30646.0192973775,0.106308015448201,1.03120567375887,4.13397565922921,2195.58853436283,133.648784103563,71.1547898106909,1298.17610175389,254.044725083519,206.828270033389
WK051812,'s-Gravenhage,Bomen- en Bloemenbuurt,2015,42.2864939860561,30812.0895986433,0.112340597800418,1.09369024856597,4.18543520507313,2382.82369642237,134.341895629212,71.1734215829336,1316.05227781252,268.371673268015,203.052887113581
WK051812,'s-Gravenhage,Bomen- en Bloemenbuurt,2016,42.2712519829865,32101.1863245473,0.120282704360581,1.13337053571429,4.14459059855206,2330.47505771608,135.909339013329,72.7624336952041,1306.19631510238,257.034895561358,184.201910814896
WK051812,'s-Gravenhage,Bomen- en Bloemenbuurt,2017,42.3939252349549,33100.6730233853,0.109061960992437,1.08013355592654,4.13142857142857,2409.57729607561,140.325637285117,76.493966851586,1323.03950962263,264.947609067871,190.252414903089
WK051812,'s-Gravenhage,Bomen- en Bloemenbuurt,2018,42.4792106436458,33409.5765107213,0.100600699716153,1.05996523754345,4.16326738731389,2509.65527891714,150.334331419195,89.1855058791363,1384.92108558927,264.425616625649,214.239121547717
WK051812,'s-Gravenhage,Bomen- en Bloemenbuurt,2019,42.6946186896538,35376.2680505415,0.0975109228121276,1.10185758513932,4.12344280860702,2464.63710365646,161.27616793579,98.2176270837623,1322.6441407697,262.766808671195,217.791293133018
WK051812,'s-Gravenhage,Bomen- en Bloemenbuurt,2020,42.5841885578151,36303.5004847645,0.10777058279371,1.12786314873876,4.00107492206815,2382.75726239386,159.806539989044,96.1528834565876,1236.35009312517,254.727400712134,227.683755820323
WK051812,'s-Gravenhage,Bomen- en Bloemenbuurt,2021,42.7778448064253,38198.3145672547,0.105117565698479,1.08910891089109,3.97800679983,2453.36311381335,177.241159994533,108.535671539828,1358.83953955458,249.127633556496,164.178855717994
WK051812,'s-Gravenhage,Bomen- en Bloemenbuurt,2022,42.8275091421358,40544.6350942358,0.101190476190476,1.06992797118848,4.04364543281721,2383.91250716136,186.308983767562,117.443332423953,1420.88789796754,263.51075910517,
WK051812,'s-Gravenhage,Bomen- en Bloemenbuurt,2023,42.8398802696843,43149.7657731959,0.0954345974978712,1.03943077379188,3.86190276613579,,,,,,
WK051812,'s-Gravenhage,Bomen- en Bloemenbuurt,2024,43.2777862329544,,0.105903590292171,0.587751554456107,,,,,,,
WK051813,'s-Gravenhage,Vogelwijk,2009,40.5904449815866,,0.0909819639278557,0.594444444444444,3.56557863501484,1630.04496396953,109.212320214301,58.3598866680404,918.241114774369,262.949779517824,152.120158534074
WK051813,'s-Gravenhage,Vogelwijk,2010,40.7953668218349,,0.0813953488372093,0.688843398157625,3.67052194543298,1797.30009724808,110.177371500209,49.9512348516507,981.137576264103,281.799302131215,233.252199462032
WK051813,'s-Gravenhage,Vogelwijk,2011,41.044623114429,46239.8958162428,0.0944104285996445,0.73469387755102,3.71987066431511,1975.92567946374,119.782070296627,55.4700975213327,1112.29711905729,253.400623730191,253.96849278895
WK051813,'s-Gravenhage,Vogelwijk,2012,41.0951546723013,46912.1344862665,0.0792291220556745,0.787109375,3.66893692626592,1795.58477964743,113.268723404255,53.760570052188,1108.39780008029,216.087420714573,132.653848157051
WK051813,'s-Gravenhage,Vogelwijk,2013,41.3307087991572,47711.8139440616,0.0777734678044996,0.7857847976308,3.6068401937046,1908.18798555377,115.826232904263,54.8137510056312,1133.31133950121,211.805800482704,232.021282102729
WK051813,'s-Gravenhage,Vogelwijk,2014,41.4237012457846,52800.3201446074,0.0748273215656178,0.795169082125604,3.58458308338332,1970.34344944268,123.299732961339,60.3277361498604,1245.98229573535,196.719147070547,158.813620621019
WK051813,'s-Gravenhage,Vogelwijk,2015,41.3546095788513,49507.9144710971,0.0899280575539568,0.968045112781955,3.65062761506276,1926.79174494007,124.854136506687,61.3909795436663,1086.62422698662,208.3485877262,117.082196895264
WK051813,'s-Gravenhage,Vogelwijk,2016,41.2727085220891,52145.8406390025,0.084593837535014,0.812891674127126,3.66200119118523,1922.90863317757,130.296273134619,67.0153263198908,1096.74789207092,200.878953828171,86.9848812305296
WK051813,'s-Gravenhage,Vogelwijk,2017,41.0123397772816,54340.2467557252,0.0845251191785845,0.90562613430127,3.57950219619326,1937.50122887865,131.106655145929,66.5915994623654,1099.4200249616,184.121920122888,136.821850998464
WK051813,'s-Gravenhage,Vogelwijk,2018,41.0857067857685,53181.3971346705,0.0735564545788893,0.785444234404537,3.6863869604588,2101.78470814873,141.733681371605,77.694083991524,1178.56859179349,183.241805047197,198.360785975727
WK051813,'s-Gravenhage,Vogelwijk,2019,41.1916169836795,59682.8437799502,0.0754786450662739,0.853025936599424,3.60645355850422,1965.81057164781,150.209029349703,84.026495300211,1137.03399002494,196.721379244197,131.850475733743
WK051813,'s-Gravenhage,Vogelwijk,2020,41.0921698672832,58989.0194376297,0.0864668483197094,0.878842676311031,3.47711598746081,2003.9725213432,144.531208499336,77.938791500664,1155.29676911402,188.852227281351,191.246118383608
WK051813,'s-Gravenhage,Vogelwijk,2021,41.2406118213431,58655.870979736,0.0859149855907781,0.913998170173833,3.49323909035034,1978.75647379297,163.590169077588,91.66389629908,1165.99405786211,191.896453127935,98.7997125681007
WK051813,'s-Gravenhage,Vogelwijk,2022,41.6822735335152,63475.5397528131,0.0859375,0.864667747163695,3.64619970193741,2030.31169979565,174.872424298718,102.67911016162,1253.61193758127,199.292153074494,
WK051813,'s-Gravenhage,Vogelwijk,2023,42.0786366425768,66714.8361862691,0.0829337595453738,0.791925465838509,3.51520572450805,,,,,,
WK051813,'s-Gravenhage,Vogelwijk,2024,43.0161300557641,,0.0788123167155425,0.467375366568915,,,,,,,
WK051814,'s-Gravenhage,Bohemen en Meer en Bos,2009,52.7637744667308,,0.104115729421353,0.67695274831244,4.76331049024776,2581.43822517105,153.022565857705,100.625208462974,1397.21099771831,455.579359054138,264.438604602944
WK051814,'s-Gravenhage,Bohemen en Meer en Bos,2010,52.082336198203,,0.100307692307692,0.8840885142255,4.83777957423875,2600.43301292744,149.115835955527,83.3287455422699,1464.08586322635,445.840039857352,200.540756880734
WK051814,'s-Gravenhage,Bohemen en Meer en Bos,2011,52.230920945929,30784.4310931518,0.0822916666666667,0.849942726231386,4.9402368493528,2619.122697271,152.033198646076,81.1696107467738,1391.71700444257,432.608737042522,285.166945208377
WK051814,'s-Gravenhage,Bohemen en Meer en Bos,2012,52.0972805530319,30942.5677929855,0.0955851728446481,0.957112970711297,4.85702364394993,2496.49049232064,138.279174041297,72.9662810788033,1460.92895912348,381.791439106616,191.488089627604
WK051814,'s-Gravenhage,Bohemen en Meer en Bos,2013,52.0385356570344,30721.3556315452,0.0977178423236515,0.902681231380338,4.78926883514039,2490.08457377394,139.742706006322,73.2837639620653,1478.32504531085,339.195593256059,183.575102083772
WK051814,'s-Gravenhage,Bohemen en Meer en Bos,2014,52.4840038433276,32270.3531994981,0.112701984045817,0.976900866217517,4.77946453215567,2723.77771612635,151.438332986905,82.2949116607775,1543.17547495324,351.046466431095,193.77565045719
WK051814,'s-Gravenhage,Bohemen en Meer en Bos,2015,52.8230451271255,32094.3777590919,0.118606072957,0.992700729927007,4.90161200667037,2899.57107816712,151.785856491082,82.2815636665285,1446.76195976773,366.116787639983,205.377903794319
WK051814,'s-Gravenhage,Bohemen en Meer en Bos,2016,52.5863749440686,32410.0176641729,0.129421221864952,1.14882032667877,4.80854560394412,2997.71576946658,155.569398527005,86.6906587561373,1468.52261047463,381.211708265138,260.079889638259
WK051814,'s-Gravenhage,Bohemen en Meer en Bos,2017,52.4319990041828,33457.1974417165,0.118863049095607,1.07651715039578,4.89728682170543,3223.78231739574,161.226292980671,91.2537700915567,1614.89485249237,356.108925737538,248.003336724313
WK051814,'s-Gravenhage,Bohemen en Meer en Bos,2018,52.8367379554622,33625.900872818,0.120169082125604,1.12897366030881,4.95049778761062,3256.41551221515,177.970316156847,106.796717306508,1665.68950523507,351.895931020324,251.33009443646
WK051814,'s-Gravenhage,Bohemen en Meer en Bos,2019,52.8855959050182,35981.5330441966,0.110622124424885,1.13300970873786,4.89634313995051,3164.8597172498,187.19622253865,113.693069568755,1639.09275223759,369.18343165175,264.207660699756
WK051814,'s-Gravenhage,Bohemen en Meer en Bos,2020,53.0296173800433,36466.8963677406,0.108,1.10216110019646,4.8141592920354,3292.14700447699,191.289788359788,117.458754578754,1625.82396825396,374.476027676027,379.687647537647
WK051814,'s-Gravenhage,Bohemen en Meer en Bos,2021,52.8758995820343,38066.6090797042,0.126813754720731,1.1508739650414,4.79909194097616,3316.75048321876,209.780032349374,131.135612616256,1778.67790942175,373.986025070763,192.705099069956
WK051814,'s-Gravenhage,Bohemen en Meer en Bos,2022,52.9911373364822,39865.2771581991,0.119438402214752,1.11079812206573,4.862635831708,3390.71699616702,218.234833568691,137.366737946339,1975.5074541053,395.438254992939,
WK051814,'s-Gravenhage,Bohemen en Meer en Bos,2023,53.031539909204,43304.1859663354,0.112549019607843,1.10316742081448,4.68980838655929,,,,,,
WK051814,'s-Gravenhage,Bohemen en Meer en Bos,2024,53.3583813777862,,0.116439748018695,0.599878073562284,,,,,,,
WK051815,'s-Gravenhage,Kijkduin en Ockenburgh,2009,46.5045736007654,,0.150449713818479,0.73582295988935,4.27203736135435,6506.65209194433,119.368599746942,71.2551117671867,1276.42025305778,449.333947701392,4396.4594179671
WK051815,'s-Gravenhage,Kijkduin en Ockenburgh,2010,46.2028149722172,,0.160488798370672,1.04518950437318,4.30406976744186,5136.72129208755,122.11385853452,62.6637187632359,1324.39585768742,449.225916984329,2954.89615319865
WK051815,'s-Gravenhage,Kijkduin en Ockenburgh,2011,46.6192545280088,41898.1756513926,0.140909090909091,0.984615384615385,4.51207729468599,4865.33615582192,129.499657534247,65.8835402397261,1531.22562071918,428.576849315069,2510.02760702055
WK051815,'s-Gravenhage,Kijkduin en Ockenburgh,2012,47.2054304219159,40942.8187980118,0.107097322566936,0.884146341463415,4.40269277845777,4236.96878378378,123.467052631579,63.6706622807016,1436.46185964912,365.788263157894,2051.14940278989
WK051815,'s-Gravenhage,Kijkduin en Ockenburgh,2013,48.0304560018662,40825.0749185668,0.122936576889661,0.93192868719611,4.39074550128535,4514.42728125,123.225336927224,62.1751437556155,1466.50123539982,323.157789757412,2275.90766964286
WK051815,'s-Gravenhage,Kijkduin en Ockenburgh,2014,48.7309755171843,49241.7827733081,0.138901098901099,0.940988835725678,4.49310571240972,3940.47628805088,135.776974828375,71.7107185354691,1620.96777574371,329.871327231122,1530.57804179918
WK051815,'s-Gravenhage,Kijkduin en Ockenburgh,2015,49.491987004831,41616.36359447,0.115215479331574,0.95357833655706,4.51227604512276,2655.37401907357,132.457245454546,67.5782272727273,1471.42185,391.506172727273,134.994368755677
WK051815,'s-Gravenhage,Kijkduin en Ockenburgh,2016,49.1516155127834,44598.4614343708,0.107876712328767,0.893772893772894,4.5733070348455,2805.1371770972,138.753391034177,74.3049001331558,1523.55329782512,343.099325343985,116.094962272526
WK051815,'s-Gravenhage,Kijkduin en Ockenburgh,2017,48.7011264589972,47685.7093942054,0.126603227141084,1.06646525679758,4.48233106013639,2722.77475885617,143.15616303884,78.3618822023046,1582.31635936833,333.733965002134,126.110409731114
WK051815,'s-Gravenhage,Kijkduin en Ockenburgh,2018,48.899465741764,47387.6028583803,0.127003699136868,1.04454685099846,4.62531328320802,2861.72379762913,154.948458933108,90.4494284504658,1698.89859864522,320.719254868755,132.582866215072
WK051815,'s-Gravenhage,Kijkduin en Ockenburgh,2019,48.9787691129746,53176.7735849057,0.113452188006483,0.989583333333333,4.60557275541796,2890.68911764706,164.912589063794,98.3056048053022,1641.73427506214,323.586727423363,254.662236951118
WK051815,'s-Gravenhage,Kijkduin en Ockenburgh,2020,50.2713306491477,49629.6483600305,0.188304523721957,1.06270996640538,4.51299826689775,2474.39116007533,161.027770244821,93.4093521657252,1437.85117514125,324.29025235405,154.392203389831
WK051815,'s-Gravenhage,Kijkduin en Ockenburgh,2021,49.9255244643341,50786.3836308521,0.202404158544509,1.13702928870293,4.49257552483359,2810.7680716438,181.059055908939,108.432641446267,1727.25627720121,300.629122865752,108.65406427854
WK051815,'s-Gravenhage,Kijkduin en Ockenburgh,2022,50.2033040815785,52523.0745320856,0.0941935483870968,0.979099678456592,4.54181098466106,2865.47550966022,191.898471019321,117.286845436376,1810.85162891405,352.126612258494,
WK051815,'s-Gravenhage,Kijkduin en Ockenburgh,2023,48.9608268902548,52476.908703591,0.188805104408353,1.18875927889714,4.5086249383933,,,,,,
WK051815,'s-Gravenhage,Kijkduin en Ockenburgh,2024,49.4617249820033,,0.123342939481268,0.535158501440922,,,,,,,
WK051816,'s-Gravenhage,Kraayenstein en Vroondaal,2009,43.1813141261985,,0.172471324296142,0.829452054794521,4.2616226071103,4716.45128761823,119.779918226813,71.2123348396814,1232.02786528944,352.692599526576,2758.22023215821
WK051816,'s-Gravenhage,Kraayenstein en Vroondaal,2010,43.471603161787,,0.17395706763872,0.978846153846154,4.34697456883952,4164.15847176079,118.735932485934,61.1139195665763,1263.96622421338,377.357447384871,2144.76325166113
WK051816,'s-Gravenhage,Kraayenstein en Vroondaal,2011,43.5579922829867,29452.1022751435,0.138593622240392,0.955007256894049,4.42350527549824,3979.43478532721,125.311113660063,63.5523044838376,1404.33282168926,379.652911366006,1784.38305335556
WK051816,'s-Gravenhage,Kraayenstein en Vroondaal,2012,43.5350028658833,30253.9749262537,0.116812005678361,0.942945258288358,4.37354781054513,3071.49463283828,117.677087118084,60.7456936416184,1401.54137489678,314.124300165152,977.428110561056
WK051816,'s-Gravenhage,Kraayenstein en Vroondaal,2013,43.6196176955612,30571.5199582027,0.131695529601289,1.03316138540899,4.37485101311085,3686.30155591903,120.971966844044,63.4510744985672,1448.25975849365,285.772069177241,1549.25209364138
WK051816,'s-Gravenhage,Kraayenstein en Vroondaal,2014,43.8697846280177,32664.9289287203,0.118837675350701,0.940998487140696,4.43480897513645,3286.0969707436,130.209634220687,71.1827778906724,1452.90862426336,272.18772403983,1110.89173709874
WK051816,'s-Gravenhage,Kraayenstein en Vroondaal,2015,43.9705436291893,31615.2320081549,0.176850763807286,1.1072618254497,4.33580980683507,3194.03754825871,128.658634010354,68.750455993628,1357.96130426125,269.550436081243,1028.55607960199
WK051816,'s-Gravenhage,Kraayenstein en Vroondaal,2016,43.3130736105393,34767.5183809151,0.188861985472155,1.27609635577517,4.31877481565513,3676.06404739335,131.377326882945,71.7340466704609,1393.81619047619,269.395344336939,1480.93203601896
WK051816,'s-Gravenhage,Kraayenstein en Vroondaal,2017,41.6739610810591,36159.1601059135,0.20250626566416,1.15204386839482,4.15682174594877,3458.2856125064,133.766118229968,73.868901418076,1333.26969759098,251.8891371946,1323.11448658807
WK051816,'s-Gravenhage,Kraayenstein en Vroondaal,2018,41.0373243760966,37221.5579357352,0.17248942503525,1.03947368421053,4.10521164668461,3672.97467945644,146.510665067946,85.9620239808152,1392.84439008793,284.338351718625,1443.12702957634
WK051816,'s-Gravenhage,Kraayenstein en Vroondaal,2019,40.1759676848685,40799.4384858044,0.167482014388489,1.09178743961353,4.00090211998196,4034.19252860077,155.57103549428,92.0848269287181,1458.77815928425,260.361085362276,1727.65148137284
WK051816,'s-Gravenhage,Kraayenstein en Vroondaal,2020,39.5748844143945,40526.8473432668,0.15972972972973,1.06072477962782,3.88396290432029,3404.04250621032,157.070449903395,93.4732335081425,1194.11646425615,236.827604195419,1411.82289539056
WK051816,'s-Gravenhage,Kraayenstein en Vroondaal,2021,38.814508717353,42430.2612327554,0.175518214154299,1.1432349052446,3.80810755754736,3278.86854529508,170.184669840873,101.272829219396,1291.38952386919,243.475513093597,1125.06658438792
WK051816,'s-Gravenhage,Kraayenstein en Vroondaal,2022,37.9011608468931,45042.0950972586,0.19165665611008,1.187386073642,3.78317265556529,2216.07645067265,181.467035874439,113.076891255605,1370.33297982063,262.640258968609,
WK051816,'s-Gravenhage,Kraayenstein en Vroondaal,2023,37.7377186219869,48993.3127049614,0.148242746219861,1.19067796610169,3.60725474031327,,,,,,
WK051816,'s-Gravenhage,Kraayenstein en Vroondaal,2024,37.9625909852983,,0.0848136358969093,0.46134100010268,,,,,,,
WK051817,'s-Gravenhage,Loosduinen,2009,43.7296402859748,,0.097627231400377,0.59024728449272,4.63429873566598,2375.01259819921,140.151777915354,88.9384804142276,1272.43064385412,420.836874155785,266.175886888014
WK051817,'s-Gravenhage,Loosduinen,2010,43.812098256883,,0.0952724447897015,0.710651450309082,4.78586505568091,2546.24694816149,142.053128286313,80.7938598970994,1369.73523491831,439.636923729292,292.844763859215
WK051817,'s-Gravenhage,Loosduinen,2011,44.0666092783959,25459.7588178128,0.0904522613065327,0.806109879280611,4.94812190982215,2712.08706899474,146.592099463124,80.7541955354617,1482.99369821984,439.115069228594,316.259503305645
WK051817,'s-Gravenhage,Loosduinen,2012,44.2318507008168,25417.7424835848,0.0922721379854574,0.836073500967118,4.82128301886792,2634.44587666401,134.208635251266,73.7750754083428,1543.2240589608,367.173350976042,278.438176129252
WK051817,'s-Gravenhage,Loosduinen,2013,44.4113326165062,25472.1434606481,0.100430010184452,0.882971101026988,4.72538664654847,2742.99712858854,140.836198743575,79.4912381496296,1581.62763906339,347.479886921758,326.343713829119
WK051817,'s-Gravenhage,Loosduinen,2014,44.5851981342623,26334.1102152097,0.0950841979928559,0.859205776173285,4.82898550724638,2836.58763191028,150.726467861028,87.179530078416,1645.63128441418,344.916385438728,311.050453244821
WK051817,'s-Gravenhage,Loosduinen,2015,44.379804402308,26621.4146637393,0.114736545505776,0.965408805031447,4.82650657344783,2882.77190733371,147.430916846775,83.4311113638951,1547.31500568763,360.855944147424,280.637266628767
WK051817,'s-Gravenhage,Loosduinen,2016,44.2473191048659,27184.3618142252,0.113138075313808,0.963751699139103,4.87489624990568,3085.07216378875,153.662406459236,89.7879823327516,1673.74150790524,354.29936026557,359.106947522358
WK051817,'s-Gravenhage,Loosduinen,2017,44.1092381647571,27939.1333898305,0.118840739111307,0.971917507678806,4.88323489323035,3033.81950530232,159.234875353951,94.385825328965,1630.72457775804,367.008212758869,291.062847704181
WK051817,'s-Gravenhage,Loosduinen,2018,44.1203506756799,28166.112250042,0.105415123120506,0.975722543352601,4.92928842293107,3126.44006555751,173.897361723225,108.678741185543,1673.27602027325,348.425805971794,306.23047928603
WK051817,'s-Gravenhage,Loosduinen,2019,44.1352511864821,29349.2270898525,0.100721766972377,0.98744373371239,4.86254218222722,3145.56210297835,191.387614023519,122.12728541598,1659.35227992087,357.345820969338,322.248603143203
WK051817,'s-Gravenhage,Loosduinen,2020,44.3208719232011,30144.9117614082,0.0986799039930177,0.991654393716249,4.78603479493033,3154.81468271938,189.601295079252,120.17843762081,1623.77666040758,355.667893080025,344.79267023803
WK051817,'s-Gravenhage,Loosduinen,2021,44.2722262183414,31220.3780124712,0.0968253100923447,0.984736842105263,4.79630354765448,3260.69298290266,203.142588944834,128.299214297571,1803.76264814917,355.198384330215,212.335734521109
WK051817,'s-Gravenhage,Loosduinen,2022,44.5482796209188,32846.9506764374,0.0939362458308273,1.02539931919351,4.8511476930211,3141.21781889807,215.774292848027,140.446949453477,1809.95989235977,386.545079620487,
WK051817,'s-Gravenhage,Loosduinen,2023,44.6028129401199,35402.7745977985,0.0905212492479352,1.0201450443191,4.65975847292559,,,,,,
WK051817,'s-Gravenhage,Loosduinen,2024,44.8892442598499,,0.087056707694037,0.547661870503597,,,,,,,
WK051818,'s-Gravenhage,Waldeck,2009,48.7973258678854,,0.112390904233213,0.671289537712895,5.0267753201397,2860.21783636695,150.621027471863,98.7884727096694,1498.84069284763,492.575040542177,408.270610751647
WK051818,'s-Gravenhage,Waldeck,2010,49.0079946548659,,0.105781353184847,0.814719505918682,5.12379259717178,3087.17308269301,151.159338645417,86.9152828685259,1537.80594728778,498.465300643579,566.113319307233
WK051818,'s-Gravenhage,Waldeck,2011,48.7838448489634,24725.3174311927,0.116906261138173,0.876543209876543,5.26464646464646,3052.13034189581,157.244028590385,88.1216852644903,1643.61888111466,490.080054285541,398.643891099855
WK051818,'s-Gravenhage,Waldeck,2012,48.7227937319113,24642.6567946374,0.107895824720959,0.893553223388306,5.22794746250097,3004.71086974767,147.154265146971,83.6606292741448,1748.22863707258,439.207206958606,312.274318767608
WK051818,'s-Gravenhage,Waldeck,2013,48.8730121342361,24667.8408683172,0.132779842080817,0.986920860119707,5.23619846261356,3258.52297752147,152.722521349902,88.6447729548264,1815.01076800755,418.713600918782,435.376911851242
WK051818,'s-Gravenhage,Waldeck,2014,49.012215387628,25212.7818723912,0.114746517139719,0.943334117093816,5.20859651825605,3194.56085330831,162.195624743478,96.2044186455587,1811.42345411902,408.34487129874,353.225698880619
WK051818,'s-Gravenhage,Waldeck,2015,48.8099338339628,25441.8166884118,0.119979343585036,0.96667438093034,5.27496717386267,3375.07249591692,157.379494631186,90.8574165499531,1661.318767507,422.370365896359,429.835038497434
WK051818,'s-Gravenhage,Waldeck,2016,48.8764840743806,26245.0468622181,0.132616690240453,1.0307857911733,5.27122373112814,3480.45671045083,162.082996843615,95.4937710186514,1718.44114949784,435.214311621234,484.506356544682
WK051818,'s-Gravenhage,Waldeck,2017,48.8820267565603,26858.0560573393,0.124298270484831,1.08077858880779,5.29964283000228,3423.09036902914,168.511897453583,101.046257400701,1689.28220210381,407.739484968674,392.148752658505
WK051818,'s-Gravenhage,Waldeck,2018,48.6725679666273,26904.9101988454,0.115693595836162,1.02397846831417,5.34431229033242,3707.0762897019,180.207964505198,112.555521222213,1865.61020963758,415.839056343691,461.152267532021
WK051818,'s-Gravenhage,Waldeck,2019,48.6084253937103,28409.4637169167,0.115605646376165,1.01484184914842,5.20605132133282,3600.51957080324,193.726636348133,122.532939571373,1803.01345858678,407.445518162697,424.924634187938
WK051818,'s-Gravenhage,Waldeck,2020,48.6099571605868,29214.1948402666,0.116033168234181,1.03905870936439,5.07486715837894,3492.54691561755,192.55412385165,121.561429057502,1631.04759725531,393.598280594307,523.358264148804
WK051818,'s-Gravenhage,Waldeck,2021,48.6533691179444,30345.9483845096,0.11054384017758,1.05909677419355,5.11329163408913,3783.88033378517,213.313182536992,136.494396814639,1963.17763582966,409.422030949962,380.422629617079
WK051818,'s-Gravenhage,Waldeck,2022,48.3253478077265,31781.7823361823,0.114109357076528,1.13784067085954,5.14110665844636,3498.20194827781,224.365536856277,145.90350387075,2064.66873499383,406.877256254909,
WK051818,'s-Gravenhage,Waldeck,2023,47.9795013307561,34078.5377176015,0.110477235326385,1.09902011346055,4.9232634543179,,,,,,
WK051818,'s-Gravenhage,Waldeck,2024,48.353800374222,,0.11197175076888,0.549410491541835,,,,,,,
WK051819,'s-Gravenhage,Vruchtenbuurt,2009,39.5224649656805,,0.0951789778605421,0.603258476442096,3.76014545454545,1757.37081480704,121.135367670198,70.465419070597,948.441008077207,281.394606105111,186.55734375
WK051819,'s-Gravenhage,Vruchtenbuurt,2010,39.6333886182712,,0.0845318158303156,0.769739952718676,3.81623808147934,1896.40946419209,120.923699092635,61.6318453260182,1040.60930892593,288.913495463178,219.334263395198
WK051819,'s-Gravenhage,Vruchtenbuurt,2011,39.3161991403966,29813.4383590836,0.0980472764645427,0.851185250219491,3.90398928252456,1973.39020729167,126.977665937273,64.0193331249347,1097.15425132854,280.259697822236,226.081507291666
WK051819,'s-Gravenhage,Vruchtenbuurt,2012,39.6058553080052,29826.9740561063,0.0911322491561829,0.908364661654135,3.78170785851709,1851.13865998554,118.323898883374,60.1965456989245,1075.40870864351,228.58534222498,191.107780762475
WK051819,'s-Gravenhage,Vruchtenbuurt,2013,39.5123726096539,30330.9880864523,0.078804625933886,0.930792377131394,3.77327005511329,1938.5877431022,119.233729444617,60.0046116454649,1126.46765849622,219.43755403868,222.051983052599
WK051819,'s-Gravenhage,Vruchtenbuurt,2014,39.5530804507978,31520.1153526108,0.0895266868076536,0.966207203201423,3.73976122109717,2071.05169692025,128.669490816326,67.5189806122452,1260.04475510204,207.928965306123,188.656351213543
WK051819,'s-Gravenhage,Vruchtenbuurt,2015,39.7381033970613,31776.3195278526,0.11112229491696,1.03183133526251,3.7808009782941,1925.01655073942,128.505315655278,66.6987638959715,1028.00654054054,248.193348291687,168.896560938297
WK051819,'s-Gravenhage,Vruchtenbuurt,2016,39.8777554188295,33029.8652548531,0.115500603136309,1.11998310097169,3.84645609792958,2105.10124082382,134.320507091114,72.5925538210388,1190.80336190185,248.311676359556,170.266952487765
WK051819,'s-Gravenhage,Vruchtenbuurt,2017,40.0225630311741,34201.5324074074,0.117240688826592,1.09789609274367,3.84777340199939,2120.23255915507,138.362646491317,75.6538011577132,1169.8559327714,262.091335432111,151.840697674419
WK051819,'s-Gravenhage,Vruchtenbuurt,2018,40.1902236649378,34561.5188950503,0.0895700636942675,0.976093820478124,3.80839660562751,2119.33789633223,148.026286753562,87.7352733151469,1156.17373244417,220.286180660806,189.071540870971
WK051819,'s-Gravenhage,Vruchtenbuurt,2019,40.1485320616175,35823.4016460905,0.100497017892644,1.03334815473544,3.7742179235303,2198.24230831479,157.706726684201,95.2832783734578,1175.35439915031,229.939396115719,208.256693303662
WK051819,'s-Gravenhage,Vruchtenbuurt,2020,40.4421509244611,37566.8458367683,0.103424178895877,1.05675318961725,3.67874241940632,2103.80425581631,159.214613430864,96.0927562734934,1122.77273290663,231.983545666971,174.219591587931
WK051819,'s-Gravenhage,Vruchtenbuurt,2021,40.6542099430625,39019.7031040528,0.0975901214897431,1.07918025151374,3.72948232323232,2253.53094368342,173.345466260781,105.390263825469,1273.70134246575,232.887613394216,118.514378488077
WK051819,'s-Gravenhage,Vruchtenbuurt,2022,40.7512213951031,41358.7791272128,0.090981090981091,1.06307173808377,3.80786965877651,2250.26555836792,183.737826263035,115.54964564139,1354.63959805609,265.6227913334,
WK051819,'s-Gravenhage,Vruchtenbuurt,2023,40.9187435358141,44321.2609053498,0.098334655035686,1.06281066425667,3.68911439114391,,,,,,
WK051819,'s-Gravenhage,Vruchtenbuurt,2024,41.3715973649854,,0.0871062493669604,0.553732401499038,,,,,,,
WK051820,'s-Gravenhage,Valkenboskwartier,2009,34.8271200138714,,0.20369665670019,0.867461806486197,3.97254135093294,1922.37324915341,112.529815048823,64.302541642734,932.523110281452,305.339643882825,371.350739826666
WK051820,'s-Gravenhage,Valkenboskwartier,2010,34.8907344032709,,0.179836804809964,1.0282320055905,4.06057676816498,2013.52014410036,112.701298524404,57.7049869466516,996.767828603861,314.679085698071,366.730467337251
WK051820,'s-Gravenhage,Valkenboskwartier,2011,34.8782516203007,22979.2446814711,0.167371180908556,1.07913255780554,4.18510532426605,1957.44037179272,118.612784062413,59.9769116745613,981.146536639729,306.316461409866,333.332206267045
WK051820,'s-Gravenhage,Valkenboskwartier,2012,35.0975246469161,23163.7968064573,0.148319192353131,1.077713940127,4.11158726157466,1872.74995013849,113.267396895788,59.5731779379154,1006.56222006652,263.746434589801,275.142219390582
WK051820,'s-Gravenhage,Valkenboskwartier,2013,35.1613011032066,23344.5041632936,0.160956345394386,1.15494672754947,4.04887281292059,1917.98148621126,119.775207208199,64.4073437672215,1006.5345051251,251.170019287997,299.784090383663
WK051820,'s-Gravenhage,Valkenboskwartier,2014,35.4773890444995,24199.5681597718,0.154253068133728,1.12831453825053,4.07126837777224,1906.75926743111,129.557938312571,72.1813735516515,1021.82584507425,232.589036609911,256.825054073149
WK051820,'s-Gravenhage,Valkenboskwartier,2015,35.721356589121,24879.6841296928,0.154113924050633,1.14448903982711,4.10692771084337,2102.80281899913,129.729057841383,71.5659267089505,1070.48041361739,260.661358486473,306.305846512132
WK051820,'s-Gravenhage,Valkenboskwartier,2016,35.9096187921004,25978.1097456416,0.144577035269159,1.13639906469213,4.10667340748231,2114.56084903605,133.441371512641,75.3207116390579,1085.34210494769,263.179310156931,277.524603529027
WK051820,'s-Gravenhage,Valkenboskwartier,2017,36.2586521769665,26671.5855607289,0.141913839927579,1.16320425461193,4.10101354228771,2158.75665513074,137.405804218853,78.5264716545809,1095.59114535267,233.258092177544,267.838620632828
WK051820,'s-Gravenhage,Valkenboskwartier,2018,36.5168312165275,27369.4625768968,0.137238271932149,1.1954301540592,4.18150859867189,2324.89610454296,148.270142309798,93.9573267651879,1169.44159058566,243.127779419813,306.489969348659
WK051820,'s-Gravenhage,Valkenboskwartier,2019,36.6449435784945,28832.7410259314,0.130393700787402,1.15731686395608,4.06717948717949,2272.49179828836,159.144732423357,101.540801646626,1076.2588468205,252.799051023724,341.42898440039
WK051820,'s-Gravenhage,Valkenboskwartier,2020,36.7857601573904,30063.5330880272,0.139326553195974,1.20308974136435,3.96935352253151,2167.90836955928,159.827034373811,101.65202429591,1000.85282290135,252.432570136732,329.529937898349
WK051820,'s-Gravenhage,Valkenboskwartier,2021,36.9221418647531,31620.3672348702,0.136893409620682,1.16007067137809,4.00383456587236,2249.86388256013,175.887046392601,112.480063287655,1119.40835892355,257.546223102746,235.001777007319
WK051820,'s-Gravenhage,Valkenboskwartier,2022,37.1265385273182,33582.581593548,0.12576622278588,1.17162386846481,3.98954389760231,2170.86519942467,180.957318139071,118.4376069038,1274.03578027328,258.939980085192,
WK051820,'s-Gravenhage,Valkenboskwartier,2023,37.3238971389635,36310.5163677768,0.130318310746927,1.16124004156564,3.75149267233581,,,,,,
WK051820,'s-Gravenhage,Valkenboskwartier,2024,37.7313199859547,,0.145006986993443,0.731416285944639,,,,,,,
WK051821,'s-Gravenhage,Regentessekwartier,2009,34.5656395850588,,0.278894103842769,0.970740585188296,3.84133055169216,2065.01485900723,104.47466614786,57.9477229571986,951.411414007783,272.743803112841,543.853668919444
WK051821,'s-Gravenhage,Regentessekwartier,2010,34.6856153981341,,0.219496261885752,1.20461992136304,3.89191034247355,2064.95627485604,106.478554142582,53.2603090558763,952.144389980725,288.338012331407,507.836937428024
WK051821,'s-Gravenhage,Regentessekwartier,2011,34.7270964247702,23772.9378702962,0.214693346817886,1.17516129032258,4.02521597011441,2117.3805580408,114.853933095654,57.5413889099598,970.601449594172,293.42667298794,520.364436272652
WK051821,'s-Gravenhage,Regentessekwartier,2012,34.9524792693164,24199.8818289318,0.213994419403305,1.16856122117571,3.97227356746765,1898.03587464642,108.897697466468,56.2440789865867,969.346958271239,257.51315871833,360.664054637487
WK051821,'s-Gravenhage,Regentessekwartier,2013,35.4257738444507,24438.6415197379,0.217712957091524,1.20705844260968,3.96798536473817,2239.0342464949,119.754534362367,63.5819198823964,1118.8673046674,249.057521499448,513.606692358512
WK051821,'s-Gravenhage,Regentessekwartier,2014,35.8363653863222,26086.0449492122,0.179613434261777,1.15930866052978,4.0645433707323,2085.86549192811,128.97032,70.1200845714287,1094.57010590477,246.879469714287,357.508901918977
WK051821,'s-Gravenhage,Regentessekwartier,2015,36.1192839000192,26816.4881304452,0.178518953864237,1.16566089157096,4.08297258297258,2147.67729680365,130.586186266291,71.056735767091,987.851042603459,261.276223611007,394.832342465753
WK051821,'s-Gravenhage,Regentessekwartier,2016,36.2500455288571,27449.4839429437,0.167544244551704,1.14798387096774,4.08948948948949,2214.52681395703,134.655877420339,74.7492018600398,1031.38053666718,266.746500228693,403.039468230991
WK051821,'s-Gravenhage,Regentessekwartier,2017,36.2776906882544,28683.3476761502,0.165786468741079,1.16566866267465,4.08522863299018,2377.0971440323,136.603950044871,76.1479000897402,1108.85678357763,265.280768022735,414.217066257852
WK051821,'s-Gravenhage,Regentessekwartier,2018,36.4845906339884,29223.8806266718,0.165989349775785,1.22345223452235,4.09700626595498,2505.24392600204,152.806225223902,89.978961973279,1202.63768683013,263.367672882102,429.672664072824
WK051821,'s-Gravenhage,Regentessekwartier,2019,36.6157522045133,31171.0878657883,0.138612473721093,1.10854402789887,4.01334435521965,2348.85615901783,155.888504823152,95.2365587547501,1127.12895717626,245.646900029231,382.158313358667
WK051821,'s-Gravenhage,Regentessekwartier,2020,36.7658120247579,32374.928001205,0.152614061849951,1.20460849157243,3.92774495322501,2315.03632722533,157.539582096038,96.5262069964505,1109.98632215543,245.249229376403,349.880310711958
WK051821,'s-Gravenhage,Regentessekwartier,2021,36.9289852216431,34053.1242440081,0.156019571359658,1.18465788355291,3.92516843118383,2498.69671896366,172.699504138178,105.97249586182,1299.95123497662,250.441817920116,255.160839870458
WK051821,'s-Gravenhage,Regentessekwartier,2022,36.8593212281962,36245.500222651,0.1444669365722,1.14343135180876,3.94093178036606,2105.88480955776,179.30759700428,113.31669828816,1232.30114693296,256.754771041369,
WK051821,'s-Gravenhage,Regentessekwartier,2023,36.8776021863298,38679.4627843628,0.138980762740466,1.12320240394935,3.73155985489722,,,,,,
WK051821,'s-Gravenhage,Regentessekwartier,2024,37.3627140367432,,0.133001176389177,0.708255484049547,,,,,,,
WK051822,'s-Gravenhage,Zeeheldenkwartier,2009,36.0949407203501,,0.227347754321953,0.830988522769345,3.73075814355722,2070.08267664496,108.404985414236,60.2430746791135,869.464924154027,317.697049786076,572.374966469044
WK051822,'s-Gravenhage,Zeeheldenkwartier,2010,36.1416270638581,,0.190243064502276,0.968940436406526,3.75826210826211,2109.36226433337,110.366185386708,54.8955499417022,1001.60860765643,328.456418577536,464.670006767862
WK051822,'s-Gravenhage,Zeeheldenkwartier,2011,36.1092548588863,26642.7454112511,0.180697096857069,1.03554595443833,3.8150826446281,2041.48070851759,115.888288600289,56.7880875420876,952.460197210197,315.439073593073,433.738801192078
WK051822,'s-Gravenhage,Zeeheldenkwartier,2012,36.0971909349726,26838.6078911298,0.180731066067339,1.01921933822073,3.72557324375639,1996.07520572451,110.472565553669,56.4607479720805,959.657118468212,286.046672325976,435.658116938142
WK051822,'s-Gravenhage,Zeeheldenkwartier,2013,36.3348468140456,27907.9652661616,0.202144863392629,1.13197251414713,3.69498127340824,2048.67437870379,116.511146598832,60.9967307329942,969.706083474657,273.572861315244,453.766582635688
WK051822,'s-Gravenhage,Zeeheldenkwartier,2014,36.3920163160133,29271.0327048865,0.192350474886626,1.13808139534884,3.73575360809403,2223.09950745719,125.988042576722,68.8184508340243,1109.09461432127,264.988741129849,462.020622353157
WK051822,'s-Gravenhage,Zeeheldenkwartier,2015,36.5366611124985,29581.577670363,0.186649874055416,1.11859041991981,3.74086573734409,2332.62926766986,126.517152771436,68.4015678933429,1002.50268925212,270.232221714911,564.519312357501
WK051822,'s-Gravenhage,Zeeheldenkwartier,2016,36.6816389959794,30598.0782014588,0.189516129032258,1.15925304238355,3.64365034168565,2196.47846126543,129.478667554371,71.6950670217487,992.169355525963,277.346906347092,446.629982252195
WK051822,'s-Gravenhage,Zeeheldenkwartier,2017,37.0130653448147,32465.871666515,0.186349568333605,1.18540145985401,3.71032490974729,2190.25256679304,133.700982276695,75.2339352790761,1004.32783616965,236.501170972577,439.127087558417
WK051822,'s-Gravenhage,Zeeheldenkwartier,2018,37.2644848926787,32011.8494305443,0.17609561752988,1.12853311326594,3.74074587550256,2357.20719861532,145.666897446992,92.0101661618354,1071.09712332324,233.464928602336,522.592505408914
WK051822,'s-Gravenhage,Zeeheldenkwartier,2019,37.2824399772194,33184.9242838255,0.16864160715687,1.12694139573411,3.67466887417219,2560.14089745776,159.879506056987,101.650462378434,1190.28481402491,235.607770858215,553.460487118239
WK051822,'s-Gravenhage,Zeeheldenkwartier,2020,37.4619316866872,33986.5078023968,0.18429003021148,1.20165189363417,3.66459977452086,2403.45247062773,163.01638804968,104.350975998657,1020.12542128231,242.817597348102,589.252363209131
WK051822,'s-Gravenhage,Zeeheldenkwartier,2021,37.7182611037057,35672.9738595592,0.179349493709727,1.14245749946202,3.68049734562727,2504.35581642917,183.510255658004,119.305715004191,1271.77533780386,245.602986588433,398.036502095557
WK051822,'s-Gravenhage,Zeeheldenkwartier,2022,37.9860757805411,36986.1016357131,0.159224039558768,1.10497114957834,3.6718792866941,2068.61368645841,188.050163302907,124.573606063144,1201.04848505151,263.987705384808,
WK051822,'s-Gravenhage,Zeeheldenkwartier,2023,38.1481988497297,40871.5179899154,0.159911961141469,1.10268734979244,3.45664167491866,,,,,,
WK051822,'s-Gravenhage,Zeeheldenkwartier,2024,38.4339589587303,,0.174553020961776,0.761001926782274,,,,,,,
WK051823,'s-Gravenhage,Willemspark,2009,42.1956788553934,,0.223140495867769,0.96900826446281,3.69212690951821,1868.23366141733,102.089013417522,55.8839463299131,984.383709550119,340.440252565114,298.803
WK051823,'s-Gravenhage,Willemspark,2010,41.9883947706221,,0.188492063492063,0.917647058823529,3.78514285714286,2056.54152529762,103.826704204204,50.1900225225226,1234.21662162162,329.51722972973,223.546636904762
WK051823,'s-Gravenhage,Willemspark,2011,41.8082206172409,45375.7766990291,0.188320209973753,1.18016194331984,3.7903981264637,1861.68444688645,109.471597069597,51.1733553113554,1082.67612454213,281.636989010989,209.494285714286
WK051823,'s-Gravenhage,Willemspark,2012,41.9945350923817,45154.6565579985,0.171696847753186,0.99154334038055,3.67840909090909,1821.38986861314,107.798217168012,53.5047615553925,1126.2402054292,255.392956713133,152.279124087591
WK051823,'s-Gravenhage,Willemspark,2013,41.8861163464518,44706.5926756353,0.168193717277487,1.03483606557377,3.67643742953777,2252.25214846538,114.394314574315,58.4850216450216,1442.62137806638,288.227748917749,220.454525339044
WK051823,'s-Gravenhage,Willemspark,2014,41.1091067070651,45609.8345534407,0.205453392517438,1.22641509433962,3.65505617977528,1916.83693559802,123.987721160651,66.1316631280963,1136.51715498938,227.307445152158,228.526001415428
WK051823,'s-Gravenhage,Willemspark,2015,41.5249009941576,42412.7116981132,0.158512720156556,1.00196850393701,3.4901506373117,2031.95389458272,127.928519061584,68.5505791788856,1196.52523460411,211.74715542522,219.253938506589
WK051823,'s-Gravenhage,Willemspark,2016,41.1416172072828,46651.9345372461,0.162746344564526,1.1404958677686,3.68949232585596,2085.47510545454,125.956839038601,67.3341587764021,1182.25883466861,235.280684632192,287.749956363636
WK051823,'s-Gravenhage,Willemspark,2017,41.8824830911089,45523.7021433851,0.17843631778058,1.23121387283237,3.75669383003492,2071.78575908767,129.693292943692,70.1430933713471,1076.86451176051,238.374497505345,304.318396293656
WK051823,'s-Gravenhage,Willemspark,2018,41.7005890068151,47892.4488078541,0.196612220205687,1.20626151012891,3.63112078346028,2157.36373543523,142.005654557916,84.3399177518849,1117.67332419465,286.820836189171,327.335222755312
WK051823,'s-Gravenhage,Willemspark,2019,41.6730621223184,57696.620338983,0.156583629893238,1.09338521400778,3.66666666666667,2318.85049597855,154.270516085791,94.0853418230562,1244.80916219839,292.324530831099,301.079658176944
WK051823,'s-Gravenhage,Willemspark,2020,41.9756502221326,52471.7345844504,0.193847939640163,1.14935064935065,3.55431131019037,1962.02558861578,151.8008538163,92.1260737386807,1023.793538163,268.746992238033,273.736946959897
WK051823,'s-Gravenhage,Willemspark,2021,42.4204657074392,60393.5693333333,0.1864896073903,1.18197879858657,3.68497757847534,2289.92158678757,172.083730569948,107.743128238342,1332.74586139896,230.440725388601,206.548374352332
WK051823,'s-Gravenhage,Willemspark,2022,41.5880469734592,63780.058524173,0.213627049180328,1.13125,3.55722891566265,1868.64666666667,170.112330434783,109.354991304348,1180.05870724638,221.450904347826,
WK051823,'s-Gravenhage,Willemspark,2023,42.662089298156,62147.0612760581,0.125824175824176,1.06934306569343,3.57840083073728,,,,,,
WK051823,'s-Gravenhage,Willemspark,2024,43.6559036655126,,0.134593356242841,0.675830469644903,,,,,,,
WK051825,'s-Gravenhage,Mariahoeve en Marlot,2009,45.0552765222609,,0.160765217391304,0.808706166868198,4.49121951219512,2562.75455223882,130.566752700646,80.6597643732322,1425.83298049735,368.083137823533,380.934266772931
WK051825,'s-Gravenhage,Mariahoeve en Marlot,2010,44.7766136095885,,0.136821624626503,0.928868120456905,4.58365796649786,2487.91116152845,128.168595011272,68.6552512544543,1385.74476183551,381.795662860881,329.304884209003
WK051825,'s-Gravenhage,Mariahoeve en Marlot,2011,44.6593987655139,25650.5983576237,0.125751432965189,0.915730337078652,4.66237396426076,2511.28708988194,140.837215942029,75.2323695652175,1351.00479855072,382.897369565216,362.068285652205
WK051825,'s-Gravenhage,Mariahoeve en Marlot,2012,44.1591996458263,25483.1761961191,0.147655703289013,1.0352422907489,4.59064856711916,2489.34784478425,135.341817266912,75.1077722665519,1455.08134785421,325.699975558909,307.815575418192
WK051825,'s-Gravenhage,Mariahoeve en Marlot,2013,43.6137525441306,25863.0554325362,0.145111279542479,1.02908385845856,4.49586270303402,2605.73954827219,138.378833143021,77.8916193262915,1494.93076006281,297.392170996288,320.177797648735
WK051825,'s-Gravenhage,Mariahoeve en Marlot,2014,43.3893473450767,27159.9176764339,0.145819170632223,1.0361216730038,4.54573326520184,2725.50136802498,148.26491754336,85.7660015638326,1550.80965880012,296.553437588854,364.601233849212
WK051825,'s-Gravenhage,Mariahoeve en Marlot,2015,43.2409648332051,27256.3395818313,0.158644796988438,1.09344716197508,4.50314019448947,2783.13437108668,148.195917328872,85.7725923602399,1424.81899553882,331.070675449604,321.69469528315
WK051825,'s-Gravenhage,Mariahoeve en Marlot,2016,43.1748395951133,27421.6194690265,0.141935045522489,1.08173913043478,4.49489848500464,2837.91776728453,153.757342450302,91.3932856337234,1453.93566826448,337.561582546172,311.265096201283
WK051825,'s-Gravenhage,Mariahoeve en Marlot,2017,42.569159819528,27707.3118582079,0.171510866719036,1.18073104693141,4.48940036341611,2771.05550303526,155.615349566877,93.8186753973123,1434.22975035809,307.986633244665,303.409150126185
WK051825,'s-Gravenhage,Mariahoeve en Marlot,2018,42.65042757453,28065.9502372976,0.113616993378352,1.04030966364122,4.48854581673307,2656.28195412529,164.524017117425,116.773216706608,1392.0223224923,290.272275248203,268.235373502226
WK051825,'s-Gravenhage,Mariahoeve en Marlot,2019,42.3180246093788,29835.7141872329,0.124357656731757,1.06841970896094,4.3984,2749.11699443662,177.415549969837,125.20147999196,1376.89053354783,282.539234533146,316.692224679938
WK051825,'s-Gravenhage,Mariahoeve en Marlot,2020,42.2551377861682,30491.702309438,0.127289955780164,1.09269027882442,4.27639467533787,2719.16491580949,181.664289458169,129.98289458167,1383.16361069253,279.30729279958,322.519645548057
WK051825,'s-Gravenhage,Mariahoeve en Marlot,2021,42.4067956080801,31760.3069671035,0.112996138507312,1.07190449750139,4.29770531400966,2731.37060860992,193.248731514946,137.768323365096,1477.24201314493,276.230399605653,225.303510351627
WK051825,'s-Gravenhage,Mariahoeve en Marlot,2022,42.1733939246559,33815.3140676841,0.11674185773438,1.03052658356652,4.2784336875246,2545.05930310662,197.045942000902,142.80484014726,1535.59733707937,286.503050442421,
WK051825,'s-Gravenhage,Mariahoeve en Marlot,2023,42.1886421853359,36069.7504279131,0.0996826582042188,1.01128854625551,4.10338213023725,,,,,,
WK051825,'s-Gravenhage,Mariahoeve en Marlot,2024,42.5389198247013,,0.105105487921474,0.570563488016318,,,,,,,
WK051826,'s-Gravenhage,Bezuidenhout,2009,37.9072660894289,,0.152083466683736,0.745250949810038,3.68842352480673,1908.11711722732,109.277384060928,60.8314239086091,1025.46874881001,300.782536379709,282.627584097859
WK051826,'s-Gravenhage,Bezuidenhout,2010,37.9745987251462,,0.147045672309166,0.924295412466571,3.7617240708309,2045.15069827121,109.733312941816,53.471297580207,1154.45121669385,295.964873572594,281.007223122636
WK051826,'s-Gravenhage,Bezuidenhout,2011,37.9968951355833,29423.5373915439,0.13728856670482,1.04338487972509,3.8465009023461,2023.28963607171,118.945182755389,59.0115383585488,1138.85056299371,298.415735038158,246.523131522611
WK051826,'s-Gravenhage,Bezuidenhout,2012,37.8732370471739,29305.5940695297,0.143786353117768,1.05739559761366,3.7294579100875,1972.43374639581,115.563770836068,59.9245498096861,1128.65427746423,265.498571334821,249.848041284404
WK051826,'s-Gravenhage,Bezuidenhout,2013,37.1411321482113,29808.8057290974,0.141931264121774,1.07541738629822,3.64750302053967,1943.11319878527,119.343871376927,62.3137274053402,1088.45422147524,226.277110420499,293.106455143616
WK051826,'s-Gravenhage,Bezuidenhout,2014,37.0950648124264,31006.0541141102,0.148750658318216,1.12285012285012,3.60301109350238,1843.72718131285,126.44117036574,67.3839806189437,1028.72089465458,215.756046264457,227.358382986697
WK051826,'s-Gravenhage,Bezuidenhout,2015,37.0767920923009,31127.7069646906,0.150710350826326,1.12991266375546,3.61662863379303,1940.47486236825,127.160025443714,67.6674190145219,1063.84467233462,237.476619088991,199.607302541848
WK051826,'s-Gravenhage,Bezuidenhout,2016,37.0024294472638,31929.4332945135,0.149608101149951,1.12677320883462,3.64330388166385,2032.96589910796,131.14265390298,71.9255651317409,1112.4584141837,255.85495198227,198.509517686865
WK051826,'s-Gravenhage,Bezuidenhout,2017,37.0535644467381,32832.5763723917,0.159900626729151,1.1811865312667,3.63254801029499,2006.9147750505,133.487743771807,74.5998457489136,1093.24738140418,232.217514231499,198.814207014752
WK051826,'s-Gravenhage,Bezuidenhout,2018,36.846595062797,33311.6500536921,0.15599778883361,1.17506121021336,3.69053934571176,1989.75086938285,145.589379269023,99.3375254643516,1042.35833013781,233.307560814859,214.128470940683
WK051826,'s-Gravenhage,Bezuidenhout,2019,37.05185044107,35653.8165998999,0.150090515113281,1.14303394625177,3.61327744199649,2045.6995610653,154.111935464738,106.960088973252,1098.14109259149,224.91833264132,223.308816062637
WK051826,'s-Gravenhage,Bezuidenhout,2020,37.1234367953152,36550.3791915896,0.17047356768724,1.20232284127251,3.55800826529584,1950.11598020955,157.020928987196,109.382472060539,956.467114668221,253.631557625145,250.308093713621
WK051826,'s-Gravenhage,Bezuidenhout,2021,37.0439157349312,38143.2221366813,0.167036098796707,1.19829886591061,3.56282101935994,1952.56484211129,169.916283629725,118.132737688096,1041.18557341541,227.377341541268,169.613069425445
WK051826,'s-Gravenhage,Bezuidenhout,2022,36.5756700420503,40712.2436458748,0.184947919213653,1.22171623737014,3.51197242150377,1752.69641114044,174.019697247211,122.201191079028,1010.29065937618,238.151547702418,
WK051826,'s-Gravenhage,Bezuidenhout,2023,36.8818037364102,43574.3012701193,0.15230558812036,1.14998395893487,3.39570950965825,,,,,,
WK051826,'s-Gravenhage,Bezuidenhout,2024,37.554332748239,,0.156119628047248,0.718228433541122,,,,,,,
WK051827,'s-Gravenhage,Stationsbuurt,2009,33.9998796106564,,0.23369140625,0.877057943125935,4.20587780355762,2249.54455359069,123.409670804102,71.8903335132219,1088.82026875338,342.74517970858,486.076395298685
WK051827,'s-Gravenhage,Stationsbuurt,2010,34.1051369684791,,0.204221894943544,1.03772716816195,4.29482812016104,2407.50773923317,123.439568081201,64.2510506424793,1145.86342403628,361.753842997517,549.054544087638
WK051827,'s-Gravenhage,Stationsbuurt,2011,34.2582107503143,19620.1937799043,0.209987320784161,1.1231308411215,4.29774838608093,2278.64838804714,131.432565803326,67.6837376289745,1061.75384712571,355.55245314803,494.097153829966
WK051827,'s-Gravenhage,Stationsbuurt,2012,34.3040031570042,19719.7592773969,0.193520225046076,1.10581506196377,4.16507936507937,2116.5403973029,121.419690486081,63.87346073951,1113.99963336103,304.764980265891,360.650151452283
WK051827,'s-Gravenhage,Stationsbuurt,2013,33.40757342477,19867.5202207834,0.217264081931236,1.14310569812962,4.03112292774476,1862.92547917711,128.808659358342,69.8564085286128,930.259784773205,258.65959468973,327.186163572503
WK051827,'s-Gravenhage,Stationsbuurt,2014,32.9702854560773,20525.0709442364,0.192274678111588,1.10874897792314,4.11868802440885,1981.66558863592,137.864434054159,76.8818225209431,1028.07650594195,247.975833820377,329.582509243043
WK051827,'s-Gravenhage,Stationsbuurt,2015,32.7264139839106,20954.4415293085,0.187814784727864,1.05153070926032,4.12060820785356,2042.29095892992,137.922303264767,76.2548867710891,960.203934704662,295.475138705416,331.018142426526
WK051827,'s-Gravenhage,Stationsbuurt,2016,32.6562134131241,21879.6560607517,0.172276142767689,1.01573161485974,4.1422942206655,2122.46641127909,141.34963038633,79.9481342867754,1003.41162890045,285.744834695393,365.342893052593
WK051827,'s-Gravenhage,Stationsbuurt,2017,32.6581509565258,22614.3185261386,0.189440756847486,1.09990800367985,4.08957539850473,2190.40418970917,144.731714541387,83.417253691275,1060.63781118568,249.467446979866,337.870000894854
WK051827,'s-Gravenhage,Stationsbuurt,2018,32.8629497827194,23785.4704528719,0.14925717804634,1.06621820475089,4.14448829997181,2194.11290647868,165.358504372659,96.8529323576664,1052.64015884347,251.282369266465,353.94188738176
WK051827,'s-Gravenhage,Stationsbuurt,2019,33.0423654647256,24347.9918513093,0.160775370581528,1.10255893612734,4.03942348452734,2187.07397075662,168.811272791333,103.97445785255,1068.64369682022,259.843466925043,323.140286267947
WK051827,'s-Gravenhage,Stationsbuurt,2020,33.4071482181109,25265.1071107111,0.182302366278627,1.16285998013903,3.97506486019026,2130.79363887928,170.158066413005,106.046480456589,981.501048080253,270.788446904187,358.762444655828
WK051827,'s-Gravenhage,Stationsbuurt,2021,33.6552939642726,26052.056480811,0.158473282442748,1.14349376114082,4.00559862187769,2300.68142124478,188.54864134214,118.654614047287,1166.91000434631,266.904915681502,283.313036335188
WK051827,'s-Gravenhage,Stationsbuurt,2022,33.8290144767185,27646.7042704626,0.158023230006658,1.1271404109589,4.02317464749407,1963.56750171116,195.083114305271,126.379358316223,1110.16312628337,269.618163928815,
WK051827,'s-Gravenhage,Stationsbuurt,2023,34.1600919778423,30690.3105841019,0.149426987060998,1.13719642096293,3.84479768786127,,,,,,
WK051827,'s-Gravenhage,Stationsbuurt,2024,34.38325929598,,0.170262733010421,0.755963302752294,,,,,,,
WK051829,'s-Gravenhage,Schildersbuurt,2009,31.9322889967573,,0.159750007301189,0.653875671527245,4.94321206743567,2182.25977347661,138.179399541632,83.811658670739,1135.93190160426,348.988975095494,330.611114299671
WK051829,'s-Gravenhage,Schildersbuurt,2010,32.2589801814456,,0.138473432250007,0.776106870229008,5.10674411897994,2233.50130044149,135.835269864836,75.4239571927862,1146.28314868084,364.826406235502,319.302370249158
WK051829,'s-Gravenhage,Schildersbuurt,2011,32.5411674105932,16924.3342999172,0.114972383937901,0.792526208995604,5.25364006988934,2246.80431270317,148.001487925378,80.4810509681188,1144.53024640215,375.557874436162,290.878733055266
WK051829,'s-Gravenhage,Schildersbuurt,2012,32.895997028913,16783.9055761133,0.121576266107282,0.796747309652885,5.18304423603619,2224.61564444989,138.387523835802,78.959185750635,1231.57904994022,332.760990526994,239.882334599363
WK051829,'s-Gravenhage,Schildersbuurt,2013,33.3233194213664,16831.6181158481,0.129303234871858,0.842612148348399,5.17149717752127,2205.10837574663,153.72205929063,92.3037028617692,1177.11773207112,331.544571668793,244.57337356894
WK051829,'s-Gravenhage,Schildersbuurt,2014,33.6368208656481,17440.8331534007,0.116341440858226,0.832617241064083,5.28293608943261,2449.88083108573,171.068944278764,107.713667556115,1338.63353476691,318.747779940356,293.804518283887
WK051829,'s-Gravenhage,Schildersbuurt,2015,34.0052385681779,17987.3404227256,0.108893262112267,0.820090098725199,5.35966372210131,2592.54237156284,171.63776575774,107.189643641223,1239.21390340133,358.168958605109,280.6381129739
WK051829,'s-Gravenhage,Schildersbuurt,2016,34.3423701353713,18855.9789470205,0.11137559508895,0.824552924117931,5.40428952155337,2685.99009930296,178.762741750539,114.521119887884,1307.38701076569,354.247733469232,249.950020688118
WK051829,'s-Gravenhage,Schildersbuurt,2017,34.6746707187118,19874.2378594302,0.103855896425556,0.801204819277108,5.41084116921244,2734.95766856524,184.194245394089,118.821822954785,1278.06706844432,326.026061666721,209.947107264454
WK051829,'s-Gravenhage,Schildersbuurt,2018,35.1247187070299,20662.6334456113,0.0901137357830271,0.786297071129707,5.46574470792856,3019.30162685666,208.044674151586,131.935847778379,1344.72397570052,344.232567984477,223.994854807418
WK051829,'s-Gravenhage,Schildersbuurt,2019,35.498665536394,21920.8999407739,0.0842820361696188,0.755644090305445,5.32665586906487,3034.37937622263,218.387843124881,141.159396100208,1439.78866441596,338.017178961318,213.047033823437
WK051829,'s-Gravenhage,Schildersbuurt,2020,36.1011760982787,23136.9064003691,0.0830403114404119,0.791693917593198,5.23959313527804,2923.48041846078,220.168230153417,144.572044142508,1348.49068191242,361.690744107423,245.212835454343
WK051829,'s-Gravenhage,Schildersbuurt,2021,36.5099699309365,24215.7394538449,0.093045411241664,0.824391318717638,5.29995950141745,3055.41724247128,239.778923678424,156.52013894274,1492.13493666796,361.914294946362,160.27963034768
WK051829,'s-Gravenhage,Schildersbuurt,2022,36.6923106511011,26007.8335184624,0.0894609002870572,0.832923558337059,5.32098324022346,2817.8654768941,251.378319423245,168.499739875949,1398.88124508817,379.344851752022,
WK051829,'s-Gravenhage,Schildersbuurt,2023,37.1498093405481,28315.9940164295,0.082152793322887,0.818558900213321,5.00545887183315,,,,,,
WK051829,'s-Gravenhage,Schildersbuurt,2024,37.7478302279858,,0.106125886812012,0.538797991252227,,,,,,,
WK051830,'s-Gravenhage,Transvaalkwartier,2009,32.1367755503137,,0.200251972680857,0.747654525386313,5.02236178513655,2137.38009125144,135.987972159792,83.1772515043865,1145.29809541071,358.971066482998,261.899414831982
WK051830,'s-Gravenhage,Transvaalkwartier,2010,32.3668863295599,,0.212257195974101,0.95294768890119,5.15770114942529,2153.2183320687,135.02831259505,76.0999675100241,1143.62471519426,369.78600718927,243.105090708423
WK051830,'s-Gravenhage,Transvaalkwartier,2011,32.5724026897231,17562.2100917431,0.174931567891018,0.886282660332542,5.22835996028522,2259.96205264202,143.71881868861,81.0602747544472,1203.9247132997,380.967350013275,253.742274746403
WK051830,'s-Gravenhage,Transvaalkwartier,2012,32.708525082651,17593.5446132597,0.16447779862414,0.905545044389463,5.14162287343012,2210.17297714836,136.194159525804,78.8686721216412,1235.09450099864,333.158268152825,219.313860959125
WK051830,'s-Gravenhage,Transvaalkwartier,2013,32.7709973909347,17672.4059725585,0.190759237698388,0.958609973160051,5.09836352498469,2199.42780626061,149.854308953342,90.3315907944514,1198.96907566205,316.315921815888,253.765172261762
WK051830,'s-Gravenhage,Transvaalkwartier,2014,32.8210962238081,18356.6230824939,0.170126735063368,0.94207811348563,5.15873836608066,2302.41424300451,163.339066559448,101.916804404304,1279.61124025733,289.126099839168,247.497535363518
WK051830,'s-Gravenhage,Transvaalkwartier,2015,33.0793960136015,18995.5637184352,0.140022777677876,0.866991206030151,5.25263695134399,2462.33656715502,165.429736583569,103.06671742601,1204.19172909247,328.281547341274,238.091538650156
WK051830,'s-Gravenhage,Transvaalkwartier,2016,33.5968807177789,19877.5746283319,0.115217914760414,0.851351351351351,5.31166950596252,2571.22956462921,166.842456464218,104.765716571288,1278.35825303059,325.810651652207,236.548176731029
WK051830,'s-Gravenhage,Transvaalkwartier,2017,33.9107584762264,21048.896436744,0.120219237487201,0.884033327665363,5.33765569015526,2617.57183474339,175.696305811155,111.924400666955,1257.11639535602,312.14217069104,220.022984005434
WK051830,'s-Gravenhage,Transvaalkwartier,2018,34.2786102216685,21595.5640740498,0.109780318988865,0.846654929577465,5.33620616093523,2873.99470911561,197.325927618578,122.115260622529,1331.53637166502,321.356692811263,200.328111413044
WK051830,'s-Gravenhage,Transvaalkwartier,2019,34.8173446683657,23020.8657726858,0.104076996652319,0.813617606602476,5.35906040268456,2946.13104305752,208.985551540395,134.840850738041,1391.92492252096,327.706597047837,261.525710785815
WK051830,'s-Gravenhage,Transvaalkwartier,2020,35.1991321440165,24357.1054366798,0.104760768404725,0.852721451440768,5.18097048705414,2660.0924977026,208.574645592109,135.772858543159,1221.04561232616,319.966090179503,201.288046927648
WK051830,'s-Gravenhage,Transvaalkwartier,2021,35.6142024944041,25466.9724442711,0.108728299393284,0.870903853078862,5.21641255605381,2825.86826614145,224.332667569398,144.881607065919,1384.19634763342,315.774205699514,133.578944420508
WK051830,'s-Gravenhage,Transvaalkwartier,2022,35.8686779044719,27281.3448478516,0.106745604592752,0.863337480007109,5.18487319652299,2499.84460835751,232.178714276898,153.23546324301,1230.35500030862,313.060886365041,
WK051830,'s-Gravenhage,Transvaalkwartier,2023,36.2303421544696,29498.9603785901,0.111489107729036,0.886924558025556,4.92891040242976,,,,,,
WK051830,'s-Gravenhage,Transvaalkwartier,2024,36.6558515993202,,0.119718309859155,0.570604662457504,,,,,,,
WK051831,'s-Gravenhage,Rustenburg en Oostbroek,2009,32.6301499724901,,0.155436568944495,0.729653618698958,4.14691614691615,1879.90822505735,118.978254101574,71.1934296433173,1002.91918136514,285.201110364523,273.668483576745
WK051831,'s-Gravenhage,Rustenburg en Oostbroek,2010,32.8776166804071,,0.164120931212472,0.924301713668871,4.17836257309941,1822.80787533362,116.246613325898,62.0805843323113,1005.99606913856,287.639649289098,198.623486988434
WK051831,'s-Gravenhage,Rustenburg en Oostbroek,2011,33.0245884911562,20893.1267121325,0.146116809713209,0.947843247815055,4.30528511821975,1988.36303792675,126.828605771832,69.1066078293362,1088.52850289674,289.954362986627,251.126661256289
WK051831,'s-Gravenhage,Rustenburg en Oostbroek,2012,33.1279807653375,20569.9644482366,0.14126064024231,0.975510204081633,4.18179702048417,1966.44921794598,121.774296669706,68.5323070735236,1147.49927441412,257.878774065533,213.165700578902
WK051831,'s-Gravenhage,Rustenburg en Oostbroek,2013,33.320324908526,20683.3494799747,0.140286818013441,1.03101013202333,4.12158296249205,2002.90188186065,126.723914225145,71.8847931727998,1130.99299450998,243.543706582595,256.452254646234
WK051831,'s-Gravenhage,Rustenburg en Oostbroek,2014,33.4762896845381,21328.5162185603,0.137552163118694,1.02096236303001,4.11873264739507,1996.73347767108,133.338337497284,77.1926976971537,1146.02412176841,230.400616445796,230.307866406208
WK051831,'s-Gravenhage,Rustenburg en Oostbroek,2015,33.7197222962444,21679.2357718894,0.134387771349716,1.04739791833467,4.16073311166978,2038.55896592946,134.632378516623,77.6215356151707,1084.27102301791,266.312721336453,231.769939140357
WK051831,'s-Gravenhage,Rustenburg en Oostbroek,2016,33.8058632136531,22581.5934329039,0.142433543151433,1.09237379162191,4.17371794871795,1975.55600779332,138.158977193825,81.6051289857394,1066.57937777066,256.417677722588,177.836424148607
WK051831,'s-Gravenhage,Rustenburg en Oostbroek,2017,34.0646659151869,23551.5623895571,0.137599916952144,1.08779509334979,4.18115531070242,2043.4810557545,140.297258780136,83.0172304484948,1095.60467472069,248.684350777784,174.664124659218
WK051831,'s-Gravenhage,Rustenburg en Oostbroek,2018,34.2971585972962,24202.420221528,0.125856342121652,1.06651338479225,4.18543259557344,2112.71702952325,153.760960439913,95.8922219849452,1101.36643051626,240.863974160484,214.060658267044
WK051831,'s-Gravenhage,Rustenburg en Oostbroek,2019,34.4208326587164,25488.6112115732,0.123555282806587,1.06810387065164,4.14805765941852,2082.56304412075,166.755755224827,105.004806839772,1067.19897508972,242.784658011399,210.430319822673
WK051831,'s-Gravenhage,Rustenburg en Oostbroek,2020,34.6115625267979,26591.0540495033,0.127774659386641,1.11494995156603,3.98787248787249,1971.334551746,161.791072956838,99.9529045380092,980.944284959587,238.150510856357,205.3810645042
WK051831,'s-Gravenhage,Rustenburg en Oostbroek,2021,35.0016091802264,27631.8565594691,0.124090583051542,1.08400128246233,4.11141185715533,2097.93057688218,178.80997979583,111.736033602722,1115.56214217354,256.541886431306,157.35547798809
WK051831,'s-Gravenhage,Rustenburg en Oostbroek,2022,35.1403198662973,29345.4594977609,0.131950417404503,1.08054711246201,4.10256188333045,1916.69037226123,186.158116358222,120.201307168688,1105.58740906189,247.804065624338,
WK051831,'s-Gravenhage,Rustenburg en Oostbroek,2023,35.5421965693178,31460.1840238685,0.130317662007624,1.08034880099657,3.89002036659878,,,,,,
WK051831,'s-Gravenhage,Rustenburg en Oostbroek,2024,36.0192326504333,,0.144420922187226,0.707750296896783,,,,,,,
WK051832,'s-Gravenhage,Leyenburg,2009,41.1375989979293,,0.127563249001332,0.725274725274725,4.38961155467839,2271.73744121055,131.238569188821,80.5851588275385,1210.96574846627,371.852628493525,308.55573376048
WK051832,'s-Gravenhage,Leyenburg,2010,41.30226850323,,0.11746563861884,0.880753138075314,4.54715616240166,2313.8113872317,132.768398843533,72.1810717973424,1279.8889633097,390.038235699044,249.536533635054
WK051832,'s-Gravenhage,Leyenburg,2011,41.2192055996447,24009.4949656274,0.111474534410253,0.93928857983418,4.67409522055438,2405.58956368085,138.700057096248,74.0267523110386,1318.36031742795,391.570197797717,274.881811879842
WK051832,'s-Gravenhage,Leyenburg,2012,41.3672037799197,23881.3042392285,0.0988430415301277,0.909469591780061,4.57519837608415,2421.14104835433,133.105195879083,73.497721973702,1448.23941304053,336.313306222042,225.179006501422
WK051832,'s-Gravenhage,Leyenburg,2013,41.2919698220587,24150.9115296407,0.11001872659176,1.01795084230875,4.5273566249176,2480.22722192079,137.523380836048,77.1390194082516,1404.96785152008,323.099581976113,272.67865165491
WK051832,'s-Gravenhage,Leyenburg,2014,41.3984099397433,24842.157530492,0.116308220081805,1.08060717089767,4.55248100553419,2443.27781483955,146.752493480442,84.6639304580417,1384.42600869274,323.399212303578,257.549270721925
WK051832,'s-Gravenhage,Leyenburg,2015,41.3377515313885,25195.0436933223,0.114890251137038,1.0355091383812,4.61467631306962,2616.56616411831,146.837577477959,84.2702631578953,1384.16998864547,319.116271707186,212.005026373773
WK051832,'s-Gravenhage,Leyenburg,2016,41.2099278804266,26104.7953268466,0.127848184385055,1.10385093167702,4.58052434456929,2624.70890861931,150.660609447771,88.4705036593475,1375.38413705922,316.856266134397,238.748471002926
WK051832,'s-Gravenhage,Leyenburg,2017,41.1729161678905,26773.8632761353,0.123885099685205,1.15738678544915,4.64550514102443,2692.24388715148,151.074042185109,88.4882194424115,1395.58174662319,331.755579213521,231.93065273804
WK051832,'s-Gravenhage,Leyenburg,2018,41.1313718948321,27269.1401843633,0.123758197519642,1.12054329371817,4.68946725547308,2764.50113252374,166.30921528511,105.443281414995,1435.29834015311,344.459607972546,247.114104408659
WK051832,'s-Gravenhage,Leyenburg,2019,40.9626966945127,28695.8769871051,0.114673005267892,1.14144898965007,4.54154163540885,2735.93275213675,178.319144641683,114.779723208416,1367.93888034188,343.273188691651,255.770111768573
WK051832,'s-Gravenhage,Leyenburg,2020,40.5069065662916,29686.2629809247,0.162592278833354,1.21738269649574,4.39034090909091,2639.21889735961,173.547336060493,110.144719846287,1290.35053985372,338.508541589191,264.548611007809
WK051832,'s-Gravenhage,Leyenburg,2021,40.3507540550008,30585.3725079365,0.1380810488677,1.18346900438322,4.3855466567331,2768.27631824318,187.817069071277,120.086317016317,1496.31872040241,326.94798613667,187.321175315912
WK051832,'s-Gravenhage,Leyenburg,2022,40.0312891319293,32300.4168801149,0.138639132200244,1.13840078973346,4.40472526477777,2658.91736813582,196.691737114643,129.393526011561,1535.09575987476,358.219163053948,
WK051832,'s-Gravenhage,Leyenburg,2023,39.9404281607745,34782.6902872609,0.130491990846682,1.15148514851485,4.18538565629229,,,,,,
WK051832,'s-Gravenhage,Leyenburg,2024,40.3226743344022,,0.131069669247009,0.669912023460411,,,,,,,
WK051833,'s-Gravenhage,Bouwlust,2009,38.4401315039293,,0.165257974423049,0.731970412985412,4.62197560487902,2435.51626291576,142.001082937136,88.9763595200366,1254.53781299524,397.617285110557,364.801452221133
WK051833,'s-Gravenhage,Bouwlust,2010,38.2172497212148,,0.159933750990135,0.888320802005013,4.71988203489801,2556.46754233849,138.272795042545,76.49745283019,1332.93863780985,401.266843877173,377.414099177213
WK051833,'s-Gravenhage,Bouwlust,2011,38.2164298441058,19605.1887218895,0.14155969535524,0.903106669563328,4.81903030898462,2596.63297160723,145.82288825861,79.5764397658272,1379.34918875677,411.49276099051,336.53722288872
WK051833,'s-Gravenhage,Bouwlust,2012,38.154365689284,19579.5540696592,0.137541998231653,0.908080059303188,4.72258348408546,2562.63023016528,140.40756495837,79.5529794717204,1417.00347509331,354.424581538906,337.376949772344
WK051833,'s-Gravenhage,Bouwlust,2013,38.102764171469,19581.5635781081,0.133347519239635,0.910700453690384,4.65475718533201,2550.93668937085,145.895455752531,82.8151894782176,1365.45452235698,327.64214167803,357.652510844237
WK051833,'s-Gravenhage,Bouwlust,2014,38.1058262730546,20397.352567437,0.129631588224925,0.944331983805668,4.6990970430641,2515.79674849248,155.859096652153,90.6625408665864,1351.31028481691,314.140283389251,315.328793306456
WK051833,'s-Gravenhage,Bouwlust,2015,38.0530174505196,20743.8663509213,0.120790758102461,0.952923572744015,4.76561493882808,2779.47899278529,154.817540131695,88.8971471792131,1355.68005445809,341.770025627336,266.090927604223
WK051833,'s-Gravenhage,Bouwlust,2016,37.7950041105713,21624.6409799716,0.126900403350915,0.926589077887198,4.78942270437815,2762.4078100586,160.523839659502,95.1648360312575,1403.69101555957,325.267120429808,230.638019321986
WK051833,'s-Gravenhage,Bouwlust,2017,37.7566746392058,22470.4386780553,0.11362860847608,0.93070940372378,4.80505065193156,2850.68906989604,163.269219154893,97.1465863939459,1400.59226617835,325.441345403032,238.843701758629
WK051833,'s-Gravenhage,Bouwlust,2018,37.692304035805,22972.0727523033,0.107861614053981,0.870418233082707,4.79374794030413,2869.36819400953,188.108840367599,113.030108577265,1385.08571647379,323.988675970045,258.407798502383
WK051833,'s-Gravenhage,Bouwlust,2019,37.6805272240232,24558.0435467497,0.0990052895971257,0.87200956937799,4.71039662051162,2904.67115819588,195.635894648265,122.223750589028,1415.01456243687,317.989413328846,246.981986199933
WK051833,'s-Gravenhage,Bouwlust,2020,37.7247683910196,25490.3566421311,0.0940660371040118,0.907621834839038,4.66947890818859,2791.93573861519,196.923966819028,124.146291179956,1312.59865718639,322.909235483327,264.722279668191
WK051833,'s-Gravenhage,Bouwlust,2021,37.7828021243736,26853.3963358563,0.0979762829825332,0.87428498792424,4.7009888325872,2954.8520872924,216.739811333649,136.741072527171,1496.22805625812,319.681609816118,190.553969170825
WK051833,'s-Gravenhage,Bouwlust,2022,37.8546370459081,28170.4347022879,0.0971178572621314,0.885039969547012,4.70900983860805,2698.37123757814,221.018559573811,141.565124133456,1464.31852166786,322.008064064474,
WK051833,'s-Gravenhage,Bouwlust,2023,37.9931917191854,30786.4540290714,0.0973468914577192,0.895588421185691,4.48002391152735,,,,,,
WK051833,'s-Gravenhage,Bouwlust,2024,38.2437708579255,,0.129983597228266,0.550195829009473,,,,,,,
WK051834,'s-Gravenhage,Morgenstond,2009,39.6661370579641,,0.18580043235863,0.837318962613675,4.60474035437601,2584.73711047498,137.480725688556,84.7396526518918,1242.34111513946,420.938300684171,536.178829234095
WK051834,'s-Gravenhage,Morgenstond,2010,38.7351830472264,,0.184257010377567,1.02516910492371,4.64197805456702,2595.77278921984,135.667946047463,74.6179090546925,1295.68170565136,419.956374708324,481.769996028369
WK051834,'s-Gravenhage,Morgenstond,2011,38.5810953802697,20097.4881430985,0.145940561182135,1.04451252477924,4.74842531493701,2567.28618715162,146.002119164275,79.4679827673598,1265.88040096863,429.779299994368,446.410331625472
WK051834,'s-Gravenhage,Morgenstond,2012,38.368818669061,20020.7733263961,0.143625782365214,1.02187992298267,4.6323706377858,2597.40463463464,139.129827490262,78.7224691151921,1438.82537451308,377.556355036174,372.101748415082
WK051834,'s-Gravenhage,Morgenstond,2013,38.1259629797857,20343.7247611966,0.152822295865703,1.10633839706653,4.63780414538901,2739.22589791542,147.465933509467,85.6137351387054,1462.22846433289,332.222035446938,466.684428799296
WK051834,'s-Gravenhage,Morgenstond,2014,37.5261040632919,20904.6983750846,0.135704383064946,1.07100485349632,4.58679470001489,2569.4500809018,153.964575329162,90.7277158428665,1414.97129343837,304.378830671271,368.666325980261
WK051834,'s-Gravenhage,Morgenstond,2015,37.4900767718067,21228.7984023078,0.123798013767012,1.02814088598402,4.63815596599238,2670.3040795914,154.089650524745,90.3716131266308,1389.01434872942,334.09554046135,334.540228240052
WK051834,'s-Gravenhage,Morgenstond,2016,37.3979652675751,22246.0815244408,0.121040783205068,0.979767233661594,4.65424415659599,2761.58074015164,160.029957568685,96.5252126869624,1451.52849846187,317.906503129311,322.044952547585
WK051834,'s-Gravenhage,Morgenstond,2017,37.15584763308,22882.2359532138,0.120205000776518,1.01705565529623,4.68593490654543,2754.83754921465,163.448881675394,100.160636125654,1395.45179528796,317.23647434555,312.53842670157
WK051834,'s-Gravenhage,Morgenstond,2018,37.0353712156636,23308.5815304274,0.115441064831216,1.00708962006908,4.76547960540125,2775.21039257782,181.629539436693,119.89794765629,1348.0500511169,314.091590758063,369.591398558504
WK051834,'s-Gravenhage,Morgenstond,2019,36.8522161188711,24792.7500256016,0.121627512714943,1.00470667339049,4.59147124417112,2782.41065310123,189.914402549644,127.584634469232,1395.44277666094,308.536635449866,312.606472174553
WK051834,'s-Gravenhage,Morgenstond,2020,37.0650074111328,25700.6767062164,0.0934493594392072,0.936563713704457,4.49743333808641,2645.79283988063,191.445280074361,129.191265104449,1211.69718066631,315.178616016827,351.460634509075
WK051834,'s-Gravenhage,Morgenstond,2021,36.9528657613461,26779.3632593192,0.10810033091938,0.968457538994801,4.52631578947368,2769.83139865916,213.729484551104,146.027648173336,1391.12013311309,298.608391469102,232.345368247182
WK051834,'s-Gravenhage,Morgenstond,2022,36.9586018077205,28531.9180039237,0.103760248798417,0.974654377880184,4.54518589787643,2533.82835838873,222.027462175966,154.836497542641,1440.53435915968,310.551204105233,
WK051834,'s-Gravenhage,Morgenstond,2023,37.2091040036027,30527.0650676321,0.0966933156724538,0.954103671706264,4.31207128208755,,,,,,
WK051834,'s-Gravenhage,Morgenstond,2024,37.6010912114799,,0.106827615821366,0.582144390895644,,,,,,,
WK051837,'s-Gravenhage,Groente- en Fruitmarkt,2009,30.4399859035245,,0.15537037037037,0.626387176325524,4.43252503953611,1970.35704266511,130.166853910669,76.7507158182177,989.666181002539,290.50124634289,316.218020650691
WK051837,'s-Gravenhage,Groente- en Fruitmarkt,2010,30.6628276091938,,0.15959595959596,0.797262617621899,4.63789918184218,1989.70865463016,130.812278135362,71.8237370782137,1016.26787204993,317.194794226643,255.665532906232
WK051837,'s-Gravenhage,Groente- en Fruitmarkt,2011,31.0163580933103,19481.2073048364,0.131447587354409,0.728270412642669,4.58756311453627,1951.75104222648,138.66923313473,75.1394291754756,1024.00535652508,297.521366519315,190.921879078695
WK051837,'s-Gravenhage,Groente- en Fruitmarkt,2012,31.2657931993148,19340.4715725806,0.130144605116796,0.826835902085222,4.57883369330454,1913.8569536298,132.281383181127,74.4772640791477,1097.50719178082,250.836594368341,157.327432535158
WK051837,'s-Gravenhage,Groente- en Fruitmarkt,2013,31.4912569078445,19203.1338869759,0.133020637898687,0.860819828408008,4.48510522000547,1905.17223332693,143.321512411006,83.3412160862038,1002.72961516259,239.620009620935,255.493734384009
WK051837,'s-Gravenhage,Groente- en Fruitmarkt,2014,31.9216247845785,20108.2091898428,0.121951219512195,0.840594566888775,4.66612244897959,2040.52798737325,158.662087406556,96.7145466743339,1126.51612804293,235.752681617788,210.258337478477
WK051837,'s-Gravenhage,Groente- en Fruitmarkt,2015,32.2275254365897,20463.8220834173,0.116121758737317,0.858122362869198,4.71947983014862,2165.92193455799,159.529913776585,96.3343475761637,1165.59991760874,258.657576164015,163.156096440873
WK051837,'s-Gravenhage,Groente- en Fruitmarkt,2016,32.5322992921388,21398.1618332995,0.108740408010481,0.89259877573734,4.76227115945874,2194.0658857143,163.316680640244,100.800167682927,1100.98975800305,265.88525152439,194.8952
WK051837,'s-Gravenhage,Groente- en Fruitmarkt,2017,32.774852648023,22524.0893743793,0.113013068286398,0.826546003016591,4.76685684647303,2367.29428973541,169.136618502533,105.234939012948,1195.00875774066,273.869726027398,147.462009757928
WK051837,'s-Gravenhage,Groente- en Fruitmarkt,2018,33.0128695010722,23814.4601910828,0.104788213627993,0.803562592775854,4.82137325761487,2497.7877984934,198.293018832392,122.675945386064,1245.35993220339,279.413973634652,147.864314500942
WK051837,'s-Gravenhage,Groente- en Fruitmarkt,2019,33.4567420737363,25378.5737276202,0.0952646239554318,0.765050612679808,4.76135468626936,2451.9661930956,200.582866084977,130.40618740516,1207.81497723824,251.883300455235,203.604402503794
WK051837,'s-Gravenhage,Groente- en Fruitmarkt,2020,33.7587477135306,26838.6396955738,0.106127722406792,0.805451630144308,4.6003887808942,2222.42209020277,199.345461436423,129.628137199166,1084.36281409892,249.056213757817,122.281047943908
WK051837,'s-Gravenhage,Groente- en Fruitmarkt,2021,34.4211799601694,27710.7083503055,0.114575507137491,0.868449781659389,4.76722905347441,2432.47864350864,215.031051814477,139.453852124976,1197.80375897536,265.756489423637,100.424478944304
WK051837,'s-Gravenhage,Groente- en Fruitmarkt,2022,34.3851550097439,25364.8276325616,0.363745338305807,1.27941176470588,4.41493423843869,2242.10790403339,215.857371349096,147.876577190542,1229.24248122392,255.650201668985,
WK051837,'s-Gravenhage,Groente- en Fruitmarkt,2023,34.5854848118893,26911.2523491967,0.180663278951591,1.1109494361586,4.24943769680612,,,,,,
WK051837,'s-Gravenhage,Groente- en Fruitmarkt,2024,35.0823830625365,,0.188738127544098,0.766318360700231,,,,,,,
WK051840,'s-Gravenhage,Wateringse Veld,2009,33.7002943365277,,0.121907379995771,0.65290088638195,3.80770379217677,1742.43742179535,129.867855724331,80.9888825076489,908.851897375343,293.433989587247,196.919731179911
WK051840,'s-Gravenhage,Wateringse Veld,2010,33.813091450191,,0.130946469361406,0.801680972818312,3.89417653694303,1798.00767809495,127.031713012207,70.6416061388846,933.9011609178,302.816581573214,209.798624074913
WK051840,'s-Gravenhage,Wateringse Veld,2011,34.1273382617546,29023.0252278564,0.0916455202030061,0.75120578778135,3.91676567195471,1799.9841172983,135.027482704091,74.4719386242339,924.682076497329,301.60890986361,200.832168091309
WK051840,'s-Gravenhage,Wateringse Veld,2012,34.5307271515067,28651.1028908613,0.0858437364438232,0.774690732103022,3.83318127587901,1847.8324066855,127.870663414635,72.1444356097561,1031.52810682927,264.552475121952,192.219734431342
WK051840,'s-Gravenhage,Wateringse Veld,2013,34.9771426632884,29121.1115386489,0.0961074587333869,0.829861111111111,3.81233486302322,1844.02655627239,135.367044867504,78.5669621161382,1019.59270161676,240.387978092412,192.807147909199
WK051840,'s-Gravenhage,Wateringse Veld,2014,35.4276841737537,30653.5751310425,0.0880562502949365,0.823221554564838,3.85767738359202,1898.04318474374,143.254389522401,84.2215220191796,1078.0378639248,236.775122858916,180.079010250298
WK051840,'s-Gravenhage,Wateringse Veld,2015,35.5639211993863,30561.9814655584,0.0987162256106039,0.829330422125182,3.9107517423371,1943.03579588016,143.586902364786,84.0850821821583,1039.1218810583,242.646749239053,136.712784644195
WK051840,'s-Gravenhage,Wateringse Veld,2016,36.0143512321761,32085.0531640826,0.102708854996585,0.875202301744291,3.93860347803,2100.7497641813,149.57343632184,89.9898542528744,1175.55064735633,251.95624229885,131.298044497564
WK051840,'s-Gravenhage,Wateringse Veld,2017,36.1504854628189,33203.8164370983,0.115861269614836,0.867722249711364,3.94895819682873,2142.66316931263,152.595510102835,92.0598443983403,1158.10304798846,248.63786893379,137.567291629082
WK051840,'s-Gravenhage,Wateringse Veld,2018,36.527344479418,33807.2710791236,0.0914004696291702,0.818686235904779,4.00194779898714,2208.07475340747,163.221014616212,101.595341642754,1156.68951757532,248.613424497848,165.719411316356
WK051840,'s-Gravenhage,Wateringse Veld,2019,36.7854126202238,35781.0908309196,0.0999692131767603,0.83986581920904,3.95163705005533,2268.13510576711,173.586745045647,109.293236695613,1216.14659541304,256.6229663772,141.901132932532
WK051840,'s-Gravenhage,Wateringse Veld,2020,37.0061682253085,37054.6097582456,0.108540772532189,0.864344941956882,3.87882197220384,2248.12649287452,173.426281717069,108.936939954812,1171.68086809177,258.999946993395,185.199923096976
WK051840,'s-Gravenhage,Wateringse Veld,2021,37.1209904144748,38507.2378401916,0.0878381238623376,0.799049186322911,3.91601336589127,2405.02915334164,193.696345007928,123.234295451622,1316.08026621512,241.581122304626,148.346613366485
WK051840,'s-Gravenhage,Wateringse Veld,2022,37.4870410738027,40805.7738935767,0.0848697688030436,0.829967544175983,3.99718995878606,2287.78452488112,199.873628991166,130.339213230298,1346.89230808424,255.40063221807,
WK051840,'s-Gravenhage,Wateringse Veld,2023,37.7048310102149,43272.494677227,0.0885277010024339,0.858978936094252,3.9112294168627,,,,,,
WK051840,'s-Gravenhage,Wateringse Veld,2024,37.9943560677044,,0.0854686587096236,0.460103497203906,,,,,,,
WK050311,Delft,Binnenstad,2009,35.7386531851196,,0.176639058750677,0.702441594941156,3.23322771731643,1517.96471332644,96.6227221839476,48.4136315880127,786.199944023425,238.497531002412,230.839807162535
WK050311,Delft,Binnenstad,2010,35.944907619954,,0.181079197956182,0.890132960111966,3.31755451283467,1589.63310883063,104.091135632982,48.7298062385956,807.241783821359,238.778251802937,286.621347878579
WK050311,Delft,Binnenstad,2011,35.9808298445736,26899.52969815,0.180492671322232,0.981261818806945,3.32660602615122,1666.74412839338,115.973392811406,56.7144019465551,866.71882609067,229.252174506958,263.828635820386
WK050311,Delft,Binnenstad,2012,36.016909432991,27156.2360424028,0.174753572247268,0.944603952035129,3.29859114433583,1495.81280188361,109.207140811857,54.7228575037894,813.789669866936,195.080843860536,231.404643457787
WK050311,Delft,Binnenstad,2013,35.9932517729375,27478.2030055365,0.164487111648651,0.951248513674197,3.26611047180667,1534.26665674111,112.90033885667,57.6534780447385,798.643127589062,182.561550124274,264.284224152192
WK050311,Delft,Binnenstad,2014,36.0273850612042,29207.5668366024,0.186509123541729,0.974837790789682,3.29823807477439,1574.38714449541,118.388792721908,61.3240381935904,857.74216129825,190.079466437178,226.684789482307
WK050311,Delft,Binnenstad,2015,36.2851563041603,28317.5881444626,0.189571332385726,0.980392156862745,3.27737537281636,1569.55812304912,121.70488330046,63.8557273175542,793.519705785664,196.886864727153,190.589646788237
WK050311,Delft,Binnenstad,2016,36.5922300369798,29728.8114012185,0.17875056999544,0.958587088915956,3.32561817136285,1660.23395009179,122.496370395122,64.3775048032743,865.098989223958,191.211874530114,216.280621765983
WK050311,Delft,Binnenstad,2017,36.8602114453413,31906.0364810613,0.196812144212524,1.03982523945555,3.33184823225065,1716.53443359212,124.160143584607,65.4606469655229,928.892883379246,198.126968027382,215.48273562067
WK050311,Delft,Binnenstad,2018,37.1986239213566,31061.5455105092,0.170266544117647,1.00052844812401,3.34970388559873,1721.47377998486,136.017688746738,80.2777030552989,892.338094436499,215.137676121538,224.544518138204
WK050311,Delft,Binnenstad,2019,37.1620038950009,39803.5602108037,0.174485472154964,1.00500777067864,3.34649884259259,1755.38488067424,139.762437416555,81.3735071762348,908.260151869157,213.443944425901,233.272727803739
WK050311,Delft,Binnenstad,2020,37.1391516303595,38410.5465478456,0.182122655552248,1.05378554299418,3.30245435498354,1760.44200296126,143.885901949494,84.1567640042776,901.096178333469,195.975586082093,241.899835485728
WK050311,Delft,Binnenstad,2021,37.0746976877909,38049.9226881008,0.196275071633238,1.06672038678485,3.37794507179702,1935.37439832715,162.199402667084,98.1519324548242,1046.59118204056,193.417785054841,235.180269075988
WK050311,Delft,Binnenstad,2022,37.0671437213963,39126.2630545097,0.160387286886971,1.02112304171801,3.40609410812997,1698.25554558226,167.031943490477,101.886348735562,1008.25918201686,224.145553387449,
WK050311,Delft,Binnenstad,2023,36.9067693277757,42913.4051758997,0.180907968728569,1.05254999224926,3.25570545958895,,,,,,
WK050311,Delft,Binnenstad,2024,37.5153617764667,,0.168379278576997,0.751098511693834,,,,,,,
WK050313,Delft,Hof van Delft,2009,36.8914317959077,,0.137207425343019,0.679593529655744,3.64408516452237,1796.82167301248,109.214924577175,58.6194255675763,986.391100868505,278.888176900807,220.765941973805
WK050313,Delft,Hof van Delft,2010,36.9413558773118,,0.133770153868807,0.82204596298556,3.70393446405907,1926.87491006097,114.231918448684,55.5416555530005,1055.7520019928,282.181911550548,271.085203506097
WK050313,Delft,Hof van Delft,2011,37.054455750796,24864.8893892708,0.130043519952792,0.92100273857173,3.76732435033686,1892.43698614494,127.076847875742,64.0777128064564,1004.19174585046,262.917833104918,280.259478532278
WK050313,Delft,Hof van Delft,2012,36.9787617152559,24930.6651923229,0.134652154728637,0.945034736411933,3.70347994200097,1797.41077278933,122.798697137652,64.7677131576944,1007.08364664794,227.545222838054,238.482085545275
WK050313,Delft,Hof van Delft,2013,36.8154633308167,25268.003086664,0.126452744682406,0.928124369069251,3.6083933146273,1791.17233262967,121.607439033597,63.3591694979229,1025.98287504719,212.151707814271,210.56076221351
WK050313,Delft,Hof van Delft,2014,36.8011525503719,26151.07050224,0.132626380011621,0.990543259557344,3.68206686930091,1833.80005634014,132.144463064552,71.6539234989094,1059.60518899827,205.218191177576,199.055694861779
WK050313,Delft,Hof van Delft,2015,37.0415806529273,25981.533548083,0.14041496201052,0.964015904572565,3.70409916543937,1937.01271868148,134.086390653359,72.9789239261951,1032.9752714761,211.53600877193,196.109426173736
WK050313,Delft,Hof van Delft,2016,37.2246646121255,26869.1527304431,0.133623231132075,0.933497032944547,3.707302056397,2036.69365788263,137.431321737799,76.4500352463405,1136.20476438587,214.748312006743,185.484924161177
WK050313,Delft,Hof van Delft,2017,37.2252120968844,28227.4983777795,0.139427651321086,1.02477157360406,3.70582354411397,2012.39458361905,138.233845333335,76.398441904763,1080.25777066667,216.008832000001,220.382338285714
WK050313,Delft,Hof van Delft,2018,37.3794125152144,28309.3741464189,0.127342200014696,0.993018828009308,3.75258642442594,2021.171943037,149.577072009828,92.4288522954093,1083.98209657608,214.904673729464,210.944610010748
WK050313,Delft,Hof van Delft,2019,37.391130608102,31281.8063070274,0.130501987339909,1.02612176111228,3.71891013623297,2138.49288377445,153.980197161489,93.2703099347908,1153.38605140008,232.305886459532,210.423096279248
WK050313,Delft,Hof van Delft,2020,37.3615363919885,31664.6927298759,0.133137614678899,1.05878607809847,3.67086144265698,2137.37760596607,160.083298074727,98.0980458108215,1092.11253938057,227.801477056541,265.48484285823
WK050313,Delft,Hof van Delft,2021,37.3101702443808,32651.6710755584,0.135911602209945,1.02402528977871,3.61150532184491,2019.69522532845,175.645801252671,108.95014589062,1056.11258936756,220.214345401773,175.965632447296
WK050313,Delft,Hof van Delft,2022,37.2189845638369,33873.3924398086,0.142019543973941,1.02043293546429,3.69980339149668,2056.71360660683,180.093887170978,111.989156799154,1243.96191643412,251.969431329662,
WK050313,Delft,Hof van Delft,2023,36.9570709094099,36933.4690265487,0.13414201603178,1.05451382176687,3.56389925373134,,,,,,
WK050313,Delft,Hof van Delft,2024,37.5332120183944,,0.1296973241702,0.681120210587891,,,,,,,
WK050314,Delft,Voordijkshoorn,2009,37.338255941254,,0.118161015186187,0.671580671580672,3.71292775665399,1795.52183276564,110.52855023082,59.8746142009229,983.44653879974,280.088686524512,207.241275683991
WK050314,Delft,Voordijkshoorn,2010,36.7810742450362,,0.16535049234669,0.94375408763898,3.7074778959988,1892.92964097802,115.906409858134,57.4829843636739,987.466257636949,279.710626488559,284.531853915197
WK050314,Delft,Voordijkshoorn,2011,36.7250218875721,28311.9994920764,0.12919798306536,0.928904847396768,3.7171581769437,1891.29673754617,128.466285200719,65.6910874775313,1036.45511983224,284.177725184741,220.420690825596
WK050314,Delft,Voordijkshoorn,2012,36.7561506743473,28637.7180350599,0.112943344081069,0.946107784431138,3.69762419006479,1843.05213844371,125.112343795267,67.5651298889425,1000.76293577981,254.8326798648,244.844943039197
WK050314,Delft,Voordijkshoorn,2013,36.9689118896528,29248.2041176471,0.0957427370729033,0.918846153846154,3.67674721458544,1957.65952107279,129.668648519122,70.8461161698454,1073.32934055401,225.237761909326,276.461429118774
WK050314,Delft,Voordijkshoorn,2014,37.1115559314017,30271.877395743,0.111540535682186,0.960013670539986,3.74322766570605,1923.33892618082,137.432157343646,76.5514394868404,1090.05314875955,224.393167625696,215.047406429716
WK050314,Delft,Voordijkshoorn,2015,37.0128445091742,30584.3123084069,0.129669758169368,0.992206982543641,3.7640607424072,2052.87547169811,142.164414806751,80.690633278896,1103.21389765922,241.979558156415,208.647808417997
WK050314,Delft,Voordijkshoorn,2016,36.7126139190597,31901.0822433256,0.118438649281177,0.999361022364217,3.74441888783656,2112.45884059234,143.832447716978,82.9075426978036,1172.76882014639,221.580522830255,224.137242160279
WK050314,Delft,Voordijkshoorn,2017,36.7291092113094,33000.7713833157,0.117811830614599,1.03294266708901,3.7244665145618,2034.02773643145,143.655462573949,82.1169656177658,1151.75873874646,211.709031124068,187.976945039869
WK050314,Delft,Voordijkshoorn,2018,36.5679489581239,33246.431037415,0.118798541765731,1.01468338941572,3.66481025773864,2100.50663013699,155.87897135741,99.6239667911983,1210.83149937734,207.915073474471,191.657534246575
WK050314,Delft,Voordijkshoorn,2019,36.4989875602957,35607.5771778735,0.103795507358637,0.936978683966636,3.66146031746032,2190.72925,161.744613636364,101.935883928571,1223.53458603896,222.234786525974,218.219081980519
WK050314,Delft,Voordijkshoorn,2020,36.7281840652219,37565.716504065,0.103039630627164,1.00674536256324,3.65325240796939,2242.00553200033,166.427374929735,105.014361198104,1275.34745041356,226.926705211596,237.26500040151
WK050314,Delft,Voordijkshoorn,2021,36.8167857270644,38303.5470304976,0.10935841043531,0.955457967377666,3.62511085772203,2219.95010350821,180.90129819848,114.792281921616,1277.43172487358,225.326914506954,150.540425884956
WK050314,Delft,Voordijkshoorn,2022,37.182387559642,40299.1874698019,0.0871056241426612,0.957726465364121,3.6568418412141,2075.2136811963,185.509447979636,120.105338052815,1243.77364937958,250.580738943684,
WK050314,Delft,Voordijkshoorn,2023,37.3826165002287,43743.2750468737,0.0841207651532611,0.919075144508671,3.56677648251394,,,,,,
WK050314,Delft,Voordijkshoorn,2024,37.8592265949259,,0.0981781376518219,0.517947520049833,,,,,,,
WK050322,Delft,Tanthof-West,2009,37.2225248286861,,0.0724184175234689,0.571587743732591,3.59099740932642,1766.82318516005,110.500087133642,59.6637784315943,960.956501075027,276.304820640489,231.890646985635
WK050322,Delft,Tanthof-West,2010,37.8074267927245,,0.0703506184046295,0.726382488479263,3.72780968006563,1951.41370344908,113.1600575374,55.6077249712314,1067.66501265823,280.239043728424,295.496519995416
WK050322,Delft,Tanthof-West,2011,38.4886369248175,27266.8816316906,0.0720036806993329,0.826714801444043,3.71930709720821,1908.9834282725,124.606779444252,62.3763527496806,1022.98688640856,279.756562027671,296.620184840735
WK050322,Delft,Tanthof-West,2012,38.9208464467472,27355.4454512937,0.0724857242745601,0.868832731648616,3.69537562317346,1977.01209091977,124.424790834313,66.7632538190359,1159.83198354877,258.997349001175,259.72980735346
WK050322,Delft,Tanthof-West,2013,39.4021769931745,27675.6959361393,0.0724024447578749,0.862214199759326,3.66539660547281,1951.65981766516,124.062903837045,65.3970582662245,1141.83603979156,228.576199668403,242.167256689557
WK050322,Delft,Tanthof-West,2014,39.9657713783854,28658.4834381044,0.0747663551401869,0.979503105590062,3.74801061007958,1926.22611190476,134.836018573641,73.9518740326234,1158.55681628765,227.212570544114,196.358284523809
WK050322,Delft,Tanthof-West,2015,40.3285931414054,29004.4601054051,0.0889446036294174,0.96978021978022,3.80987785448752,2075.97356670274,139.135781174771,77.5340166104959,1159.10974843524,237.203566441984,263.681210152773
WK050322,Delft,Tanthof-West,2016,40.5475345086346,29820.8782943809,0.0768213512863669,0.938228438228438,3.8906083244397,2213.38597794474,145.196399127062,83.6332516973809,1360.95023520853,246.097793404462,190.541530538052
WK050322,Delft,Tanthof-West,2017,40.8933524923865,30927.0016225661,0.078905966356045,0.956599286563615,3.9211804930718,2220.54679473106,146.928176606903,84.0782900353694,1270.25003780948,241.902013660203,269.776194657885
WK050322,Delft,Tanthof-West,2018,41.4482274452394,30831.6170373162,0.076340539880298,0.928147268408551,3.94511977118341,2299.37532808076,156.612230702941,93.2449587590807,1367.72010710329,244.503970208052,230.712103902499
WK050322,Delft,Tanthof-West,2019,42.0659720891768,32445.9810229986,0.0841668699682849,1.04252733900365,4.01361275300018,2535.31448700578,161.725893582954,94.7930878186957,1496.24037566202,265.813948762164,274.34343761547
WK050322,Delft,Tanthof-West,2020,42.3071209354526,33738.9396245561,0.074424898511502,0.971873129862358,3.9312962962963,2435.62447427295,165.742731792193,98.0095140442457,1388.31494034302,267.347089236888,242.535208799403
WK050322,Delft,Tanthof-West,2021,42.1873714653032,34802.3965234916,0.0834456561695871,0.973538461538462,3.95111273257935,2455.39395686128,180.553873806868,107.886310896242,1477.60624891534,260.39330234288,157.60685013016
WK050322,Delft,Tanthof-West,2022,42.4200754698387,36327.9234623575,0.0797950219619327,0.978749241044323,4.08758731864589,2493.79663085094,184.490857107571,112.938899592444,1630.61877238484,276.522763986662,
WK050322,Delft,Tanthof-West,2023,42.6052416410359,38927.8244815377,0.0629525095103694,0.887820512820513,3.96251576860696,,,,,,
WK050322,Delft,Tanthof-West,2024,43.1947724278915,,0.0846000498380264,0.582232743583354,,,,,,,
WK050323,Delft,Tanthof-Oost,2009,40.3325121752188,,0.0872565557429842,0.607017543859649,3.8128003494976,1830.83604319925,115.105079887218,64.1797650375938,1020.01747963659,302.554182330827,197.158995147911
WK050323,Delft,Tanthof-Oost,2010,40.5789321310323,,0.0955384615384615,0.811400422237861,3.88595726122983,2013.70663060521,118.007643171807,59.2444430459411,1123.29562146004,326.708615481435,204.414071809345
WK050323,Delft,Tanthof-Oost,2011,41.0874105228579,26208.7525740026,0.0931860609831985,0.886167146974063,4.04475587703436,2062.06164901185,128.086281422925,64.7536474308302,1161.24126798419,328.647256916997,249.926156521739
WK050323,Delft,Tanthof-Oost,2012,41.451610167874,26228.3458658854,0.0831499528450173,1.00151860288535,3.90196078431373,2010.77157836118,125.633957338427,66.8226281439029,1135.70477236549,279.607976758994,284.486057279236
WK050323,Delft,Tanthof-Oost,2013,42.2790475609143,26367.3276146486,0.0851608772210661,0.956187548039969,3.95384254920337,2190.53162079014,126.607412927264,66.3008115988986,1243.26067714239,259.571885630973,355.645667098446
WK050323,Delft,Tanthof-Oost,2014,42.5871416974355,26984.988700565,0.0887031978145589,0.991044776119403,3.97771522402064,2222.4207105691,139.408822381263,76.7304245283023,1300.92595640859,258.714468119713,293.918305691057
WK050323,Delft,Tanthof-Oost,2015,42.8031676056767,27654.5739087302,0.0987337714377304,1.01776061776062,4.04864864864865,2287.34777687693,139.683059205189,76.0941459854013,1252.51271532846,286.455889699919,243.294087887141
WK050323,Delft,Tanthof-Oost,2016,43.0822386974639,28324.0348856618,0.086555573531791,0.987023519870235,4.11487758945386,2369.88039862767,143.734919104429,80.2427537179277,1408.17829710737,256.752374571009,221.308972390133
WK050323,Delft,Tanthof-Oost,2017,43.1922203795561,28687.7108717604,0.111344877811944,1.17873651771957,4.18034737092553,2461.59341819973,144.614645203679,79.9052529566348,1449.81277595269,284.300492772667,254.620977332457
WK050323,Delft,Tanthof-Oost,2018,43.525724044414,29118.153447988,0.0864838552652929,0.997650743931088,4.24575871819039,2530.36922470434,158.93834264126,96.0440571616313,1493.94707621551,278.141210578187,245.321619579501
WK050323,Delft,Tanthof-Oost,2019,43.5281420910424,30298.7595865288,0.0793136937520233,0.936749399519616,4.22859132049199,2620.3493628492,159.576889397156,93.8444224799871,1522.53852965202,303.066028426728,253.712984806404
WK050323,Delft,Tanthof-Oost,2020,43.5986513843688,31407.7800829876,0.0836169178415168,0.97624703087886,4.07929621595565,2381.34876165549,165.036986749549,97.8814068378858,1268.88082774415,295.209175527565,306.125810567643
WK050323,Delft,Tanthof-Oost,2021,43.5706222813424,32595.7923961981,0.086794289422453,0.994619523443505,4.10518800571157,2620.00703388442,182.090669504013,110.023378621704,1467.1381109838,293.398330332296,259.30251432313
WK050323,Delft,Tanthof-Oost,2022,43.504985410322,34065.8397670549,0.0876487616596976,1.02287066246057,4.19143458928153,2525.03783167833,185.496207064952,112.561235552663,1601.79914862445,314.22073905258,
WK050323,Delft,Tanthof-Oost,2023,43.4573574641715,36662.9952042335,0.077949212471874,0.962323390894819,4.06226765799256,,,,,,
WK050323,Delft,Tanthof-Oost,2024,44.0761672107129,,0.0825115055884287,0.563044550386323,,,,,,,
WK050324,Delft,Voorhof,2009,38.8491972083554,,0.162266910420475,0.66470480044142,4.49683235867446,2355.65339281096,131.434073307459,80.8253143596376,1303.81675722294,390.69789133247,258.219972416171
WK050324,Delft,Voorhof,2010,38.6846457999911,,0.175538517707192,0.893167701863354,4.61050814010853,2353.6321834212,134.378108061153,73.5116669562195,1300.8132314107,396.96579656011,227.88648111332
WK050324,Delft,Voorhof,2011,38.6025283716101,21002.7019188257,0.14990832416575,0.874655900165168,4.64194756554307,2427.01749804942,145.35588883108,80.8274323621231,1383.82337408949,393.801890391954,222.667646293888
WK050324,Delft,Voorhof,2012,38.7249248778569,20918.2093683463,0.170194003527337,0.994538606403013,4.57144635299975,2281.74688389831,136.07125498177,77.5555236157044,1286.66093699653,339.25383278216,251.848002542373
WK050324,Delft,Voorhof,2013,38.3606454195248,21005.8942459968,0.159630894427087,0.991470424624513,4.65565085771948,2471.74199983313,141.730699306542,79.7370548918035,1362.94760297435,327.721895730638,261.117356082096
WK050324,Delft,Voorhof,2014,37.3742805000244,21391.1649511065,0.169900549412337,1.06447811447811,4.45851851851852,2270.33092208207,147.408399776305,84.0997004074457,1296.46424702405,300.266019813054,204.48302650487
WK050324,Delft,Voorhof,2015,37.3610436811593,21062.4741590085,0.157073170731707,1.05458638154192,4.48706355187139,2418.94888065114,144.98439177751,80.8807883917772,1159.24248609432,312.462698911729,206.027642034008
WK050324,Delft,Voorhof,2016,36.9483213389767,21351.5749307363,0.167074791856153,1.07953496955158,4.44033592379042,2406.8582401673,143.991299380481,80.2991326735844,1255.88808110065,293.281558452008,163.560793855063
WK050324,Delft,Voorhof,2017,37.1545525338882,21911.3386023295,0.193532373590525,1.2215624420115,4.36281094527363,2562.4873440356,145.262475562269,81.2625081459124,1357.0045776047,294.87368989907,207.626234602241
WK050324,Delft,Voorhof,2018,37.0713661985731,22074.106952304,0.155602388479101,1.10718446601942,4.41547560374569,2617.75822858472,159.111222842956,98.6383915270006,1372.00336669771,288.328765518311,234.258344196152
WK050324,Delft,Voorhof,2019,37.1441142356111,23220.740803622,0.144890588485235,1.10698335363378,4.32437407952872,2653.50626250001,161.010097656247,101.24584453125,1362.77589140625,305.544096875001,252.48660703125
WK050324,Delft,Voorhof,2020,37.0412372514584,24348.9256970849,0.169109436069235,1.16702025072324,4.2450943632046,2571.49294772139,164.177442463037,103.084859777476,1260.67223670172,308.784182289286,253.37086495961
WK050324,Delft,Voorhof,2021,37.1762142802729,25770.6197576144,0.155397807140849,1.08958789567987,4.32429706216114,2671.23238277952,179.95491596961,115.021774998083,1404.81107436114,306.567786048653,164.952637556596
WK050324,Delft,Voorhof,2022,37.1745535627695,27365.8131682611,0.159048215403882,1.10023866348449,4.32382487907727,2595.23550455177,181.837597592965,114.170913439282,1455.14749961426,342.094949853419,
WK050324,Delft,Voorhof,2023,36.5317461581255,30227.7997292622,0.182338033660407,1.13939595087952,4.01768978444236,,,,,,
WK050324,Delft,Voorhof,2024,36.720096385094,,0.154994335976544,0.731325381488639,,,,,,,
WK050325,Delft,Buitenhof,2009,39.7570525464577,,0.1285234208902,0.701354240912331,4.50305539128721,2453.6878269906,130.834082861444,78.6369342699452,1394.06172819153,379.290834348793,273.845483408586
WK050325,Delft,Buitenhof,2010,39.7061925645179,,0.128673441362263,0.846989588048891,4.58192483595148,2501.59396308361,135.07180755265,73.0248140885984,1359.20255265069,391.737323892522,323.395933405718
WK050325,Delft,Buitenhof,2011,39.6119450450556,21717.1767100977,0.127605768573577,0.917694550347612,4.67086294416244,2591.17481127983,148.398347436177,82.5372944239536,1424.85132205106,371.326242134955,339.113024584237
WK050325,Delft,Buitenhof,2012,39.7011893670158,21705.7498133493,0.120008233841087,0.918254879448909,4.62943372744244,2371.01516348381,143.071305449019,82.4663021926332,1306.02078732181,343.510486286995,298.429882812501
WK050325,Delft,Buitenhof,2013,39.7660527985661,21889.1596770576,0.119378465329591,0.969732246798603,4.595947063689,2663.04199290318,146.816049695739,82.4245972181977,1500.6828426543,325.520226021443,348.495742631617
WK050325,Delft,Buitenhof,2014,39.9438667486962,22497.3984680084,0.119098343756443,0.994252873563218,4.6365453397854,2658.5094872542,157.907740290024,91.2236486191071,1485.66061211105,331.74658893828,305.178974508376
WK050325,Delft,Buitenhof,2015,40.0203109676162,22494.799123006,0.118654646324549,0.989115002366304,4.74004282655246,2777.77365803263,157.154832804313,89.2845810880626,1364.33541522109,356.338457961172,213.965085233562
WK050325,Delft,Buitenhof,2016,40.2285505609758,23398.2631538813,0.10958041958042,0.963680981595092,4.77327935222672,2914.10307093039,159.442052842513,91.8325181831649,1480.03061525901,333.601847261393,236.721253895237
WK050325,Delft,Buitenhof,2017,40.3441571124422,24127.2215555043,0.117954513349343,1.00347826086957,4.7572805023276,2961.58666866029,161.585800687799,92.8433844198582,1518.67720544258,329.874622458135,229.035290819378
WK050325,Delft,Buitenhof,2018,40.4179063399773,24251.629524757,0.104709454211678,0.936411809235428,4.78371967654987,3046.8542145049,177.686021255896,108.425521293317,1609.32722625552,344.751791782052,232.500651148866
WK050325,Delft,Buitenhof,2019,40.6712317963248,25646.1775470973,0.0998659044392688,0.947275922671353,4.75098729853773,3151.16534128412,178.408328082808,109.397440744074,1634.72001575157,370.040556555655,252.718092559256
WK050325,Delft,Buitenhof,2020,40.7687800036118,26396.15168064,0.109808102345416,0.95380366557871,4.63184685183136,2981.75914009153,180.287678397237,110.405253245291,1461.60901703309,373.865319276655,255.800190590531
WK050325,Delft,Buitenhof,2021,40.8471569094263,27589.9265382516,0.104772907791176,0.971891891891892,4.71683588084347,3155.58545302907,195.759328986277,121.132733338387,1643.30350291911,354.798454014709,203.381417848206
WK050325,Delft,Buitenhof,2022,40.6862767617212,29309.146007197,0.106882648369527,0.980557015239096,4.71541630529055,3054.29568827115,200.67557529359,121.618329121448,1751.87257023933,375.680016352015,
WK050325,Delft,Buitenhof,2023,40.1506462054343,31768.051695346,0.140804597701149,1.05644820295983,4.43803374297021,,,,,,
WK050325,Delft,Buitenhof,2024,40.3302439341958,,0.107399864222675,0.625594025797692,,,,,,,
WK050328,Delft,Wippolder,2009,35.974610117056,,0.156597026162244,0.746732880292734,3.79201915403033,1791.67680583237,104.9196023085,55.4149034627495,1040.4199706191,281.947401888773,168.516752333998
WK050328,Delft,Wippolder,2010,35.5466391424661,,0.171129326047359,0.990862230552952,3.77316193760778,1899.9404435276,108.813176812799,51.5220403075004,1074.062390401,273.659408892582,254.702286745745
WK050328,Delft,Wippolder,2011,34.8789731062153,22538.018977809,0.195689507126911,1.13947031183255,3.78299434164245,1806.68402627512,120.928934299517,60.101947826087,995.870780676327,270.936952657006,236.13500289799
WK050328,Delft,Wippolder,2012,34.7990350923408,22174.0658195175,0.155428473881871,1.10322580645161,3.67010148321624,1764.71744181592,114.913685169207,58.6569648164125,921.239062410122,217.625063752277,345.76458672541
WK050328,Delft,Wippolder,2013,34.7822432757148,22150.6313046898,0.160077715830377,1.12544964028777,3.6598226784881,1698.9640956694,116.225720627125,59.2989686437474,924.467470721571,208.077347941066,252.488178130012
WK050328,Delft,Wippolder,2014,34.8452371777089,23223.3052993131,0.151076124277699,1.04762974612447,3.65206585896241,1688.30585770529,123.371030666792,64.1720181937541,896.287449123135,214.890357310325,253.70455568054
WK050328,Delft,Wippolder,2015,34.9613883702781,23185.1434615763,0.15662955465587,1.0496866606983,3.7001287001287,1751.30199178841,126.692537755687,66.6748317721276,910.435270502772,226.10276142229,211.74600973933
WK050328,Delft,Wippolder,2016,35.0113154796677,24235.2664878824,0.173215785054576,1.09635068980863,3.70679796696315,1856.53940135794,128.789547584888,69.0202620755609,1000.57105786705,215.152524151123,210.414501291001
WK050328,Delft,Wippolder,2017,34.163083513242,24537.6211590821,0.222204920585487,1.18162393162393,3.73406279733587,1912.72288127812,128.358657607199,67.8211486548537,1043.77944265907,216.259722706821,228.429306767055
WK050328,Delft,Wippolder,2018,33.8994509574544,25233.3086960574,0.169296343378449,1.05797369883312,3.67702620353443,1855.83717352574,137.756597185106,79.610756280065,1024.83595403528,213.852615357206,196.377226973098
WK050328,Delft,Wippolder,2019,33.836673205268,27225.6879185642,0.1862972073506,1.0520381613183,3.57054309327037,1884.4339877986,142.173976628286,81.112521051727,1014.53405825743,219.926050867847,188.471961677264
WK050328,Delft,Wippolder,2020,34.1352920043211,27465.6442000709,0.184001167797971,1.10202604920405,3.58477455219271,1875.21948338549,145.047416081846,83.4297776274623,962.079830049884,221.687027141286,252.932298976917
WK050328,Delft,Wippolder,2021,34.0237603430262,28138.3966606108,0.188470538183365,1.08431644691187,3.54051647373108,1878.4353933595,161.861292116452,96.041184167484,1006.22138616291,216.165709028459,173.762785410533
WK050328,Delft,Wippolder,2022,34.0229772236289,30386.7880549238,0.183513043478261,1.08224034030486,3.60094773118897,1744.28543953842,164.23190319737,97.4932871223662,1031.45837086305,241.67122605978,
WK050328,Delft,Wippolder,2023,33.7993674777863,32480.9678506825,0.19014657980456,1.12244897959184,3.52450166112957,,,,,,
WK050328,Delft,Wippolder,2024,34.1594618307196,,0.172863485016648,0.758809655937847,,,,,,,
WK054700,Leiderdorp,Wijk 00 Leiderdorp,2009,42.6717053489712,,0.0904682829624709,0.62543720190779,4.3163097199341,2278.21161136485,131.448299858937,80.2318593403633,1260.27459662793,353.001499294687,293.692447608812
WK054700,Leiderdorp,Wijk 00 Leiderdorp,2010,42.793888073077,,0.0927774130006566,0.76619804400978,4.327699361683,2210.94645494929,134.471189826219,73.099331513417,1284.00477794793,353.361259071843,194.204455347079
WK054700,Leiderdorp,Wijk 00 Leiderdorp,2011,42.6467049655433,28865.2143632171,0.0808074123097287,0.784436774395984,4.34931695241588,2239.16546559786,148.194258133476,82.5210234484608,1261.92226067205,341.129581134342,244.44394255177
WK054700,Leiderdorp,Wijk 00 Leiderdorp,2012,42.9214043719032,29104.1490906623,0.0845919448860625,0.8692704970949,4.32398006276537,2153.85961787263,149.456284036305,88.2199659636947,1291.50710624666,297.821400160171,178.820225408469
WK054700,Leiderdorp,Wijk 00 Leiderdorp,2013,42.9675827908294,29161.1507813028,0.0794216676569618,0.868615483456473,4.27836124515091,2425.97969765434,144.499108199774,82.2389771895987,1462.65057059254,274.634778878766,231.321084457439
WK054700,Leiderdorp,Wijk 00 Leiderdorp,2014,43.1391994707264,30430.4624045034,0.0831753089648859,0.871132376395534,4.25356606606607,2247.98367576456,153.830424972042,89.4689138872449,1313.65488849417,264.957270574304,237.417942781979
WK054700,Leiderdorp,Wijk 00 Leiderdorp,2015,43.1573120454976,30633.3082540533,0.078488560502949,0.887278582930757,4.30541225025795,2423.30941479982,152.056354670152,87.0690385369044,1350.43033311561,275.179513389942,180.200964012801
WK054700,Leiderdorp,Wijk 00 Leiderdorp,2016,43.1356110460454,31822.9312110272,0.111245465538089,0.981633771929825,4.30718097556409,2442.01693088387,160.617963641033,95.9880259523354,1317.94008415238,271.433351962485,175.617485226105
WK054700,Leiderdorp,Wijk 00 Leiderdorp,2017,43.2465091193734,32022.3122642736,0.100462113059442,0.972542072630647,4.3336779772535,2605.39052305135,166.007884135814,99.8181993733603,1416.5192985485,272.705977364282,198.463626190933
WK054700,Leiderdorp,Wijk 00 Leiderdorp,2018,43.4099780088209,32689.9869969443,0.0855146124523507,0.905857099049371,4.26601905473566,2699.99949503366,174.569083627041,106.196805511055,1462.54874719641,271.096836911246,201.229032361423
WK054700,Leiderdorp,Wijk 00 Leiderdorp,2019,43.568151794463,34595.9576154602,0.0858860395216474,1.00670498084291,4.22243454997134,2702.48192168985,184.059064270994,112.280773441526,1478.60439335394,285.2738749356,189.355461102524
WK054700,Leiderdorp,Wijk 00 Leiderdorp,2020,43.3834699746819,35216.2748106181,0.116011148962527,1.05109289617486,4.0586290714633,2592.80703099612,182.404115735532,113.048367704037,1378.2630839895,297.446626046745,191.499253218347
WK054700,Leiderdorp,Wijk 00 Leiderdorp,2021,43.2441532088504,37023.4050386379,0.0929377145659637,1.01923654944394,4.10991544965411,2688.9538023989,202.378624335354,124.834075058737,1479.23054037344,291.144389761347,137.669929516508
WK054700,Leiderdorp,Wijk 00 Leiderdorp,2022,43.0682892000017,39038.6634015473,0.089514375453008,1.02313546423135,4.14976206027806,2668.22836600504,209.564879247833,131.290359491183,1617.00159036441,304.006674245683,
WK054700,Leiderdorp,Wijk 00 Leiderdorp,2023,43.0427322536473,41574.2811354743,0.0870295900606206,0.97069065583285,4.05987472365512,,,,,,
WK054700,Leiderdorp,Wijk 00 Leiderdorp,2024,43.3411858220385,,0.0866621943038361,0.520187850695291,,,,,,,
WK054701,Leiderdorp,Wijk 01 Leiderdorp,2009,39.139845473888,,0.0838212634822804,0.574324324324324,3.79373012267151,1893.91361457036,118.674853673723,67.2220361145702,1065.20639788294,270.510669364882,219.926880448319
WK054701,Leiderdorp,Wijk 01 Leiderdorp,2010,39.257924363239,,0.0703125,0.621236133122029,3.73056537102473,1889.44163879599,123.09524304494,62.8591225924795,976.314056863344,268.928902476307,294.905722103983
WK054701,Leiderdorp,Wijk 01 Leiderdorp,2011,39.2768352522394,31720.6979604079,0.0788003528374008,0.712574850299401,3.73578302712161,1765.35684007134,137.550047562426,73.004283590963,1002.76338585018,253.541474435196,179.054060642093
WK054701,Leiderdorp,Wijk 01 Leiderdorp,2012,39.4228046155867,31610.6571005917,0.0671490593342981,0.725460122699387,3.71552849064811,1787.61189877121,135.539642543217,76.403460298857,995.207017286843,214.887087606211,268.257246928028
WK054701,Leiderdorp,Wijk 01 Leiderdorp,2013,39.6383619579519,32849.8429534134,0.0658082975679542,0.740340030911901,3.61728931364031,1929.4165,133.970092592593,73.6583506944443,1102.77044270833,195.072291666667,247.805682080925
WK054701,Leiderdorp,Wijk 01 Leiderdorp,2014,40.0700597663922,35296.8443854996,0.0633458105384394,0.853410740203193,3.65506470325747,1740.36429737609,140.69380869058,78.091067366579,1004.28368037328,177.38213764946,182.512798833819
WK054701,Leiderdorp,Wijk 01 Leiderdorp,2015,40.7468859933729,34955.0942950044,0.0717814588782331,0.823188405797101,3.79590017825312,1984.38480549869,142.489043579994,78.8536355659551,987.80112313542,217.440254460369,173.842138052062
WK054701,Leiderdorp,Wijk 01 Leiderdorp,2016,41.0175365420403,35991.6965660154,0.0880046471100784,0.916780354706685,3.78593272171254,1906.3009136164,151.830421669107,88.2183162518304,981.140002928259,198.604699853587,91.774243045388
WK054701,Leiderdorp,Wijk 01 Leiderdorp,2017,41.2212622828184,36387.3960514508,0.0707574867880211,0.923896499238965,3.70923913043478,2114.31042024268,151.877591003256,86.8628943474402,1186.73571766795,179.337002071619,175.506812666469
WK054701,Leiderdorp,Wijk 01 Leiderdorp,2018,41.4791316009669,38599.9020480855,0.0762292697119581,0.934497816593886,3.74348607367475,2053.98374486803,160.804879765396,93.8669178885633,1117.10177419355,183.463589442815,165.338498533724
WK054701,Leiderdorp,Wijk 01 Leiderdorp,2019,41.4200547389547,41125.8761591385,0.0668425681618294,0.875409836065574,3.7612551159618,2215.75900650503,171.137477823773,101.322578356002,1313.00431401538,192.480124186872,139.223799526907
WK054701,Leiderdorp,Wijk 01 Leiderdorp,2020,41.8102642286368,41718.9509569378,0.0734132787364727,0.822254335260116,3.51180358829084,2019.4897277301,167.106854098845,98.8711305119857,1188.30858242084,192.755013317549,119.14154483575
WK054701,Leiderdorp,Wijk 01 Leiderdorp,2021,42.3575276646469,43318.2932851551,0.0847107438016529,0.871052631578947,3.66252983293556,2269.96922870756,185.172802263252,109.226116736153,1376.29752531269,204.310970815961,102.505196545563
WK054701,Leiderdorp,Wijk 01 Leiderdorp,2022,42.28613642716,47445.4539711191,0.0802705086739194,0.951149425287356,3.72498836668218,2187.99064516129,195.26401135006,119.157933094385,1332.26300477897,221.381789127838,
WK054701,Leiderdorp,Wijk 01 Leiderdorp,2023,42.5159980935455,51148.9226118501,0.0606867969212552,0.791976225854383,3.68246013667426,,,,,,
WK054701,Leiderdorp,Wijk 01 Leiderdorp,2024,43.0258871331128,,0.0752332229912729,0.489316882335239,,,,,,,
WK054702,Leiderdorp,Wijk 02 Leiderdorp,2009,37.3694730369022,,0.0494196069417308,0.45886524822695,3.72254242715338,1725.87416492451,120.734294343129,69.5421651759789,952.948215820651,292.436400278777,155.583598141696
WK054702,Leiderdorp,Wijk 02 Leiderdorp,2010,37.9978512251719,,0.0544823597455176,0.623340321453529,3.82522088353414,1688.93477224948,124.851561216106,65.5110365066325,925.602706890478,288.439586805963,138.984097173557
WK054702,Leiderdorp,Wijk 02 Leiderdorp,2011,39.5294451596324,30465.2214733907,0.0778463648834019,0.728700906344411,3.98692810457516,1984.92672391931,141.573599262163,77.2623610790868,1073.67085081854,308.31782914457,239.213634582133
WK054702,Leiderdorp,Wijk 02 Leiderdorp,2012,40.1561280861445,30869.0749474667,0.0613299643964626,0.765293383270911,3.95418615905791,1966.56340464901,142.893941462286,83.475734613605,1181.62824271171,271.153189495603,148.866328206314
WK054702,Leiderdorp,Wijk 02 Leiderdorp,2013,40.866691901257,31251.5142219088,0.0536889504676134,0.71606648199446,3.93819756788273,2008.91996976745,139.621837328369,79.00243542006,1166.98464393763,246.449107516872,179.10053372093
WK054702,Leiderdorp,Wijk 02 Leiderdorp,2014,41.5218950447983,32889.7160916824,0.0635952187536266,0.810313075506446,3.97591570496739,2047.07764217177,151.115895845524,88.3979098888241,1206.20630778233,251.71314101814,172.072666744676
WK054702,Leiderdorp,Wijk 02 Leiderdorp,2015,41.9133926485725,32602.5671819263,0.0720941066853017,0.821576763485477,4.06102494942684,2124.72257618377,151.190872113468,87.7793506036808,1195.96409799554,248.759316610011,96.8624413970933
WK054702,Leiderdorp,Wijk 02 Leiderdorp,2016,42.3593554262127,33706.3655114522,0.071436963929033,0.851076207097149,4.08806528391704,2184.48495096302,158.71555713104,94.8342750797586,1200.74406711568,243.496035684745,134.615394068297
WK054702,Leiderdorp,Wijk 02 Leiderdorp,2017,42.8027554632089,34922.8569553806,0.0894508839714319,0.952186588921283,4.10331148671956,2323.21621063805,162.589746432362,97.2512230215828,1269.03145064277,244.582285646892,157.082217242599
WK054702,Leiderdorp,Wijk 02 Leiderdorp,2018,43.2289349490588,34966.8292186002,0.0729755178907721,0.912743251726303,4.16169844020797,2492.97673982679,174.785836991339,107.295637679441,1373.76496144264,242.868550243208,165.988328390082
WK054702,Leiderdorp,Wijk 02 Leiderdorp,2019,43.5447295576882,37280.3117335898,0.0733750147457827,0.88504326328801,4.10512552301255,2595.09227769852,186.788542558249,116.385432715169,1407.5303233476,252.958267950547,167.683631716595
WK054702,Leiderdorp,Wijk 02 Leiderdorp,2020,44.0941250875451,37824.9059610706,0.0735276478349526,0.898011545862733,4.00367579489065,2380.72358015729,184.431127646702,115.555796733212,1227.67068602541,274.700860254084,168.157137326074
WK054702,Leiderdorp,Wijk 02 Leiderdorp,2021,44.4322457607681,39216.3077017565,0.0766723013764791,0.955808080808081,4.11616897305171,2684.52504199635,208.035985392577,130.736284844796,1480.11728301887,284.328367620208,143.200716981132
WK054702,Leiderdorp,Wijk 02 Leiderdorp,2022,44.6667827486109,41040.0805558972,0.0738677645919109,0.880982367758186,4.18176905062151,2596.71430821833,211.412404444988,133.769535962877,1539.30126022714,303.233549883991,
WK054702,Leiderdorp,Wijk 02 Leiderdorp,2023,44.9717050369604,45348.4491705127,0.0620563035495716,0.863955119214586,4.00017975912278,,,,,,
WK054702,Leiderdorp,Wijk 02 Leiderdorp,2024,45.3455423319402,,0.0638534834797674,0.482489790867467,,,,,,,
WK184200,Midden-Delfland,Schipluiden,2009,37.5414344556586,,0.0846200293280428,0.55406538139145,3.54748247291268,1678.08581883049,109.037817722841,58.0014180013921,946.291700034822,246.666532033426,174.335976331361
WK184200,Midden-Delfland,Schipluiden,2010,37.9699862941684,,0.0947875306243136,0.711120064464142,3.61688392302917,1738.56266018258,116.825899520711,57.2917725094145,1002.61073947278,257.76832420404,148.975982424708
WK184200,Midden-Delfland,Schipluiden,2011,38.3683560020969,30828.8416002741,0.0690811535881958,0.716833405828621,3.66797667342799,1798.60584840291,129.854443974988,65.7141870880515,1058.81570221396,255.042212269732,152.215455467298
WK184200,Midden-Delfland,Schipluiden,2012,38.6550926600568,30968.0841440519,0.0735662932619963,0.742845461978741,3.5711369146357,1698.98831721469,126.586745477492,67.3757181320991,998.131718973495,212.926982751368,159.692724749811
WK184200,Midden-Delfland,Schipluiden,2013,38.937080374446,31786.3705575206,0.0728307489277466,0.796691336525903,3.52809275066888,1707.54075844329,127.413256953092,67.3690327936889,1023.96794769614,204.893172270651,140.421058003485
WK184200,Midden-Delfland,Schipluiden,2014,39.2895800595982,34055.3101825089,0.0837370801033592,0.842727631060307,3.58465180017441,1770.07525284554,136.893595121951,74.8559146341458,1056.61711463414,207.392813821138,128.850456910569
WK184200,Midden-Delfland,Schipluiden,2015,39.3250619973809,33901.8821425669,0.0917678812415655,0.88735632183908,3.57682896990458,1929.28475433409,140.742827806631,78.0806815821038,1106.97534238913,206.945023571714,106.068739314532
WK184200,Midden-Delfland,Schipluiden,2016,39.6300406141753,35978.7537981769,0.0774603672892795,0.873504273504274,3.59685039370079,1965.68727301412,141.968967339857,79.254444619755,1161.37980041022,213.15792126854,105.020878756804
WK184200,Midden-Delfland,Schipluiden,2017,39.8057765281243,37846.5834376957,0.0927930002302556,0.906866325785245,3.62017270328616,2066.78121450619,143.910881944438,80.1689691358005,1229.82712885802,223.926472222223,115.168083333333
WK184200,Midden-Delfland,Schipluiden,2018,40.2202741552812,37850.7220168332,0.0641352164852975,0.80060553633218,3.66185391895171,2034.42440353461,155.507959072945,90.9404658553584,1182.36343151694,223.969323308271,100.880836369274
WK184200,Midden-Delfland,Schipluiden,2019,40.7281605000133,43408.3929863186,0.0696452036793692,0.847139197267293,3.58553428640659,2073.82997747223,160.447908801371,92.7565384914141,1192.21285791968,238.966258059504,97.9928353919055
WK184200,Midden-Delfland,Schipluiden,2020,41.0091159064585,40827.1763509815,0.0873875951118284,0.916317991631799,3.56178647597541,1959.8469686438,162.743585881989,94.3863476984835,1087.15314179796,242.020323602101,91.9987650602409
WK184200,Midden-Delfland,Schipluiden,2021,41.3372064498125,42232.7521420782,0.0747913955446681,0.921419518377693,3.50351721584598,2226.77328460412,178.779219050542,104.910637839496,1302.72583365392,234.928222666769,71.0346672308995
WK184200,Midden-Delfland,Schipluiden,2022,41.6598874531714,43908.9539034611,0.060405240706886,0.82365972529907,3.64526581063243,2208.04154731755,183.66537263028,109.627373551311,1342.37720699976,253.511630977051,
WK184200,Midden-Delfland,Schipluiden,2023,42.0622581099836,46902.6091266719,0.0545047479348413,0.799550561797753,3.63097398669087,,,,,,
WK184200,Midden-Delfland,Schipluiden,2024,42.5810970848601,,0.0722086901862183,0.457531232812132,,,,,,,
WK184201,Midden-Delfland,Maasland,2009,39.5531450029575,,0.0812023328847017,0.551186943620178,3.52682403433476,1513.03705361165,121.781011117788,69.6622280649036,892.1825405649,232.875267427885,72.778173899985
WK184201,Midden-Delfland,Maasland,2010,40.0970980757423,,0.0654610671050665,0.644053601340034,3.58746293943244,1623.19551341628,126.425646012362,65.482992612694,938.139253731345,249.345234433891,117.884443111977
WK184201,Midden-Delfland,Maasland,2011,40.4549080828645,32628.1381349507,0.057973174366617,0.635113268608414,3.6698275862069,1626.05485645933,130.496497158241,65.3534205803169,952.922416990729,232.631018546216,106.242141148325
WK184201,Midden-Delfland,Maasland,2012,40.7116846727244,33091.6815063272,0.062817828297936,0.727554179566563,3.63492063492063,1555.74777644412,126.853055555554,66.2951771771777,936.837575075076,212.560533033033,86.4866616654163
WK184201,Midden-Delfland,Maasland,2013,41.2804233929333,33093.5904718278,0.0595470226488676,0.718597063621533,3.56627830292372,1690.34971896605,126.976225762814,65.7304343905009,1048.65341650383,185.833201563205,103.29607754734
WK184201,Midden-Delfland,Maasland,2014,41.7566904670338,37923.7247037375,0.0573353293413174,0.772100567721006,3.60417133886522,1642.53039771874,137.28728950923,73.9153054179795,1000.12592675972,184.149234579019,92.0987588173495
WK184201,Midden-Delfland,Maasland,2015,42.2155462008964,33789.3363358779,0.0591511137868754,0.774354704412989,3.64391891891892,1817.53340120664,136.443969834088,72.8761825037725,1023.88623227753,191.428840120663,70.4309592760181
WK184201,Midden-Delfland,Maasland,2016,42.4295271693433,36657.9554334554,0.0721031329635737,0.819956616052061,3.60981098109811,1924.96260529484,141.911063477737,78.7239019253907,1092.54603640192,183.300213598075,88.150341456077
WK184201,Midden-Delfland,Maasland,2017,42.5420127364282,37371.0760490835,0.0796723752792256,0.870488322717622,3.6172194457065,1890.05385579937,146.662425735188,82.2019599940274,1053.55362740708,178.150137333931,83.3999805941185
WK184201,Midden-Delfland,Maasland,2018,42.5244770094839,37559.224275199,0.0797464622641509,0.874914559125085,3.57417336907954,2047.81051426038,151.482988030149,86.4331668390694,1141.64380375351,186.297118368553,73.0473296881927
WK184201,Midden-Delfland,Maasland,2019,42.982570116398,41566.7901087442,0.0765291191103307,0.844268204758472,3.64084821428571,2171.1063188023,150.363286364302,82.7676867752811,1211.3525862322,220.692942903273,102.342998678996
WK184201,Midden-Delfland,Maasland,2020,43.2016574982491,41735.4847897405,0.0656966490299824,0.870426829268293,3.58983128134975,2077.87307024002,152.409215137681,83.7439758503888,1188.02151082315,228.401683109999,80.0372684435282
WK184201,Midden-Delfland,Maasland,2021,43.5631261476636,42469.525822295,0.0737980417945346,0.86751497005988,3.72889091738932,2303.7340284291,163.008852579132,89.9677667057436,1360.90823270809,223.447595252052,78.1227168815944
WK184201,Midden-Delfland,Maasland,2022,43.6895528958859,46468.796279628,0.0788003528374008,0.88483547925608,3.79241071428571,2262.06214116954,179.708257531006,105.442820437096,1326.42058919079,229.379726816302,
WK184201,Midden-Delfland,Maasland,2023,43.7801705557863,50037.8032146613,0.0712288447387785,0.824561403508772,3.8071837814015,,,,,,
WK184201,Midden-Delfland,Maasland,2024,44.0437223431041,,0.0690628248923214,0.485964651715431,,,,,,,
WK060301,Rijswijk,Wijk 01 Rijswijk,2009,36.943433170533,,0.0805963699222126,0.513388734995383,3.40720781407881,1597.1175209608,102.306903196554,52.4420516889594,913.732856495127,248.978707776015,145.18997960571
WK060301,Rijswijk,Wijk 01 Rijswijk,2010,36.9632963461824,,0.0843683083511777,0.720179372197309,3.42589549786395,1660.10754860335,103.756700291415,46.1887267428829,943.889444070836,249.944048419637,178.444042458101
WK060301,Rijswijk,Wijk 01 Rijswijk,2011,37.5022807490705,36319.197054229,0.0868077827667308,0.845650140318054,3.44702756559283,1831.98312749889,118.218902222222,57.4117377777779,1034.80389333333,236.462728888889,236.053636161706
WK060301,Rijswijk,Wijk 01 Rijswijk,2012,37.632836569612,36122.890726257,0.0918410935497651,0.89159891598916,3.43559959002392,1728.83829160204,112.749236573457,55.8629937860633,1028.50925876609,192.626400355082,199.657334367383
WK060301,Rijswijk,Wijk 01 Rijswijk,2013,37.8226648451035,36776.7040288094,0.0807799442896936,0.856751824817518,3.38595866001426,1739.65566622104,114.606028099911,56.5188648528099,1070.7189206066,176.638686440678,193.093908199644
WK060301,Rijswijk,Wijk 01 Rijswijk,2014,37.8352430496834,39565.9785809906,0.0890963088672041,0.997201492537313,3.36973314606742,1662.5526021978,120.694783087426,60.9394582691035,997.603530059459,166.701195771856,132.797683516484
WK060301,Rijswijk,Wijk 01 Rijswijk,2015,37.9765300021786,39012.5193866375,0.106019579254322,1.0,3.40529391543486,1767.68083729987,122.133277729636,61.3714103119585,998.61764081456,210.555870883882,137.907289052358
WK060301,Rijswijk,Wijk 01 Rijswijk,2016,37.9788100056496,40594.8034188034,0.111620158267389,0.997530864197531,3.39206739206739,1719.74610400867,126.444414570685,65.7396183868171,1006.631613183,178.714254119688,134.928422535211
WK060301,Rijswijk,Wijk 01 Rijswijk,2017,38.5562734483772,41569.3184296619,0.0986444212721585,0.984168865435356,3.32798884628791,1696.85511693373,127.588884798614,66.7391511476829,971.503042442617,189.277472932005,102.050807708965
WK060301,Rijswijk,Wijk 01 Rijswijk,2018,38.7689983553654,44222.422644771,0.0923172242874845,0.963702359346643,3.33601962158374,1835.64196524351,141.756979189016,93.9205492383608,1044.43385325038,183.428701995279,153.746483587213
WK060301,Rijswijk,Wijk 01 Rijswijk,2019,38.8608069655002,46188.0596369922,0.0932010746021905,0.912745936698033,3.3741134751773,2052.59486689566,152.470910261915,101.702614856162,1184.66441391155,232.683638900816,193.186822670674
WK060301,Rijswijk,Wijk 01 Rijswijk,2020,39.3341674990916,46795.4763454861,0.0907186256023465,1.00891089108911,3.28297632468997,1805.92488835898,152.418512898331,100.209009321483,973.336394970736,210.577201387383,211.324678083677
WK060301,Rijswijk,Wijk 01 Rijswijk,2021,39.5505226860168,47866.0264355363,0.102916666666667,1.05724197745013,3.24556213017751,1819.50911313,162.691075059486,107.023696733723,1066.8525697599,196.765505083279,95.4747782825005
WK060301,Rijswijk,Wijk 01 Rijswijk,2022,39.7340547251871,50715.2414692458,0.1031204794379,1.0359231411863,3.27217670110438,1777.95413094981,169.874768468664,113.831507645918,1124.62906095197,183.297727762223,
WK060301,Rijswijk,Wijk 01 Rijswijk,2023,39.9480369658338,52979.7452006981,0.0906633395716365,0.903145695364238,3.25939306358381,,,,,,
WK060301,Rijswijk,Wijk 01 Rijswijk,2024,40.3720715047966,,0.106213266162888,0.562972292191436,,,,,,,
WK060302,Rijswijk,Wijk 02 Rijswijk,2009,42.5654452046524,,0.122183964584358,0.710475454194047,4.16456390565003,2287.97017495954,124.852678607569,73.998913175471,1304.94476624165,360.877015786277,240.823859223301
WK060302,Rijswijk,Wijk 02 Rijswijk,2010,42.449921119758,,0.108219581655701,0.836371000405022,4.29234714536375,2385.74238210643,124.849897461929,64.0154883248731,1330.04585583756,379.001805076141,280.892353832172
WK060302,Rijswijk,Wijk 02 Rijswijk,2011,42.2248070635663,27577.7509893455,0.114578254509995,0.974827446203816,4.42768252212389,2358.38385267991,134.217843450479,70.1569189297125,1309.59548522364,375.991014376997,256.845668230362
WK060302,Rijswijk,Wijk 02 Rijswijk,2012,42.1693480101837,27590.8428455778,0.108163265306122,0.974969224456299,4.33365450791466,2228.21441217286,130.234552676002,70.3511478502626,1302.40678582067,325.25510574918,205.543554718477
WK060302,Rijswijk,Wijk 02 Rijswijk,2013,42.0778628285705,27648.8100845411,0.0971495055264689,0.99294532627866,4.30608793686584,2436.89295941541,133.205610045481,72.4143217322526,1361.28602531145,304.743897567728,274.026665350054
WK060302,Rijswijk,Wijk 02 Rijswijk,2014,41.8568712549391,29085.4345398345,0.105419095861608,1.00966962127317,4.25483646485734,2400.51494443361,138.807774417016,76.582095814226,1335.09979315055,294.506784076495,264.839844999025
WK060302,Rijswijk,Wijk 02 Rijswijk,2015,41.8319624351771,29157.076063517,0.123223194954344,1.09254197579071,4.23680178297813,2471.43117680938,137.767893927748,74.7573750960803,1297.09270849347,286.792176210607,215.575601842964
WK060302,Rijswijk,Wijk 02 Rijswijk,2016,41.718765161057,30239.3969007264,0.132436194895592,1.14963503649635,4.26505524861878,2539.65615493891,142.850929241262,80.1725622809512,1305.27496637302,299.506559628683,246.931484989109
WK060302,Rijswijk,Wijk 02 Rijswijk,2017,41.8554982412744,31110.3116565617,0.120150305307656,1.11535580524345,4.265297389816,2519.65190174629,147.587826712724,85.1315947035122,1341.65489733257,278.529666090962,203.583127998465
WK060302,Rijswijk,Wijk 02 Rijswijk,2018,41.8693241953853,31406.1914665104,0.119962599345489,1.15141955835962,4.24702380952381,2638.90165470377,156.929905254091,106.557856254189,1410.2793453919,268.402737104029,276.457547133697
WK060302,Rijswijk,Wijk 02 Rijswijk,2019,42.0288305733069,33269.6064792295,0.108052817556258,1.10200737402704,4.1639670360898,2638.16536429524,167.733030707611,114.653191874881,1423.62179191303,282.585850658021,219.534384894145
WK060302,Rijswijk,Wijk 02 Rijswijk,2020,42.3350936931199,34318.0988711561,0.112786885245902,1.15394348376213,4.11457862204131,2596.03078240077,169.722050693448,115.792042085126,1391.44060449546,285.344236250597,245.544839789574
WK060302,Rijswijk,Wijk 02 Rijswijk,2021,42.1476142397024,35878.0049596421,0.116250817680591,1.13515687851971,4.11912225705329,2648.86683879574,182.11706078506,124.231808307926,1444.50681592988,270.711456745426,163.874019626525
WK060302,Rijswijk,Wijk 02 Rijswijk,2022,41.9780182409939,37624.7788442893,0.10242137489563,1.14887152777778,4.09783878504673,2470.41546688177,188.741742266085,130.294171569559,1446.48755171759,281.557575441259,
WK060302,Rijswijk,Wijk 02 Rijswijk,2023,42.0834986239098,39953.1999805655,0.110086616373289,1.10043842168194,3.93134810033739,,,,,,
WK060302,Rijswijk,Wijk 02 Rijswijk,2024,42.4126638654588,,0.110696517412935,0.626961347110601,,,,,,,
WK060303,Rijswijk,Wijk 03 Rijswijk,2009,41.6318954373487,,0.0885245901639344,0.569444444444444,3.65625,2144.37027681661,126.936678200692,76.2649826989619,1083.10020761246,422.38339100346,182.521349480969
WK060303,Rijswijk,Wijk 03 Rijswijk,2010,41.9534778174964,,0.0983606557377049,0.597701149425287,4.35238095238095,3150.03355400697,127.325540069687,66.5509407665505,1570.19818815331,463.98362369338,668.716236933798
WK060303,Rijswijk,Wijk 03 Rijswijk,2011,42.2521591186965,39896.7727272727,0.13,0.692307692307692,4.25728155339806,2672.62085106383,136.558475177305,73.218865248227,1396.63042553192,388.803865248227,462.495496453901
WK060303,Rijswijk,Wijk 03 Rijswijk,2012,42.1926801366553,39640.2736842105,0.129251700680272,0.855421686746988,4.07142857142857,1890.81722021661,126.110036101083,66.0862815884477,1008.42371841155,305.992743682311,231.688628158845
WK060303,Rijswijk,Wijk 03 Rijswijk,2013,43.4367908174613,39470.5802919708,0.0931899641577061,0.842105263157895,3.51578947368421,2127.15390977444,121.131842105263,59.9351503759398,1054.40883458647,200.040375939849,507.560526315789
WK060303,Rijswijk,Wijk 03 Rijswijk,2014,44.0606873559443,52627.4423076923,0.108208955223881,0.9375,4.06878306878307,2837.82937254902,135.262705882353,70.7249411764706,1619.6837254902,211.012941176471,514.488352941176
WK060303,Rijswijk,Wijk 03 Rijswijk,2015,45.346715320157,41087.6274509804,0.0988593155893536,0.808219178082192,3.94797687861272,2704.14193548387,126.008709677419,61.1656048387097,1167.21399193548,249.65564516129,794.671290322581
WK060303,Rijswijk,Wijk 03 Rijswijk,2016,46.2330246921735,46764.7826086957,0.0862745098039216,1.06122448979592,4.10674157303371,3163.09709543568,145.912406639004,80.4538589211619,1825.7910373444,317.957925311204,283.789668049793
WK060303,Rijswijk,Wijk 03 Rijswijk,2017,42.9754294919367,46946.3275862069,0.228476821192053,1.19266055045872,3.68115942028985,2658.52520979021,138.870384615385,74.7771678321678,1632.64835664336,204.607517482517,257.26479020979
WK060303,Rijswijk,Wijk 03 Rijswijk,2018,42.8696093842882,47796.2366666667,0.107843137254902,0.855072463768116,3.77777777777778,2737.82391752577,166.469759450172,108.298797250859,1358.30608247423,223.124742268041,561.214467353952
WK060303,Rijswijk,Wijk 03 Rijswijk,2019,42.8832059492374,60154.9475409836,0.13166144200627,1.04938271604938,3.50248756218905,2144.87409240924,148.109504950495,88.8554785478548,1050.0901980198,217.219570957096,389.259405940594
WK060303,Rijswijk,Wijk 03 Rijswijk,2020,43.5109274560265,47796.3049853372,0.229885057471264,1.2972972972973,3.59375,2110.19522522522,152.744714714715,90.3763663663663,1103.07591591592,250.177447447448,293.676816816817
WK060303,Rijswijk,Wijk 03 Rijswijk,2021,43.0083693069115,48247.6502890173,0.0947075208913649,1.02631578947368,3.95196506550218,2608.71008746356,176.738688046647,112.030291545189,1486.43402332362,312.740932944606,313.208804664723
WK060303,Rijswijk,Wijk 03 Rijswijk,2022,42.9053414071645,52402.991202346,0.0844686648501362,0.645161290322581,4.02752293577982,2441.25250728863,185.676064139942,120.427959183673,1628.08644314869,341.215131195335,
WK060303,Rijswijk,Wijk 03 Rijswijk,2023,43.2236017689757,52894.8254847645,0.0793650793650794,0.616071428571429,3.91031390134529,,,,,,
WK060303,Rijswijk,Wijk 03 Rijswijk,2024,43.5038555417918,,0.120967741935484,0.575268817204301,,,,,,,
WK060304,Rijswijk,Wijk 04 Rijswijk,2009,42.2688447159288,,0.122420072845002,0.707102952913009,4.0831415420023,2135.83604738939,115.727888003356,65.7373657718122,1108.78223783557,332.001879194632,370.421434262948
WK060304,Rijswijk,Wijk 04 Rijswijk,2010,42.0942662311702,,0.119628807746621,0.921774193548387,4.25518433179723,2268.53504690432,115.712276626909,55.6518288344844,1269.09870893492,349.887388575015,317.155330414843
WK060304,Rijswijk,Wijk 04 Rijswijk,2011,42.1153882655109,25814.6267397722,0.110661541573943,0.903814262023217,4.30464914813745,2319.06480016653,126.313055613414,62.4181566340347,1351.11488856488,358.228866902729,251.784658617819
WK060304,Rijswijk,Wijk 04 Rijswijk,2012,42.2354022617592,26377.0293487575,0.110723805618208,0.940772532188841,4.15007429420505,2265.95006922593,121.428615837009,62.4148057130856,1379.97093467759,306.4650031506,231.663981539752
WK060304,Rijswijk,Wijk 04 Rijswijk,2013,41.951266999941,26342.9088204038,0.109614206981017,0.900966183574879,4.1101243339254,2333.64605959574,122.40810387985,62.4787442636627,1315.80279098873,252.76272006675,321.381621171077
WK060304,Rijswijk,Wijk 04 Rijswijk,2014,41.9182891511683,27434.9380733945,0.12814371257485,1.11755485893417,4.23174322732627,2324.58091281211,129.756956788859,67.6582224042596,1347.63508703666,264.760927708376,222.879025787966
WK060304,Rijswijk,Wijk 04 Rijswijk,2015,41.7146702132499,26734.4198316567,0.125221151955966,1.09296875,4.19805768098882,2307.51762585582,129.427558467742,66.7554032258067,1238.88580241935,269.164885080645,207.591614981877
WK060304,Rijswijk,Wijk 04 Rijswijk,2016,41.7292033455109,27720.5591419816,0.12819512195122,1.06354009077156,4.1020942408377,2477.86744604317,134.793123501199,72.5837350119905,1330.62554956035,323.983205435651,224.846011191047
WK060304,Rijswijk,Wijk 04 Rijswijk,2017,41.7753260377345,28185.7884930385,0.115475255302435,1.05952380952381,4.10912343470483,2302.10574562286,136.829925538338,74.0884765546387,1205.88508754276,239.327754075267,280.929229221171
WK060304,Rijswijk,Wijk 04 Rijswijk,2018,42.0339676983145,29135.5161154413,0.116723686858523,1.01337529504327,4.16676737160121,2680.36777204212,148.904073921124,91.6957072062771,1346.53543464795,251.133384265951,381.296500103242
WK060304,Rijswijk,Wijk 04 Rijswijk,2019,41.9180223945294,29822.8335063317,0.122615262321145,1.05559845559846,4.14857142857143,2632.5616,165.196116326532,102.501697959184,1393.20108571428,261.869426530612,317.917287755102
WK060304,Rijswijk,Wijk 04 Rijswijk,2020,41.2793619753237,30317.9151865895,0.145402298850575,1.04587813620072,4.05417675544794,2498.13998032658,165.818969112729,102.63641943734,1250.783433012,257.410830218375,341.433745819398
WK060304,Rijswijk,Wijk 04 Rijswijk,2021,40.9217390235844,31841.2004310345,0.134829341881954,1.12401263823065,4.03730904817861,2457.41863873335,179.206227070863,111.173435026067,1319.37746089979,254.819459355088,209.954531762889
WK060304,Rijswijk,Wijk 04 Rijswijk,2022,40.9894797436001,33825.1006658833,0.0911482803984213,0.999105545617174,4.04991294254208,2414.88713761113,182.985633938926,115.452211055276,1389.49721105528,273.358581368381,
WK060304,Rijswijk,Wijk 04 Rijswijk,2023,40.9717455238427,36783.8197048265,0.100840336134454,1.06684256816183,3.91807157645667,,,,,,
WK060304,Rijswijk,Wijk 04 Rijswijk,2024,41.452994788884,,0.107608484140883,0.600311344619576,,,,,,,
WK060305,Rijswijk,Wijk 05 Rijswijk,2009,45.0736433375853,,0.202020202020202,0.914285714285714,3.73626373626374,1691.51316176471,100.854007352941,51.5551838235294,835.174705882353,482.735625,112.865
WK060305,Rijswijk,Wijk 05 Rijswijk,2010,45.2889497371026,,0.181518151815182,1.25263157894737,3.9020618556701,2229.5934082397,97.499063670412,40.4859550561798,1337.85284644195,485.584456928839,124.467191011236
WK060305,Rijswijk,Wijk 05 Rijswijk,2011,46.6474750378877,35552.2269230769,0.0934256055363322,0.725,3.85786802030457,2754.40536679537,116.547953667954,55.0520463320463,1506.39297297297,431.455945945946,467.196640926641
WK060305,Rijswijk,Wijk 05 Rijswijk,2012,47.7850887295335,35663.8029739777,0.222972972972973,1.01801801801802,4.1304347826087,1951.39592592593,118.281,59.7164074074074,1149.69722222222,343.231851851852,145.297074074074
WK060305,Rijswijk,Wijk 05 Rijswijk,2013,49.2485212520668,35892.4330708661,0.130742049469965,1.19148936170213,4.12994350282486,1908.78870229008,110.717181467181,51.6153281853282,1252.52115830116,330.372007722008,53.4731679389313
WK060305,Rijswijk,Wijk 05 Rijswijk,2014,49.0312465811006,35478.0842911877,0.192307692307692,1.20618556701031,4.25280898876404,1812.05172284644,107.64,47.1357677902622,1095.37730337079,306.669176029963,22.7024719101124
WK060305,Rijswijk,Wijk 05 Rijswijk,2015,39.7529812887065,31089.3763250883,0.623778501628665,1.52028639618138,4.14051522248244,2073.79063973064,139.699847972973,78.1506081081082,1212.50822635135,320.39464527027,109.717441077441
WK060305,Rijswijk,Wijk 05 Rijswijk,2016,34.4649352601452,30655.8624813154,0.231462925851703,1.17596566523605,4.08016032064128,2199.59494565217,131.768178082192,75.0570821917808,1277.10597260274,320.841232876712,143.010842391304
WK060305,Rijswijk,Wijk 05 Rijswijk,2017,33.5671441477589,31008.8590785908,0.13544201135442,0.788851351351351,3.82585278276481,3312.22155216285,130.958333333333,73.9611068702291,2265.44349872774,326.462837150127,216.90393129771
WK060305,Rijswijk,Wijk 05 Rijswijk,2018,33.2840913625825,30107.3024771838,0.148089171974522,0.57909604519774,3.9927797833935,3007.92369017632,145.629319899244,91.1578589420655,1859.98869017632,328.728035264484,233.857216624685
WK060305,Rijswijk,Wijk 05 Rijswijk,2019,33.555244612927,33763.6636597938,0.2109375,0.68,4.01376936316695,2725.97285554311,147.326674132139,95.1619372900335,1538.55957446809,474.760044792833,160.247805151176
WK060305,Rijswijk,Wijk 05 Rijswijk,2020,34.5114742869976,33446.0885057471,0.202941176470588,0.693982074263764,3.87716262975779,2744.9936814346,150.621044303797,95.4629219409284,1120.29844936709,903.213829113923,220.630116033755
WK060305,Rijswijk,Wijk 05 Rijswijk,2021,34.1412701495567,33884.5511982571,0.28957528957529,1.26235741444867,3.84399375975039,2611.44283035715,148.852660714286,94.7566249999999,1283.92249107143,654.102499999999,126.5350625
WK060305,Rijswijk,Wijk 05 Rijswijk,2022,34.5016708878191,37818.6183628319,0.226604278074866,1.31884057971015,3.77258064516129,2074.30164888458,155.366711930165,99.9480213385062,974.367352085354,633.024820562561,
WK060305,Rijswijk,Wijk 05 Rijswijk,2023,35.4102727654195,34577.9656992084,0.204929577464789,1.33679833679834,3.8421926910299,,,,,,
WK060305,Rijswijk,Wijk 05 Rijswijk,2024,34.4729392521034,,0.210824417872876,0.739458779106356,,,,,,,
WK060306,Rijswijk,Wijk 06 Rijswijk,2009,48.5590147335217,,0.144312708410522,0.791098348887294,4.7962154294032,2853.06038020635,132.486292757501,80.8078845786356,1634.02746990254,480.869608255303,327.114136415743
WK060306,Rijswijk,Wijk 06 Rijswijk,2010,48.1936288426139,,0.132523567802756,0.962582538517975,4.74548440065681,2545.50067026625,128.510746352413,64.071835016835,1432.52880845492,473.662083800973,214.799461925154
WK060306,Rijswijk,Wijk 06 Rijswijk,2011,47.8762593177375,24598.9385400908,0.117561419472247,0.985074626865672,4.83105351571874,2794.2470976155,138.186349916155,70.1096832494878,1487.63955095957,464.411280044718,384.01375
WK060306,Rijswijk,Wijk 06 Rijswijk,2012,47.4850162039658,24344.4738715115,0.118007939372068,0.989513108614232,4.71709894332373,2707.91943902887,132.78192824287,69.6117019319227,1614.12911131555,381.7233449862,270.380261173441
WK060306,Rijswijk,Wijk 06 Rijswijk,2013,47.0785252776213,24547.055856529,0.125314635023373,1.1,4.70084643288996,2883.02963227223,136.60645852408,72.3275480681195,1692.84550997986,378.789144845266,303.949873765093
WK060306,Rijswijk,Wijk 06 Rijswijk,2014,46.9256149671614,25257.8772684752,0.120401937914947,1.0794701986755,4.77753031427864,2813.70590967505,143.844625413147,77.5855582078587,1655.32049577672,353.115515975027,221.182550027538
WK060306,Rijswijk,Wijk 06 Rijswijk,2015,46.4391991486295,25529.9794444444,0.121185237757275,1.09199700822737,4.7430303030303,3038.85345250994,142.33857271906,75.4957271906052,1571.18074435411,367.817476061427,270.919358974359
WK060306,Rijswijk,Wijk 06 Rijswijk,2016,46.4253905003631,26128.5202418025,0.132365798216471,1.12131596984236,4.81236571974218,3206.61560892857,151.426452823445,84.8469192280203,1632.93906897785,361.830891708363,303.8929625
WK060306,Rijswijk,Wijk 06 Rijswijk,2017,46.1584677132646,26536.3553436488,0.125842696629213,1.16740088105727,4.81484132665235,3138.05050079351,149.866527949215,82.6660553694232,1648.39227120438,344.560594251455,242.731937929818
WK060306,Rijswijk,Wijk 06 Rijswijk,2018,46.0270518754492,27100.93375,0.127235213204952,1.15430267062315,4.85727743758832,3194.87329127234,165.018887136348,100.813184367333,1710.92402208202,343.975811426569,242.469262180161
WK060306,Rijswijk,Wijk 06 Rijswijk,2019,45.7387938056143,28326.1869673295,0.125722052327557,1.11951909476662,4.80042313117066,3465.89246572965,178.307759847302,109.168551101856,1747.89046330036,367.992415408641,356.154419573139
WK060306,Rijswijk,Wijk 06 Rijswijk,2020,45.402295524897,28971.1810858144,0.137942607820104,1.20922459893048,4.54847309743093,3125.75688462853,175.632892844916,107.250991098938,1457.41260869565,375.508204382061,349.17166894899
WK060306,Rijswijk,Wijk 06 Rijswijk,2021,44.8306341399218,30548.4811230964,0.196644498186215,1.27405959941378,4.55027502750275,2994.53802906168,189.69824702427,116.687837378265,1557.21744009893,345.603087030453,163.244991497913
WK060306,Rijswijk,Wijk 06 Rijswijk,2022,44.6026958645213,31738.2552959502,0.122992266508031,1.15743073047859,4.61697150148873,2849.9766539576,199.190995882263,126.396507549185,1606.34594936709,398.404245844136,
WK060306,Rijswijk,Wijk 06 Rijswijk,2023,44.0847040461076,34033.8155249729,0.159147685525349,1.22210125204137,4.36937901498929,,,,,,
WK060306,Rijswijk,Wijk 06 Rijswijk,2024,44.0894493368799,,0.119544311288652,0.606482166642001,,,,,,,
WK060307,Rijswijk,Wijk 07 Rijswijk,2009,44.9856385338683,,0.121370651320952,0.735655737704918,4.68713349430838,2493.20625922887,126.604159146842,75.1895734208369,1345.86197156139,416.360809406617,344.508504238447
WK060307,Rijswijk,Wijk 07 Rijswijk,2010,44.7601893319087,,0.126826722338205,0.873165618448637,4.76842837273992,2648.0354380255,127.200340228634,63.9845155144257,1500.83207403375,426.024923788786,329.978066178465
WK060307,Rijswijk,Wijk 07 Rijswijk,2011,44.4466909701749,22612.5124033075,0.155939964385652,1.0,4.85314207650273,2595.02478614537,134.050902650223,67.2825373917609,1528.3807347153,423.007092626607,223.46076882708
WK060307,Rijswijk,Wijk 07 Rijswijk,2012,44.1637498414246,22907.8527931555,0.164731494920174,1.04527081649151,4.70361990950226,2559.58149950593,129.795071675729,67.9493054869007,1534.34258774098,371.977844784973,242.018448616601
WK060307,Rijswijk,Wijk 07 Rijswijk,2013,43.65603443565,23077.9685942173,0.113930110100527,0.925215723873442,4.70857891290111,2811.34255785628,132.940536454524,70.3232040965621,1569.96601316752,326.050787612777,371.791922046285
WK060307,Rijswijk,Wijk 07 Rijswijk,2014,43.3302490563314,23366.8839263804,0.124645892351275,0.965811965811966,4.6079948420374,2569.06928399808,141.627259615385,77.2188629807692,1485.20202403846,333.01205048077,256.050252282556
WK060307,Rijswijk,Wijk 07 Rijswijk,2015,43.2649911170936,23595.2435080843,0.116968698517298,0.983680870353581,4.64387096774194,2644.31941907721,140.507865518067,75.5727207465901,1437.19398420675,317.354465183059,210.616504900789
WK060307,Rijswijk,Wijk 07 Rijswijk,2016,42.9669612684215,24261.9344262295,0.13838550247117,1.07258753202391,4.75169738118332,2889.45010040641,146.312580105213,81.1380535628887,1582.51097321856,316.784093735055,276.904011475018
WK060307,Rijswijk,Wijk 07 Rijswijk,2017,42.7657867522328,24456.7628314279,0.115393599626256,1.05772811918063,4.65942968243681,2975.31776462231,149.373992422448,83.9441818612363,1631.14977977741,301.576121240824,231.506393559081
WK060307,Rijswijk,Wijk 07 Rijswijk,2018,42.4252582689398,24693.5874244256,0.106570698862317,1.05560882070949,4.75264677574591,3019.30770263902,162.652669651273,99.6908953817154,1619.41123704053,303.267634307258,297.075044769086
WK060307,Rijswijk,Wijk 07 Rijswijk,2019,41.9343799967989,26056.6215765658,0.125057365764112,1.07996406109614,4.58988402061856,3099.73387194412,177.603101280559,109.718081490105,1681.96583934808,316.278584400466,290.029518044237
WK060307,Rijswijk,Wijk 07 Rijswijk,2020,41.729018156367,26858.684198001,0.120432084578258,1.06169429097606,4.50016943409014,2720.94322385279,177.655301653855,109.628795713953,1365.14482879106,290.540048916841,293.19392732355
WK060307,Rijswijk,Wijk 07 Rijswijk,2021,41.1292413505385,27825.4353838817,0.128258362168397,1.10036496350365,4.38816449348044,2833.66833994863,193.377226243288,120.351153397152,1544.49368433341,266.783201027317,169.498774223675
WK060307,Rijswijk,Wijk 07 Rijswijk,2022,40.6876177964034,29314.9832324173,0.111756817165847,1.05577689243028,4.39936406995231,2566.17210645527,199.22435560589,126.623972819932,1474.15598414496,283.410142695358,
WK060307,Rijswijk,Wijk 07 Rijswijk,2023,39.9769938105936,31634.6628202169,0.102170576627932,0.96113074204947,4.1914546640574,,,,,,
WK060307,Rijswijk,Wijk 07 Rijswijk,2024,40.0061029774123,,0.0815229563269877,0.528107502799552,,,,,,,
WK060308,Rijswijk,Wijk 08 Rijswijk,2009,45.127299172195,,0.11066540821142,0.655353728489484,4.39162201656113,2405.60556573081,121.988036661842,71.8787397491556,1340.72688736131,376.209208876025,277.449596336908
WK060308,Rijswijk,Wijk 08 Rijswijk,2010,45.2461053556185,,0.110405178614241,0.767918088737201,4.50783440540986,2337.23370234604,122.307654427115,61.5755434115192,1337.78657128822,377.801934176593,211.441509042033
WK060308,Rijswijk,Wijk 08 Rijswijk,2011,45.3053697659815,28449.1730513595,0.111909529979974,0.82013358778626,4.61130221130221,2499.44533045978,131.462914819696,66.4608242482329,1447.3122822571,359.094060141369,270.966329022988
WK060308,Rijswijk,Wijk 08 Rijswijk,2012,45.350142997187,28682.9991671624,0.107926192410352,0.85515587529976,4.60298410638988,2391.40480696798,126.864177856301,66.6215736160187,1502.12142638398,317.515929328622,166.362159839925
WK060308,Rijswijk,Wijk 08 Rijswijk,2013,45.7076946043776,29121.0506512301,0.103578154425612,0.935814455231931,4.56075074086269,2502.3739625343,130.239545020301,68.7652316694537,1406.99339622641,293.98869238118,281.785586445532
WK060308,Rijswijk,Wijk 08 Rijswijk,2014,45.8963752369139,30288.8693552282,0.094559585492228,0.951720310765816,4.59432860717264,2499.19410554026,138.671230677052,75.1013421210306,1423.56653445177,295.383429598563,246.475590522915
WK060308,Rijswijk,Wijk 08 Rijswijk,2015,46.2787956067441,30176.6576489142,0.0914366931185598,0.936309199782254,4.61722488038277,2912.39556118145,139.957720038583,75.5583373523024,1499.80791174343,297.869497226912,231.826324291742
WK060308,Rijswijk,Wijk 08 Rijswijk,2016,46.0098284294806,31113.0962819426,0.117460317460317,1.00804020100503,4.61762274756158,2824.89339872427,143.181708990251,78.6035828619573,1483.4490131183,299.500388735107,250.386427969671
WK060308,Rijswijk,Wijk 08 Rijswijk,2017,46.5366003922234,31914.0368135184,0.106734284703385,0.954142782699323,4.68068200629035,3034.83199784148,148.211266338889,82.9799628252789,1575.61206019906,311.157249070632,199.175625374745
WK060308,Rijswijk,Wijk 08 Rijswijk,2018,46.6020960551586,32113.7036098032,0.101130209559689,0.99009900990099,4.75784087157478,3246.26997728902,160.854373655271,96.4541979440602,1685.16008486732,352.895034664116,275.922689457327
WK060308,Rijswijk,Wijk 08 Rijswijk,2019,46.9152252913271,33775.4330157965,0.102660701671768,0.99496644295302,4.72451336192676,3383.60878215099,181.191344658453,112.650525182438,1736.82163177414,373.788133748056,281.76598755832
WK060308,Rijswijk,Wijk 08 Rijswijk,2020,46.9043483539869,34512.7875015109,0.105050984111928,1.01997780244173,4.61067640410363,3067.45069663732,175.133442208028,106.083157767868,1545.15393877305,397.792550319393,232.091533084247
WK060308,Rijswijk,Wijk 08 Rijswijk,2021,47.0858121492876,35497.240617029,0.103103817338566,1.0451174289246,4.60548086866598,3276.75726932367,191.981869565218,117.401679951691,1722.15965338165,383.405902173913,175.017092995169
WK060308,Rijswijk,Wijk 08 Rijswijk,2022,47.1478530203746,36936.744966443,0.0960579434813583,1.02742993440668,4.66319385140905,3065.73675639626,201.329716260459,126.857996847338,1729.25568570389,392.388242997454,
WK060308,Rijswijk,Wijk 08 Rijswijk,2023,46.4039734762143,40006.8740878026,0.146492512104493,1.14266784452297,4.40230642504119,,,,,,
WK060308,Rijswijk,Wijk 08 Rijswijk,2024,46.3000925467501,,0.100162300023186,0.557152793878971,,,,,,,
WK060309,Rijswijk,Wijk 09 Rijswijk,2009,48.845642922351,,0.0851520121105084,0.585488958990536,4.9951440595662,2668.17346401028,130.615325961167,78.1494792336376,1588.19191719172,474.088094380868,165.448132390746
WK060309,Rijswijk,Wijk 09 Rijswijk,2010,49.1543568409934,,0.0804392236976507,0.705078125,5.11227448453608,2882.45431469441,130.205732741746,64.9263826177739,1764.86582408978,481.216025055463,166.789840052016
WK060309,Rijswijk,Wijk 09 Rijswijk,2011,48.863314510083,25482.6339945546,0.0979145473041709,0.824260355029586,5.1906153596363,2760.08675093512,139.236928534572,70.1324238906087,1608.20555082559,459.469058307534,213.377542886625
WK060309,Rijswijk,Wijk 09 Rijswijk,2012,48.9509814769282,25455.8619480519,0.0904323356357125,0.798293723339427,5.18226520242583,2771.26048074438,134.294646830529,70.0027024579556,1702.44062613195,431.525914618369,170.917358490566
WK060309,Rijswijk,Wijk 09 Rijswijk,2013,48.6443049080073,25366.3043082129,0.0833333333333333,0.861398176291793,5.17601451666117,2815.59347041383,137.42012124339,72.0858725654589,1713.26095446924,412.543998452213,186.833734691247
WK060309,Rijswijk,Wijk 09 Rijswijk,2014,48.6313423590765,26021.5046290259,0.0851497769279796,0.872391174716756,5.22127520078676,2969.0796725116,149.179519019988,81.5411889103804,1766.53164023211,417.262509348808,205.390265600825
WK060309,Rijswijk,Wijk 09 Rijswijk,2015,48.3016089142847,26169.6159896841,0.0870221327967807,0.919901417128774,5.19794386422976,3137.90732901094,145.570620470439,77.2383483788937,1699.93194659886,392.44796694215,202.306812865497
WK060309,Rijswijk,Wijk 09 Rijswijk,2016,47.7099795570635,26884.5292039864,0.1092768264137,1.01186440677966,5.20417929494337,3162.93795168722,150.519153999502,82.310505855968,1798.66698978321,389.58343384002,161.284292118043
WK060309,Rijswijk,Wijk 09 Rijswijk,2017,47.0354018922191,27297.8624227441,0.109482033409446,1.01639344262295,5.22698513128757,3219.19742402139,153.994561147581,85.1358059810357,1732.87958302942,395.099147823972,187.282811816192
WK060309,Rijswijk,Wijk 09 Rijswijk,2018,46.4436682102998,27139.9571394173,0.0963032728985166,0.919667590027701,5.20493446414803,3374.16634663489,167.644648004764,100.311263847529,1817.00685169744,411.902426444313,205.235119714116
WK060309,Rijswijk,Wijk 09 Rijswijk,2019,45.8757614959654,28574.1573932479,0.0980662983425414,0.944720840243228,5.14055051514686,3566.24190370973,184.708598674264,112.580016280963,1933.10424467961,417.834115594837,210.723906268171
WK060309,Rijswijk,Wijk 09 Rijswijk,2020,45.6455319106119,29777.8658677115,0.0971389799841683,0.899191374663073,4.90675191018244,3217.01993264071,181.821575522321,110.287919853865,1750.81727023632,401.945409293299,175.404499372074
WK060309,Rijswijk,Wijk 09 Rijswijk,2021,44.789528188933,31038.7360720315,0.104044968588119,0.943872296601442,4.82834118899194,3230.34770223655,195.478760431736,118.090343829977,1801.39857572049,387.142126404808,98.3205819517081
WK060309,Rijswijk,Wijk 09 Rijswijk,2022,44.2576668215175,32998.2521438913,0.0839487402258905,0.860731840524304,4.81290898274836,3152.52117692224,203.457854557421,124.553998025667,1837.70461116595,413.974877700999,
WK060309,Rijswijk,Wijk 09 Rijswijk,2023,43.9800342030187,35524.2620462046,0.0778004949962337,0.914605418138987,4.64107169585391,,,,,,
WK060309,Rijswijk,Wijk 09 Rijswijk,2024,44.2413633415739,,0.064736499674691,0.447456891877237,,,,,,,
WK060310,Rijswijk,Wijk 10 Rijswijk,2009,39.1342048014714,,0.072,0.446700507614213,3.64184397163121,1752.38739534884,104.421651162791,53.9682093023256,1117.29994186047,204.644279069768,57.6777093023256
WK060310,Rijswijk,Wijk 10 Rijswijk,2010,38.9537204404249,,0.0727272727272727,0.688622754491018,3.64981949458484,1787.90964203233,112.246778679026,53.1005330243338,1188.81140208575,229.883939745075,46.2942032332563
WK060310,Rijswijk,Wijk 10 Rijswijk,2011,39.5516431819209,31136.1513002364,0.0898617511520737,0.88135593220339,3.71062271062271,1640.75690058479,126.80049122807,62.6551812865497,947.153040935672,257.926959064327,95.9337894736842
WK060310,Rijswijk,Wijk 10 Rijswijk,2012,39.2439609463608,35104.495215311,0.103329506314581,0.821052631578947,3.58436944937833,1619.49197892272,117.055023419204,58.2714051522249,965.388360655737,198.710831381733,109.536709601874
WK060310,Rijswijk,Wijk 10 Rijswijk,2013,39.2638169032917,35809.8950969213,0.143964562569214,0.991701244813278,3.64504504504505,1811.46298759865,119.008365276212,58.7054114994363,1111.81074408117,193.136482525366,67.0558737316798
WK060310,Rijswijk,Wijk 10 Rijswijk,2014,36.328136824984,36215.3247330961,0.323858742463394,1.39139784946237,3.43557422969188,1691.13536649214,127.697281468532,67.0543356643358,1002.19500874126,164.851407342657,164.98890052356
WK060310,Rijswijk,Wijk 10 Rijswijk,2015,33.9845236960627,35876.3628750872,0.297745358090186,1.24183006535948,3.22652582159624,1454.58713136729,125.111099195711,65.5896782841824,871.495569705093,152.348404825737,61.0307774798927
WK060310,Rijswijk,Wijk 10 Rijswijk,2016,31.1141317297095,36528.5053813758,0.348304711580801,1.22009132420091,3.08382352941176,2009.22508225878,131.986811916407,74.2368830591372,1286.16848821699,197.974006224989,127.847785682526
WK060310,Rijswijk,Wijk 10 Rijswijk,2017,29.9647145159958,38174.2483455242,0.245169886742172,1.08826049700086,3.03501945525292,1672.1962114094,135.661224832214,77.3810335570471,928.670580536912,181.498630872483,126.194560402685
WK060310,Rijswijk,Wijk 10 Rijswijk,2018,28.9635379019057,38901.2993905536,0.256292352371733,1.07696862048549,2.96866322887743,1816.82680156022,146.109848854218,90.0014992686492,1097.09304973184,155.190453437348,92.8696050706972
WK060310,Rijswijk,Wijk 10 Rijswijk,2019,28.9392064185714,41632.2827934758,0.103471001757469,0.857142857142857,2.93258017492711,1865.89247842443,152.6602102235,93.5861341004647,1151.48862137641,143.44641956185,91.2749413587077
WK060310,Rijswijk,Wijk 10 Rijswijk,2020,28.8595996458038,41422.2596134283,0.135609756097561,1.0134465675867,2.8785046728972,1662.09020039292,150.497249508842,89.3734774066798,949.13660903733,142.769015717092,100.402809430255
WK060310,Rijswijk,Wijk 10 Rijswijk,2021,28.9112204259153,43650.7866145926,0.157570573139435,1.05375687232743,2.88249472732751,1739.63435906271,163.679133356307,98.033602687802,1052.84148001378,130.67950206754,58.6857133011716
WK060310,Rijswijk,Wijk 10 Rijswijk,2022,28.9491777851114,46535.9470976041,0.111111111111111,0.920178799489144,2.87612971823498,1637.79393108849,178.58553797964,112.329447141739,1046.15354581049,124.674685982773,
WK060310,Rijswijk,Wijk 10 Rijswijk,2023,30.0227606395795,49260.2116188554,0.119827225860387,0.979977753058954,2.98047977422389,,,,,,
WK060310,Rijswijk,Wijk 10 Rijswijk,2024,30.3484270138409,,0.0428176795580111,0.363724271308192,,,,,,,
WK060311,Rijswijk,Wijk 11 Rijswijk,2009,39.1838791648701,,0.0560492139439508,0.450381679389313,3.65417867435159,1635.5905114029,109.013865836791,57.9182987551867,895.288713692946,251.256597510373,204.801444367657
WK060311,Rijswijk,Wijk 11 Rijswijk,2010,39.9533015257443,,0.0679945054945055,0.740484429065744,3.71512770137525,1718.56116747742,111.517025892232,53.0048565430372,874.880314905528,251.547459762071,307.210250173732
WK060311,Rijswijk,Wijk 11 Rijswijk,2011,40.4187520784362,32990.654199012,0.0591878871300757,0.749034749034749,3.79940711462451,2020.83899930507,123.585684503127,61.0501667824878,1070.0464628214,255.264572619875,353.0640514246
WK060311,Rijswijk,Wijk 11 Rijswijk,2012,40.9366232991855,32299.7744890768,0.0674466620784584,0.745928338762215,3.76086956521739,2205.94876302988,120.802479108635,62.5703203342618,1354.36877437326,233.344791086351,302.492216817234
WK060311,Rijswijk,Wijk 11 Rijswijk,2013,41.8716261976944,32405.8833922261,0.0659722222222222,0.836879432624113,3.89549180327869,1963.39467086835,123.519157894737,63.9115789473683,1117.67842105263,214.049992982456,258.708403361344
WK060311,Rijswijk,Wijk 11 Rijswijk,2014,42.2912320888643,32923.4778636683,0.103591160220994,0.896142433234421,3.94698544698545,2089.41316376307,131.248540502793,70.1320740223464,1300.06182960894,200.332227653631,242.51081533101
WK060311,Rijswijk,Wijk 11 Rijswijk,2015,42.4945964134844,33853.5167597765,0.0905994550408719,1.08856088560886,3.79229989868288,2178.04486225895,137.568195592287,75.000929752066,1155.97445592287,258.738285123967,303.582389807163
WK060311,Rijswijk,Wijk 11 Rijswijk,2016,41.977822460009,35579.8029891304,0.106508875739645,0.948648648648649,3.80758017492711,2056.34711155379,136.934508632138,74.9644621513944,1213.10954847278,209.77136122178,165.212941567065
WK060311,Rijswijk,Wijk 11 Rijswijk,2017,41.8393044399147,34903.8929040736,0.0897435897435897,1.07619047619048,3.85377821393523,2143.97527508091,139.487948220065,76.5355339805826,1361.20377346278,200.547870550162,147.273378640777
WK060311,Rijswijk,Wijk 11 Rijswijk,2018,42.3414930765136,35838.688085676,0.0581319399085565,0.869565217391304,4.02777777777778,2251.43224274406,158.043159630607,101.77330474934,1418.8938060686,193.347328496042,131.39098944591
WK060311,Rijswijk,Wijk 11 Rijswijk,2019,42.4832776204226,37453.854827819,0.0540184453227932,0.843065693430657,3.90594059405941,2575.96472111554,163.606434262948,104.295006640106,1677.82046480744,222.511879150066,105.605046480744
WK060311,Rijswijk,Wijk 11 Rijswijk,2020,43.4498133214774,38628.4260273973,0.037037037037037,0.776255707762557,3.83032873806999,2268.35394021739,159.770129076087,99.229293478261,1375.08659646739,216.499150815218,151.290489130435
WK060311,Rijswijk,Wijk 11 Rijswijk,2021,43.8127247833491,39779.9159836066,0.0674682698730795,0.923076923076923,3.79939516129032,2244.07057873486,181.822079407806,116.385921938089,1316.59481830417,225.576736204576,111.094629878869
WK060311,Rijswijk,Wijk 11 Rijswijk,2022,43.8706490954912,42727.1886534518,0.0593333333333333,0.916666666666667,3.94784353059178,2403.95521915036,183.296587997303,118.162737693864,1581.75989211059,246.295616992583,
WK060311,Rijswijk,Wijk 11 Rijswijk,2023,44.2835436048729,44900.393814433,0.0659488559892328,0.899598393574297,3.79725759059745,,,,,,
WK060311,Rijswijk,Wijk 11 Rijswijk,2024,44.9093508356737,,0.0715249662618084,0.505398110661269,,,,,,,
WK062600,Voorschoten,Wijk 00 Voorschoten,2009,41.5632792298689,,0.112308140260389,0.635677951236625,3.94949018683326,1947.77431335035,130.346802891774,78.9731558579639,1098.79965086116,319.037422496277,163.94268877551
WK062600,Voorschoten,Wijk 00 Voorschoten,2010,41.5880925541715,,0.116755611683709,0.800313643491898,3.95965833669995,2055.43803893025,133.570199706928,72.3713054218138,1140.22997864769,323.045274858697,222.054121781808
WK062600,Voorschoten,Wijk 00 Voorschoten,2011,41.7655576251546,33206.9858352261,0.0963811821471653,0.811100658513641,4.02293235243405,1986.68221434718,143.369515692862,77.8891014504636,1100.19778128329,309.006348848643,199.25669671023
WK062600,Voorschoten,Wijk 00 Voorschoten,2012,41.8636151755764,33165.2093638139,0.0959295405855749,0.887193973634652,3.97012560823809,2003.09879457457,140.249311316957,79.5393495771247,1203.48641361257,267.617532420457,165.12147106174
WK062600,Voorschoten,Wijk 00 Voorschoten,2013,41.997332954412,33177.0562845722,0.0834772370486656,0.863037582332429,3.99359157750186,2115.52483313422,138.69403610137,77.1573948039533,1261.44972824354,249.720472186804,193.103391875747
WK062600,Voorschoten,Wijk 00 Voorschoten,2014,42.1849388043241,35464.8512677181,0.0869446821753676,0.889341983317887,4.03394479684553,2137.86143420949,148.844127078151,85.0310393713225,1255.55322473641,245.698121075703,191.697116978451
WK062600,Voorschoten,Wijk 00 Voorschoten,2015,42.4557450858428,34708.6946141254,0.089136598438653,0.887380777696258,4.06450876291602,2172.96654960389,152.914070963926,88.3098379657011,1188.69545081806,248.265156712004,146.431195065232
WK062600,Voorschoten,Wijk 00 Voorschoten,2016,42.6381788457518,36248.1967734245,0.102117446676731,0.970104895104895,4.10560662807854,2330.54561129018,161.775689011208,97.1140581875372,1290.75971967761,261.606223314331,146.281248525828
WK062600,Voorschoten,Wijk 00 Voorschoten,2017,42.8369324846586,37402.3722051039,0.0915495668912416,0.935218324982105,4.15322122486081,2429.73738489801,177.544723286172,111.478227155476,1317.92863675448,275.007476745094,148.754719768624
WK062600,Voorschoten,Wijk 00 Voorschoten,2018,43.034338329058,37192.1635839064,0.0877017678708686,0.931131544379809,4.17162070524412,2453.03610178751,186.065806728592,117.293994223714,1306.8952248068,281.284971899149,162.6323893529
WK062600,Voorschoten,Wijk 00 Voorschoten,2019,43.1124209582272,40060.0544376359,0.0838989225046973,0.963354889280815,4.17722241241584,2518.06548279906,196.230808053167,124.547817044564,1337.5714292416,286.606405003909,182.018985926505
WK062600,Voorschoten,Wijk 00 Voorschoten,2020,43.2798516842256,41118.3767050592,0.0865723029839327,0.959410300593529,4.04196550293403,2378.97124848771,196.521262537563,126.651681301954,1228.88028372946,290.71323108145,172.916878195372
WK062600,Voorschoten,Wijk 00 Voorschoten,2021,43.3719321010092,43016.1554271791,0.0797585851254823,0.961977976314149,4.04563829163981,2507.39166575618,214.393410722647,135.966243561727,1394.11992274076,279.961334868115,133.098898470423
WK062600,Voorschoten,Wijk 00 Voorschoten,2022,43.5645526807552,44555.6149363777,0.0824958123953099,0.935849056603774,4.10844827586207,2549.25814958927,220.641872027667,142.518922689934,1522.27403057816,300.266560940139,
WK062600,Voorschoten,Wijk 00 Voorschoten,2023,43.9255631714963,47623.9288460776,0.0788348476750401,0.896612492657137,3.95244416229007,,,,,,
WK062600,Voorschoten,Wijk 00 Voorschoten,2024,44.2457449758695,,0.0927206024329021,0.500463463618106,,,,,,,
WK062900,Wassenaar,Zuidwestelijk deel der gemeente,2009,44.2449722875309,,0.118503401360544,0.595541401273885,4.0589928057554,1912.43682520809,126.943706512043,76.8231653285758,1090.34183913173,321.936381207256,125.769781510107
WK062900,Wassenaar,Zuidwestelijk deel der gemeente,2010,44.4144550492353,,0.127453653217012,0.710304942166141,4.18896494503215,2121.24771885646,130.689496789608,69.8556189338512,1203.98134836494,337.232483201433,148.451276847874
WK062900,Wassenaar,Zuidwestelijk deel der gemeente,2011,44.7080440670322,75029.5536270583,0.114968064426548,0.745338305807139,4.24111675126904,2168.4301934323,136.267866246813,71.5974134053082,1270.01400509821,321.495810466336,129.022190733243
WK062900,Wassenaar,Zuidwestelijk deel der gemeente,2012,45.2782684291706,80917.4936824479,0.0996010259333143,0.741442542787286,4.28724315068493,2158.16833889058,126.148371632932,65.2034073961341,1390.72602343631,289.805218383808,100.045024249773
WK062900,Wassenaar,Zuidwestelijk deel der gemeente,2013,45.3077157732031,74687.1391184573,0.119386014781126,0.781731279872544,4.25365640689806,2182.36646925859,125.271837445134,63.6359739670047,1371.84543514455,262.46918722567,151.61552742616
WK062900,Wassenaar,Zuidwestelijk deel der gemeente,2014,45.8100719144734,90201.7368178324,0.117621652749784,0.778552278820375,4.26130765785938,2304.84364581741,143.297344970143,79.0478135048231,1439.36349257388,269.885074261216,144.126629454045
WK062900,Wassenaar,Zuidwestelijk deel der gemeente,2015,45.7880521361977,82307.5520480444,0.119283154121864,0.822368421052632,4.33642324214334,2584.7143407521,148.722698095823,83.1235580466828,1437.49239864865,260.789487100738,156.194583269378
WK062900,Wassenaar,Zuidwestelijk deel der gemeente,2016,45.7538893747656,87913.459562758,0.130859651607421,0.852517985611511,4.36349419124218,2591.2272742399,152.399897141129,87.2801845409166,1431.27876418091,262.210865224625,120.195129329905
WK062900,Wassenaar,Zuidwestelijk deel der gemeente,2017,45.6376137919742,91486.4568753837,0.117580232888384,0.833333333333333,4.28959074733096,2668.62615384615,153.892883861236,87.7217843137254,1517.67159426848,285.110253393666,143.926895927602
WK062900,Wassenaar,Zuidwestelijk deel der gemeente,2018,45.7895568545463,90836.7449644101,0.110590573537763,0.852356020942408,4.35687319564735,2781.07501726469,172.680570484912,102.229872391533,1519.479309413,293.305138868038,171.187612971025
WK062900,Wassenaar,Zuidwestelijk deel der gemeente,2019,46.0272453080496,116489.578103939,0.121629213483146,0.920349434737924,4.26510507880911,2690.45519863115,185.039983633389,111.937184942717,1392.48496652283,299.002579973219,172.682242225859
WK062900,Wassenaar,Zuidwestelijk deel der gemeente,2020,46.0314541160979,93542.9563106796,0.122219170557539,0.892687559354226,4.16259250953128,2738.0197545032,179.386512202208,106.141934921557,1532.31493317839,278.170321034283,167.957273387565
WK062900,Wassenaar,Zuidwestelijk deel der gemeente,2021,45.8541146668024,96300.2356578001,0.126317193544084,0.839902676399027,4.07344262295082,2589.93335696059,184.622645307627,106.182210093564,1519.77362772895,256.53863339949,87.4526297136376
WK062900,Wassenaar,Zuidwestelijk deel der gemeente,2022,45.9376971828581,103341.418340121,0.1190036900369,0.814057826520439,4.0929203539823,2577.91872051968,201.24176952408,121.951621239938,1560.07801581698,296.545682813163,
WK062900,Wassenaar,Zuidwestelijk deel der gemeente,2023,46.7267534204841,114702.192688172,0.0998917162966974,0.759127548601233,3.98994006849315,,,,,,
WK062900,Wassenaar,Zuidwestelijk deel der gemeente,2024,47.3471529391139,,0.0987064116985377,0.509842519685039,,,,,,,
WK062901,Wassenaar,Noordoostelijk deel der gemeente,2009,43.1631133770258,,0.10857922392886,0.626994394135403,4.07348387584019,2108.20118449781,138.171955108952,87.2246403800997,1190.08997160177,327.061167058055,213.633579694323
WK062901,Wassenaar,Noordoostelijk deel der gemeente,2010,43.3498521279197,,0.111150406709443,0.754567466431873,4.14375568354047,2162.850097119,133.458911026201,72.0237205240181,1220.83281713974,333.118737445415,224.957425533069
WK062901,Wassenaar,Noordoostelijk deel der gemeente,2011,43.5123468523552,35849.0415863841,0.106690229739965,0.803900087642419,4.22685571309425,2233.38026916671,138.772811626907,73.7466752632709,1266.50836718247,333.764971523748,216.195139418686
WK062901,Wassenaar,Noordoostelijk deel der gemeente,2012,43.6496880990133,36248.6328150308,0.105292563998375,0.815454349233758,4.21314633582492,2247.18038049878,124.68591859717,64.1252043114538,1397.78075343201,271.237993886744,184.80750990046
WK062901,Wassenaar,Noordoostelijk deel der gemeente,2013,43.8042429157849,35519.6828926066,0.0979342004590666,0.831011646494633,4.19103146032243,2333.88758696705,125.403025599569,63.8866634330373,1472.02959956885,254.063493398008,190.269169847841
WK062901,Wassenaar,Noordoostelijk deel der gemeente,2014,43.8787689390436,38745.1406366841,0.115088996763754,0.906663863779693,4.20308221857154,2350.33242716379,141.097762006402,77.4266398078976,1461.61637833511,258.500285485593,179.357250599201
WK062901,Wassenaar,Noordoostelijk deel der gemeente,2015,43.7639733742322,37392.7338774204,0.114783835533609,0.92051282051282,4.17906336088154,2363.14502311985,141.972399893646,77.6331130018607,1326.32360861473,267.338915182133,144.521877757109
WK062901,Wassenaar,Noordoostelijk deel der gemeente,2016,43.9584317121338,39278.195559351,0.106317644097659,0.928539426523297,4.19260376160622,2430.25514294807,145.946910711443,81.7834919624382,1416.0098960157,244.559509788317,143.935042698775
WK062901,Wassenaar,Noordoostelijk deel der gemeente,2017,44.0272538093299,42715.1097309583,0.105358308642595,0.955201378419126,4.21748931208706,2523.11841030524,152.646636512723,87.0623308469557,1437.57533407396,249.391374385019,156.315842987886
WK062901,Wassenaar,Noordoostelijk deel der gemeente,2018,44.1477727169403,40219.7789106662,0.0979655241531369,0.918162741897878,4.26509042511548,2604.51150794906,159.259471293509,90.9490239264787,1484.49107589922,251.645770348068,181.176350816035
WK062901,Wassenaar,Noordoostelijk deel der gemeente,2019,44.2790423023329,44857.1673527549,0.105160124485493,0.930305054553552,4.24411370974092,2714.45632081946,173.21586092191,101.463352341729,1466.55388246476,272.883228259149,204.745453297429
WK062901,Wassenaar,Noordoostelijk deel der gemeente,2020,44.2933901248092,42644.7901299246,0.108659845270776,0.945084887864179,4.09227642276423,2618.74464871928,170.469632514375,99.3796403554626,1425.6447009932,266.470537375849,241.406571876633
WK062901,Wassenaar,Noordoostelijk deel der gemeente,2021,44.4602115449422,45453.1548591953,0.106546029862553,0.965725371847381,4.13818973862536,2700.06474254178,189.254680064558,111.333294632164,1535.86510334775,269.426744416099,139.408297495705
WK062901,Wassenaar,Noordoostelijk deel der gemeente,2022,44.3956883209922,49709.7416222988,0.102417928051897,0.891281176721381,4.19974422508193,2681.58791063496,198.752659001828,120.577295009145,1646.17042174026,276.873705774759,
WK062901,Wassenaar,Noordoostelijk deel der gemeente,2023,44.2025930931883,52411.9407762486,0.117553956834532,0.958596360935759,3.91429693637078,,,,,,
WK062901,Wassenaar,Noordoostelijk deel der gemeente,2024,44.5067835535872,,0.102386413547411,0.516447047340166,,,,,,,
WK178301,Westland,Naaldwijk,2009,40.0838034109274,,0.123505143871743,0.682324666812323,3.90500560852496,1864.26037952061,131.174399642519,79.3759583639998,998.756986647043,324.988030175587,173.920688078217
WK178301,Westland,Naaldwijk,2010,40.3658803711723,,0.0797864067603297,0.718500797448166,3.9802603947921,2002.6509239187,134.086256533555,73.3793675517458,1117.45370165168,323.265228413131,189.570227722772
WK178301,Westland,Naaldwijk,2011,40.440812048599,29053.4552956636,0.0770801429300664,0.732147209359006,3.99258212645708,1962.56613502283,142.64517060906,77.9671409513057,1085.09846785366,302.997845964389,194.576009849689
WK178301,Westland,Naaldwijk,2012,40.7133955039741,29146.4619982481,0.098664799719958,0.847543511786737,3.99431139827235,1938.61436784495,135.65485961123,76.0963719925668,1125.01319955799,261.780490230551,191.546397871058
WK178301,Westland,Naaldwijk,2013,41.0823763207144,29147.6967599713,0.0861423220973783,0.856391875746714,3.97777777777778,1967.17857386336,136.674365660414,75.9854563233381,1139.09135643366,233.963230869522,183.496348689158
WK178301,Westland,Naaldwijk,2014,41.2830916125378,32298.4557168322,0.0869694271297121,0.915665488810365,4.00615648936932,1986.95765638197,141.045948121647,78.4841681574246,1183.83700357782,234.425569469291,152.031371292294
WK178301,Westland,Naaldwijk,2015,41.4947028966464,30723.1282901346,0.092040407983993,0.946688206785137,4.01011828416702,2010.40924486696,143.506955733124,80.0678322466762,1151.66951174077,227.973277611647,122.056265987161
WK178301,Westland,Naaldwijk,2016,41.7235568540567,32686.0187826087,0.0998357011694211,0.951365894039735,4.02041390961566,2159.58616758041,145.43301955456,81.9611058275451,1267.88043912853,238.761851132999,115.740313910048
WK178301,Westland,Naaldwijk,2017,41.7334722768649,34152.5899583616,0.118362154266598,1.01205972434916,4.06937602627258,2227.43588137918,147.634620441743,82.7901939176138,1283.98503570922,244.515711583029,131.651723028898
WK178301,Westland,Naaldwijk,2018,41.7856647090968,34860.7912295624,0.10564286370738,1.00914512922465,4.075,2206.24543961623,159.037755327984,93.3916675892584,1274.10805424855,243.045050742688,129.439397084602
WK178301,Westland,Naaldwijk,2019,41.7552421510029,41737.9289370533,0.105336198406303,1.02061022428773,4.02363720868468,2293.83281716081,159.383142857135,90.9334029649656,1297.95260287511,254.970045822102,148.787298742138
WK178301,Westland,Naaldwijk,2020,42.1180587731365,37912.5730454545,0.0891242687466761,0.973481608212147,3.95381773399015,2219.00865104077,160.271665628896,90.2589917274429,1229.74383250311,256.983122665005,181.346692759296
WK178301,Westland,Naaldwijk,2021,42.2113349143444,38916.6128578558,0.0868682410064004,0.946583044982699,3.93203230148048,2330.56545901418,179.523729684247,105.587704264645,1374.5517975289,251.802193436961,87.9722789070458
WK178301,Westland,Naaldwijk,2022,42.2911214952581,40566.0832399982,0.0833692373976734,0.929860967005603,4.00463144161774,2422.91505746623,184.061270375401,108.744115282086,1511.60882401782,266.892976008389,
WK178301,Westland,Naaldwijk,2023,42.5677061238933,43330.2350389518,0.0806804061870689,0.913350449293967,3.94997087567148,,,,,,
WK178301,Westland,Naaldwijk,2024,42.8695485007565,,0.0923993390729629,0.509327303561334,,,,,,,
WK178302,Westland,Honselersdijk,2009,37.0717700944332,,0.0629498756707237,0.511223750905141,3.58345246604718,1592.21839830284,124.382661450736,72.8222636255138,831.0341466649,262.81403659992,161.097966056749
WK178302,Westland,Honselersdijk,2010,37.5772915853906,,0.069033272203301,0.639378969654199,3.7118334550767,1894.02964777542,128.436613609233,68.8253481894148,985.853779015789,272.318856612283,283.194976165254
WK178302,Westland,Honselersdijk,2011,37.8066971736961,27406.8704929102,0.0662088623995854,0.645695364238411,3.7671130952381,1783.78394303632,136.711461980665,74.0938189182127,965.502230206431,264.382632610401,211.626674941207
WK178302,Westland,Honselersdijk,2012,38.0417293791016,26446.7782404298,0.0717691019198557,0.704976303317536,3.71332950851023,1678.37260334327,126.224199818583,69.255534534145,976.205009718801,226.06169495918,154.88981728651
WK178302,Westland,Honselersdijk,2013,38.4406249449873,27702.2007727152,0.0927914110429448,0.789130434782609,3.68748813366243,1715.9272390269,131.26420883224,73.4295764130304,987.626902278873,210.145667567916,151.808168361436
WK178302,Westland,Honselersdijk,2014,38.703880207263,30673.2233035595,0.0822510822510823,0.800112612612613,3.6536613492216,1706.52413850486,131.309884792626,71.7030581157198,1004.21920890937,203.715913978495,139.624825908858
WK178302,Westland,Honselersdijk,2015,39.2160846048933,30688.3616335304,0.0808965606080124,0.788732394366197,3.72819710598357,1811.92094033723,135.921576079908,75.4240083019825,989.1195382021,209.718183940848,144.603199740597
WK178302,Westland,Honselersdijk,2016,39.4185861412755,33256.920992315,0.10202772073922,0.927679500520291,3.67659157688541,1885.00828615743,135.875170630814,75.6245385211983,1064.45890641158,200.647759824199,148.277769161173
WK178302,Westland,Honselersdijk,2017,39.6294917058238,34814.5335041122,0.11014455673532,0.872954764196343,3.6908315565032,1848.34927506427,137.289777634963,76.0731940874043,1079.15257326478,214.202906169666,99.156619537275
WK178302,Westland,Honselersdijk,2018,39.6892796341171,34188.2296484427,0.111587982832618,0.948045757864633,3.76584507042254,2011.97182799797,145.810320121951,83.6382177337393,1162.79042555894,229.121021341463,139.717958587398
WK178302,Westland,Honselersdijk,2019,40.0847129287555,38522.3126939161,0.0914169629253428,0.893503727369542,3.7987780843516,2053.78130645573,147.614317427915,82.4610321510586,1180.78636131666,239.073062005614,119.829182189334
WK178302,Westland,Honselersdijk,2020,40.2278473098147,37364.1863538296,0.108056751963517,0.932264736297828,3.65740356698465,1924.75144241806,146.375087361306,80.9529651830126,1089.75777069251,255.768773115674,106.014583599031
WK178302,Westland,Honselersdijk,2021,40.4641448479104,38368.9000541712,0.10495919648462,0.924271844660194,3.67986866406731,2119.00261298899,164.544824661349,94.6967476895825,1248.88135333587,238.382339536651,86.3690922901634
WK178302,Westland,Honselersdijk,2022,40.4520984108048,40793.8023443816,0.110104102878138,0.915254237288136,3.71855185109429,2054.92424177215,167.558067088605,97.9453822784832,1248.51323037975,270.290759493672,
WK178302,Westland,Honselersdijk,2023,40.6198512171459,43949.8732989827,0.128898635477583,0.968359700249792,3.66001596169194,,,,,,
WK178302,Westland,Honselersdijk,2024,40.9552781479408,,0.131999512016591,0.604001463950226,,,,,,,
WK178303,Westland,Maasdijk,2009,37.8253766972354,,0.0559129143988125,0.480938416422287,3.72292780748663,1754.20621125714,135.032102653112,83.1211703446569,967.995008678402,273.219419786759,168.654688817258
WK178303,Westland,Maasdijk,2010,38.3599019077956,,0.0540877367896311,0.552215189873418,3.81627906976744,1699.8501324007,131.272286715037,71.5563072304228,886.421356017013,268.606479859895,198.579740194854
WK178303,Westland,Maasdijk,2011,37.7509133923856,30178.8395248926,0.0630410654827969,0.447346251053075,3.78823929299796,1590.9453830735,133.62462087422,72.8639763603923,853.184781445139,206.122495539697,209.161066815145
WK178303,Westland,Maasdijk,2012,38.0392910819856,27709.6979215872,0.10927374301676,0.706484641638225,3.63623884694578,1599.06779721848,127.652254879965,72.4160668611171,915.499885573255,189.205160421808,173.215188425303
WK178303,Westland,Maasdijk,2013,37.976710422106,28451.0882705685,0.137102014294997,0.748329621380846,3.60749646393211,1719.03769834351,130.412199432685,73.6844752345626,1035.00912502727,183.899589788348,141.441438535309
WK178303,Westland,Maasdijk,2014,37.8335913424129,32785.9919922349,0.126862494678587,0.718502519798416,3.586964350018,1602.31997639992,126.054204741378,70.5114913793106,955.273497844827,174.80461637931,139.172456554387
WK178303,Westland,Maasdijk,2015,38.1557289903026,30984.0268751527,0.158868566567418,0.805220883534137,3.52827537759045,1681.24547177942,122.027987502692,66.3942253824596,966.70795949149,166.804968756734,91.0376928048255
WK178303,Westland,Maasdijk,2016,38.5119923290612,33159.9987878788,0.150748471431583,0.864247311827957,3.57077785564121,1845.68407367973,122.688236421726,67.8293567625144,1149.21065814696,174.202091586794,57.1223296422487
WK178303,Westland,Maasdijk,2017,38.5915683126734,36049.7720144753,0.115811518324607,0.733200266134398,3.67584745762712,1718.36145147679,125.017010548523,68.7949451476802,1037.61461603375,174.773892405063,60.7977215189873
WK178303,Westland,Maasdijk,2018,38.698289499343,35536.68574131,0.167079719124329,0.910771191841938,3.72902097902098,1978.50405195893,134.481814372514,77.6948774355759,1204.20289964383,194.511169076053,79.3655667295202
WK178303,Westland,Maasdijk,2019,39.1311285400734,39860.1255724271,0.149313621964097,0.946341463414634,3.75582646109717,2075.72898085107,138.569702127659,78.6142595744688,1198.89531489362,225.109338297872,138.247619148936
WK178303,Westland,Maasdijk,2020,39.5832527127312,38908.8061705134,0.134619553435942,0.915545590433483,3.59257871064468,2126.08508307826,142.998327503283,79.7078071709663,1216.59269567118,242.392319632706,149.285185832969
WK178303,Westland,Maasdijk,2021,39.7393160578607,38901.5562253652,0.128507174983937,0.877166541070083,3.57679434734102,2273.5359974149,168.032257647567,100.245168031023,1373.54954760879,236.640773373546,88.955833692374
WK178303,Westland,Maasdijk,2022,39.8052398897012,41858.0009208103,0.110135841170324,1.00264783759929,3.68493150684932,2231.24560544796,167.421491806768,99.6155586294952,1336.10650138327,284.508867844223,
WK178303,Westland,Maasdijk,2023,40.1240819704567,47000.6740541751,0.129785443836769,0.934039087947883,3.58112407211029,,,,,,
WK178303,Westland,Maasdijk,2024,40.635755004343,,0.101734846862283,0.52088241593489,,,,,,,
WK178304,Westland,'s-Gravenzande,2009,38.6253443657387,,0.0626258657104966,0.462786505279423,3.70046748246941,1853.13878807389,127.571394185528,76.0938601357036,1027.76079986133,299.03351938983,153.494414838294
WK178304,Westland,'s-Gravenzande,2010,38.8619277234637,,0.0685927672955975,0.65643849986887,3.79292894754838,1913.72461477522,130.792707412741,70.7032520728852,1090.06934610992,313.033450672757,136.514875222816
WK178304,Westland,'s-Gravenzande,2011,39.0570488025543,28975.1822781006,0.0768226017125441,0.694058457115477,3.89478480302818,1902.25530311147,134.157056245433,70.5483545166791,1048.98904504505,310.025034818602,171.331239226761
WK178304,Westland,'s-Gravenzande,2012,39.2563219825338,29052.7905828932,0.0854230474732006,0.780415430267062,3.79994405985595,1867.29212551094,132.140456711102,73.7232085278408,1070.37355262524,283.818158236681,135.983564318346
WK178304,Westland,'s-Gravenzande,2013,39.3085981126116,29198.0545170579,0.0953430567931342,0.836363636363636,3.76426174496644,1920.73288712797,132.078512767263,73.1276924529194,1111.63094350309,241.56288667579,167.256984104524
WK178304,Westland,'s-Gravenzande,2014,39.5051586967831,31443.5972966449,0.095125676989307,0.880997276346114,3.74985966881841,1887.0877388876,136.128624703196,75.6555780064248,1113.98970855253,233.760664369849,145.497786362578
WK178304,Westland,'s-Gravenzande,2015,39.7452217247613,30723.3296121644,0.0896819526627219,0.845050505050505,3.83095288850991,1956.36755798281,143.724813816191,82.4550327739256,1117.72844637628,227.598506345591,97.82233372066
WK178304,Westland,'s-Gravenzande,2016,39.9018194093238,32688.0052115706,0.10564545788893,0.905236907730673,3.79613855763771,2016.73704126422,144.829654805917,83.6261631238452,1167.1310707024,225.486258317929,101.452684256735
WK178304,Westland,'s-Gravenzande,2017,40.2794313771746,33749.0614412728,0.122326930047119,1.00417498638591,3.84917662025585,2030.67520574167,145.289268170423,82.1456431989068,1178.39924082935,227.266260195944,86.1018313966734
WK178304,Westland,'s-Gravenzande,2018,40.3847283342914,34664.7735280482,0.100809517420278,0.933268671193016,3.85491163173037,2162.64992987499,156.015391081541,91.9206378674778,1257.90624022296,232.824581497797,114.557399982019
WK178304,Westland,'s-Gravenzande,2019,40.5395573873188,39275.5747236686,0.0972651080723423,0.965672812867791,3.82922368242786,2128.77457842009,157.011331678331,90.1588017554767,1193.08395247806,252.10767621243,119.609181221739
WK178304,Westland,'s-Gravenzande,2020,40.7167503117676,37843.8722727476,0.100597132022839,0.99585798816568,3.75244910720489,2125.6796863226,156.23334837466,88.1765530535403,1175.52984272321,265.488178393061,130.986277490581
WK178304,Westland,'s-Gravenzande,2021,40.5976263977143,39291.2562944118,0.103898312290099,1.0044019138756,3.7833311090351,2325.89952112435,176.80610577128,103.620111922757,1368.89687855098,248.765702080396,93.1687615874237
WK178304,Westland,'s-Gravenzande,2022,40.6353382770947,41035.2335451854,0.0788883349950149,0.885856079404467,3.83637304359074,2193.53600211417,181.128062156442,108.020224947144,1302.74102748413,277.118686257929,
WK178304,Westland,'s-Gravenzande,2023,40.877147189364,44847.3842661985,0.0891578167448753,0.930123908186065,3.74318022104389,,,,,,
WK178304,Westland,'s-Gravenzande,2024,41.2461427536388,,0.0948662568532979,0.503738473041455,,,,,,,
WK178306,Westland,Wateringen,2009,38.2384886348237,,0.0792175360710322,0.547325102880658,3.64451959419137,1797.739069459,121.692516755096,70.0751912873505,981.524165037699,268.420492180953,190.366996858639
WK178306,Westland,Wateringen,2010,38.5752302300207,,0.0787800041031252,0.726977248104009,3.71950506625097,1867.10195133717,124.177781163437,64.053979916897,1066.31482617728,278.28768767313,162.622593052109
WK178306,Westland,Wateringen,2011,38.4608786898151,28700.1907876806,0.101183508908831,0.748638344226579,3.75840030986734,1897.5557069679,127.114272577999,64.1129747126446,1081.14200262726,256.417247947455,196.090237735601
WK178306,Westland,Wateringen,2012,38.7112801365736,28676.6205135099,0.0762882578465137,0.715153355602794,3.73894839337877,1890.17163610163,124.689124336369,66.422569967884,1147.06497017762,217.036577964214,162.200768273513
WK178306,Westland,Wateringen,2013,38.8151010570591,28826.196969697,0.0914296744305752,0.816463414634146,3.69654565025932,1971.84662170926,126.325535644722,67.4078866380979,1187.47647967797,211.231677704194,187.724832058099
WK178306,Westland,Wateringen,2014,39.0068616988879,30562.9022626236,0.0723996408875208,0.808058375634518,3.75632696596529,1922.82829145406,132.279782102677,71.3314030777197,1179.33116448985,208.967063882064,150.358105419546
WK178306,Westland,Wateringen,2015,38.8975321208926,30180.2130066585,0.102401086352694,0.887327677624602,3.79019776440241,1950.06987467266,140.31070662342,79.1672315080454,1091.4003648497,210.44609018336,123.877830153386
WK178306,Westland,Wateringen,2016,39.3442356507595,31456.1467777347,0.0810945895289266,0.876751592356688,3.75980670835702,1970.49842267717,144.624403074397,82.5270452970501,1128.88886662887,223.808746928747,113.2364
WK178306,Westland,Wateringen,2017,39.525091413312,32794.7074138041,0.0784614440831851,0.781952746939937,3.76271826333176,2029.86400061919,143.033733126939,79.9693201238383,1178.81300928792,222.212925696594,114.478223529412
WK178306,Westland,Wateringen,2018,39.9189936866621,32707.6450031827,0.0879891705636229,0.857019562715765,3.8459731228268,2130.13128611369,154.457607331468,89.3675048151613,1226.8384473439,223.496623174899,133.003155017086
WK178306,Westland,Wateringen,2019,40.1889813753958,34984.715477997,0.0918004657433509,0.865196762489534,3.81666666666667,2188.53459561322,159.634674698797,91.5637917825122,1264.98991350015,236.580566573988,111.019552054371
WK178306,Westland,Wateringen,2020,40.3524421591998,35854.4233594976,0.091835489382475,0.88277979346916,3.75650323953196,2237.43128479261,159.65768294931,90.7952589861682,1291.80236313364,234.40775483871,148.089687250384
WK178306,Westland,Wateringen,2021,40.5550622208782,37594.0692791726,0.0775631681243926,0.922942817294282,3.78013639419844,2273.53882133235,180.728163727652,105.923046167039,1297.3834802841,233.772409380358,110.643525593926
WK178306,Westland,Wateringen,2022,40.7888092639095,39032.352233784,0.0743945676341566,0.869351669941061,3.8296769415903,2388.59705946669,186.934953532164,113.427737957845,1493.97360930571,254.02070946972,
WK178306,Westland,Wateringen,2023,41.1347876471776,42040.8054830287,0.0739666424945613,0.903236459709379,3.80990654205607,,,,,,
WK178306,Westland,Wateringen,2024,41.491358904363,,0.0836562711447377,0.461770314326136,,,,,,,
WK178307,Westland,De Lier,2009,37.69035505992,,0.0562322709828133,0.451628352490421,3.55857244486602,1777.30403089063,119.012442895533,68.2191577091034,994.785849848846,285.246903762176,158.970891463108
WK178307,Westland,De Lier,2010,37.9365382214575,,0.0687562354506152,0.625274243089074,3.5828611898017,1848.77876703168,116.763128136502,57.6044964871189,1074.54977500836,291.141693710271,148.902233553457
WK178307,Westland,De Lier,2011,38.2885348997575,29118.7738349722,0.0621581302834411,0.620782726045884,3.65091220766499,1861.48499167639,127.479572962624,63.9486431366022,1092.9570090735,274.294520103222,162.913535874813
WK178307,Westland,De Lier,2012,38.6385912009402,28924.4539804172,0.0663261102414106,0.721359630717583,3.59260642270351,1771.19999420722,123.968548948153,65.5928896803054,1036.81649163491,230.255228590359,169.146222277392
WK178307,Westland,De Lier,2013,38.9032501729258,29193.2454736842,0.0772883576224005,0.798139158576052,3.50865008208107,1822.17540978217,126.281203322914,66.8059236716556,1103.73783352525,221.9990220431,150.191669543773
WK178307,Westland,De Lier,2014,39.2105262595313,32773.9728842105,0.0721724979658259,0.826366559485531,3.57776108189331,1819.81205311038,130.766572881632,68.9148593224504,1097.54103765073,220.685860880978,139.183069420539
WK178307,Westland,De Lier,2015,39.3675825643722,30504.2766434263,0.0986016779864163,0.894718674490853,3.68289030325721,1929.28431541624,134.393412864746,71.906712880862,1112.30524101241,230.399720296632,102.37362720606
WK178307,Westland,De Lier,2016,39.8232314366642,32492.2955258379,0.0938997125519004,0.8909026297086,3.6747107849235,2005.04718722414,135.075806917589,72.8252170772768,1170.03438889334,234.538622903459,106.603283043094
WK178307,Westland,De Lier,2017,40.0881567784506,34779.2131255127,0.100349040139616,0.984671532846715,3.69590214067278,2147.98110960649,144.67035048591,81.419212999844,1258.05773379003,226.976695873825,134.410135415007
WK178307,Westland,De Lier,2018,40.3190696311841,33696.7426380618,0.0877179143330441,0.991612657262676,3.6895919863181,2177.40425945004,156.28851176797,92.6228148030731,1239.24496156589,257.463547032254,144.553608843807
WK178307,Westland,De Lier,2019,40.4986305441247,38942.3056877773,0.0862270776433867,0.894560357675112,3.68743156101716,2290.38818246,157.795174929402,91.1675839347316,1270.70905004706,294.902410574209,156.193500941324
WK178307,Westland,De Lier,2020,40.9098311648742,38726.9147255582,0.0864265062123935,0.894360902255639,3.66195569136746,2247.34057936879,159.198497409314,91.8575788977834,1260.24174281676,295.745487517664,116.156829957607
WK178307,Westland,De Lier,2021,41.2589336357274,39808.6878383838,0.0815255697392122,0.905233941316416,3.68807339449541,2392.29464285716,178.860478288235,106.040223410956,1390.45825204531,288.422598332285,80.4145020453116
WK178307,Westland,De Lier,2022,41.1865977460914,41596.609578636,0.105279195551154,0.956952511103519,3.73703567488047,2333.55252035039,180.742170710911,107.222533529723,1410.01373207225,307.469533297155,
WK178307,Westland,De Lier,2023,41.1403383715498,46247.5021955165,0.105886736214605,0.975380628441853,3.69973221562464,,,,,,
WK178307,Westland,De Lier,2024,41.5660768836063,,0.0872427360774818,0.498448732500946,,,,,,,
WK178308,Westland,Kwintsheul,2009,39.1588977419112,,0.0754767660488853,0.541049798115747,3.40930599369085,1653.73411255411,119.122587280109,67.3235101488496,918.685818673886,251.614798376184,147.906707251082
WK178308,Westland,Kwintsheul,2010,39.7139160009431,,0.0605649103747963,0.591715976331361,3.4973968762515,1667.16838170865,118.15653021978,57.8477087912087,967.867508241761,254.010791208791,122.420983023001
WK178308,Westland,Kwintsheul,2011,40.0127908838019,28161.6404401651,0.0649281532730176,0.685507246376812,3.56498781478473,1902.91794487557,126.990602409638,63.2766238286479,1099.76955555555,233.832259705488,229.938431897244
WK178308,Westland,Kwintsheul,2012,40.1443819201918,30943.3300546448,0.0763338615953513,0.740276035131744,3.508873297565,1624.08345449721,119.831390289202,61.5030671265585,989.649572830989,192.241236402229,125.389158928098
WK178308,Westland,Kwintsheul,2013,40.5943126718328,29061.9721767594,0.0719214437367304,0.75527950310559,3.4160853508412,1809.54886696881,120.859575886903,61.3629954654574,1045.90287810083,184.899997332622,220.934081578246
WK178308,Westland,Kwintsheul,2014,40.8746395686314,32511.4197019868,0.0729249535932114,0.791563275434243,3.54641797371768,1768.26614339019,128.345309168444,66.955397121535,1065.00559701493,180.39723347548,173.923598081023
WK178308,Westland,Kwintsheul,2015,41.0576757791291,31844.8422496571,0.0868414085252846,0.888349514563107,3.61815867628341,1764.41553837953,140.447731876332,77.5348907249462,1026.71657782516,180.335351812367,122.773608742004
WK178308,Westland,Kwintsheul,2016,41.5415038233098,34064.9364816349,0.0848806366047745,0.906439854191981,3.64071856287425,1901.27512416555,144.594481837606,82.0165518162399,1167.72349358974,191.690622329059,61.3263631508678
WK178308,Westland,Kwintsheul,2017,41.5024421417008,34801.4881401617,0.109464378575143,0.921875,3.56446280991736,1852.00162748171,141.613680773249,77.9150156739806,1112.14675548589,191.919929467085,90.444250261233
WK178308,Westland,Kwintsheul,2018,41.4120646534709,34539.5578920042,0.116150163769211,1.04343105320304,3.55595667870036,1944.67068677142,150.445856563608,85.07911302585,1184.86590978206,188.817473390776,121.973243791181
WK178308,Westland,Kwintsheul,2019,40.6106367297333,39271.7524586232,0.154775737857309,1.05060034305317,3.49577361264241,2119.45573870288,154.298791852023,86.5951627253583,1288.29199250761,223.157625848747,111.391287754624
WK178308,Westland,Kwintsheul,2020,40.1520195057876,38632.6117266851,0.0954830053667263,0.946611909650924,3.41236336223144,1919.44896185963,152.299528323178,84.1913834348904,1135.70049875875,228.980354321823,108.969196569623
WK178308,Westland,Kwintsheul,2021,40.1681573398119,41857.6957921361,0.067948144836835,0.892725030826141,3.48270787343635,2029.93063824988,174.534670726208,101.52807397384,1223.66365358593,226.818718989625,98.7487122237257
WK178308,Westland,Kwintsheul,2022,40.5831040798561,41854.138500344,0.0777604976671851,0.879417879417879,3.54282655246253,2258.50625813692,182.667968574634,110.233214365882,1442.73535578002,238.256017957351,
WK178308,Westland,Kwintsheul,2023,40.9919636564116,45129.1337195829,0.0730123180291153,0.868783068783069,3.491961414791,,,,,,
WK178308,Westland,Kwintsheul,2024,41.7164239037026,,0.0790973330294051,0.526555732847048,,,,,,,
WK178309,Westland,Poeldijk,2009,40.8247290091511,,0.0758422210936177,0.55160744500846,4.04079822616408,2054.83188692098,123.968952299829,72.1888313458264,1191.23881601363,336.207028960818,140.385759536785
WK178309,Westland,Poeldijk,2010,41.4851670952972,,0.0802704576976422,0.747755834829443,4.10988017182907,2084.80267726161,127.276371263765,66.0195979723824,1201.95328963468,352.220795315505,151.237747118407
WK178309,Westland,Poeldijk,2011,41.6573541502556,27658.6500799716,0.0953367875647668,0.841525423728814,4.17677358932334,2071.8800486618,132.349193324061,67.4755215577188,1267.56775208623,319.342086230875,107.446357316649
WK178309,Westland,Poeldijk,2012,41.3573321279784,27235.0827549386,0.0909090909090909,0.858059342421812,3.98899812734082,2027.04113449692,134.266707170974,75.7324473729248,1252.39633065206,281.888577785385,131.013179329227
WK178309,Westland,Poeldijk,2013,41.654219390149,27793.4592963091,0.117598137059215,0.909026297085999,4.08295142071494,2192.94775367156,139.695589315526,80.072041736227,1346.44668447412,250.818030050084,173.936011348465
WK178309,Westland,Poeldijk,2014,41.7089993459092,29462.8453066757,0.10480065093572,0.877537655533726,4.13405132905591,2078.87714519562,144.34214870619,82.7613036357682,1264.53896822797,264.479050114641,102.506958585693
WK178309,Westland,Poeldijk,2015,42.0220013876668,28968.5974499089,0.114331723027375,0.938247011952191,4.10159090909091,2332.71879469342,147.746543129959,85.3646965528394,1230.49578572584,261.693419647192,253.72388286685
WK178309,Westland,Poeldijk,2016,41.7790205589144,30388.0051062428,0.109389819791337,0.943864229765013,4.13507429085997,2232.33072698413,144.699084126981,82.8887142857133,1245.74912063492,264.939228571429,138.286874603175
WK178309,Westland,Poeldijk,2017,41.7316019012706,31323.8408908829,0.12596599690881,1.08407079646018,4.17052023121387,2375.45102360981,148.552323703013,85.1930133581862,1304.63730506368,267.797609506059,186.23468157813
WK178309,Westland,Poeldijk,2018,41.3196912713906,32940.1339189397,0.132350751823731,1.0638418079096,4.16920473773266,2508.85734928945,160.38670157068,94.7305295437562,1412.05385938669,271.500397905759,197.439980553478
WK178309,Westland,Poeldijk,2019,40.8985918695694,35008.1881696756,0.134122287968442,0.99486125385406,4.13933265925177,2513.25891849753,164.599730687455,95.8087455705164,1437.26686463501,262.651956059532,180.717036144578
WK178309,Westland,Poeldijk,2020,40.9341483411443,35102.3548249965,0.112641145689893,0.959550561797753,3.99385245901639,2304.06207173521,161.253719706414,91.3773300096928,1261.37668882426,254.793638000278,191.381573189309
WK178309,Westland,Poeldijk,2021,41.1696030167735,36999.3723820162,0.09289691701752,0.932979429329794,4.03933583712196,2410.67142134754,186.184292742928,110.59519611863,1371.29516468498,250.075401120678,111.452026786935
WK178309,Westland,Poeldijk,2022,40.7062003852972,40228.1016835917,0.122606348798355,0.980382034073309,4.06931797063743,2414.27029699101,191.32854630715,117.87640745083,1448.70887195519,283.209482870913,
WK178309,Westland,Poeldijk,2023,40.1317989044126,45387.5973154362,0.12179802955665,0.974345818368394,3.92096831612674,,,,,,
WK178309,Westland,Poeldijk,2024,40.3647236544174,,0.0727250124316261,0.454432425711799,,,,,,,
WK048491,Alphen aan den Rijn,Hazerswoude-Dorp,2009,40.0902568865984,,0.0656383890317052,0.512030798845043,3.84905660377358,1820.94428423773,132.538781874568,80.3120382494831,1093.47371467953,264.056261199172,92.6921068044789
WK048491,Alphen aan den Rijn,Hazerswoude-Dorp,2010,40.5747667425042,,0.0550363447559709,0.542037586547972,3.84638403990025,1939.77944859976,130.237016100804,69.4717763388171,1172.91331816591,250.501454322717,115.953263176205
WK048491,Alphen aan den Rijn,Hazerswoude-Dorp,2011,41.0127355750687,30211.4780384548,0.0603537981269511,0.657608695652174,3.93168977914741,1985.02106345886,148.212405857741,82.9021426080894,1190.29404637378,252.689729776848,149.828915620642
WK048491,Alphen aan den Rijn,Hazerswoude-Dorp,2012,41.4855597670656,30990.7448202585,0.0560502881089576,0.657142857142857,3.92739187418087,1952.75075924951,141.69762890214,81.0880427920035,1222.04129428271,228.838623290074,116.840703138699
WK048491,Alphen aan den Rijn,Hazerswoude-Dorp,2013,41.8981477964668,30737.9432456936,1.04269381922115,1.29528403001072,3.9517259978425,2223.77529369498,141.993180021558,80.2437297879976,1374.52883219547,220.553266259431,170.50785701455
WK048491,Alphen aan den Rijn,Hazerswoude-Dorp,2014,42.1238089737522,32134.0866127899,0.0749913404918601,0.646455223880597,4.01898233588189,2084.7386203897,156.006660866538,92.1669392726642,1255.42193666261,233.570922220289,153.320240083507
WK048491,Alphen aan den Rijn,Hazerswoude-Dorp,2015,42.4057528974012,31846.3642569578,0.0763661437683158,0.633567662565905,3.98651150489289,2030.10848631799,160.458919106184,95.7076753854139,1191.9951099948,234.18060627057,69.5542933841358
WK048491,Alphen aan den Rijn,Hazerswoude-Dorp,2016,42.3532579661583,33555.6411179698,0.10795836131632,0.835197613721104,4.05398457583548,2011.26074117845,164.008745568126,99.4787810231306,1139.0395677866,228.552002363667,85.6543390173898
WK048491,Alphen aan den Rijn,Hazerswoude-Dorp,2017,42.2694217359613,35016.743130227,0.0888702928870293,0.782022471910112,4.01371635610766,2059.38129184188,166.464873002524,100.730010092514,1195.88718250631,237.938233809925,65.3686206896552
WK048491,Alphen aan den Rijn,Hazerswoude-Dorp,2018,42.1811635194351,34903.5949324324,0.0809515942507847,0.82051282051282,4.00363070539419,2201.04238451313,178.815388833499,111.244004652708,1238.95103190429,296.704820538385,66.3205550016617
WK048491,Alphen aan den Rijn,Hazerswoude-Dorp,2019,42.2398644447022,42509.1806988353,0.0919201831861302,0.868360277136259,3.86604439959637,2429.11968240908,186.691094289945,116.120413032746,1384.1304015139,290.246414349186,97.0345729800888
WK048491,Alphen aan den Rijn,Hazerswoude-Dorp,2020,42.1650073246735,42294.3816409423,0.0984076433121019,0.859486447931526,3.7236114767044,2193.98266613291,178.581682946357,110.476629303443,1178.2286581265,299.225450760608,132.440289831865
WK048491,Alphen aan den Rijn,Hazerswoude-Dorp,2021,42.2288721507619,39902.6319038337,0.0723465016658734,0.80703125,3.76732161323682,2440.08850924745,206.008400829081,129.068265306122,1382.6994132653,290.361481186224,102.203925382653
WK048491,Alphen aan den Rijn,Hazerswoude-Dorp,2022,41.9947388560902,42837.0703038015,0.0818153751157765,0.852724594992636,3.78416187859106,2457.84214464621,210.182979023169,133.897005322479,1486.21667031935,320.795731058234,
WK048491,Alphen aan den Rijn,Hazerswoude-Dorp,2023,42.1517931426822,46333.4352274516,0.0858508014796548,0.825962910128388,3.70012484394507,,,,,,
WK048491,Alphen aan den Rijn,Hazerswoude-Dorp,2024,42.5176680905738,,0.0830455259026688,0.453846153846154,,,,,,,
WK048494,Alphen aan den Rijn,Hazerswoude-Rijndijk,2009,38.3048657544799,,0.0641929499072356,0.490196078431373,3.59112903225806,1668.41659610342,111.6675435638,60.4529436012744,902.448382986699,259.473277121978,201.884108280255
WK048494,Alphen aan den Rijn,Hazerswoude-Rijndijk,2010,38.7092738283301,,0.0728489128414793,0.677884615384615,3.53960529872939,1633.70060929884,119.118789988708,59.4708825743318,907.982371095219,252.120863756116,148.08657480315
WK048494,Alphen aan den Rijn,Hazerswoude-Rijndijk,2011,38.9832522558637,28127.0681265207,0.100932528798683,0.903010033444816,3.72296573875803,1846.6370204533,139.967927031509,76.3454671089002,1078.33156624286,246.46444997236,175.842351206928
WK048494,Alphen aan den Rijn,Hazerswoude-Rijndijk,2012,39.3807233007859,28055.5776862598,0.0610785033015407,0.800409416581372,3.70391517128874,1904.94102507374,143.64421295442,84.5301974534045,1192.99216645137,214.435689241557,145.087079646018
WK048494,Alphen aan den Rijn,Hazerswoude-Rijndijk,2013,40.2586751079574,28718.3629757124,1.02143663031215,1.30255735238812,3.83720930232558,2085.60710884353,143.130563540091,84.2444364599097,1350.15396747353,210.208067322239,167.508072562358
WK048494,Alphen aan den Rijn,Hazerswoude-Rijndijk,2014,40.4104809058552,29642.4294524388,0.0700985761226725,0.646484375,3.87433380084151,2049.77046447585,150.355022956841,88.2823122130398,1298.16089990817,203.28129476584,175.959605287314
WK048494,Alphen aan den Rijn,Hazerswoude-Rijndijk,2015,40.2161155573477,30234.0376553515,0.0999462654486835,0.868263473053892,3.85040022081148,2036.34447344734,151.851092709271,89.4681818181812,1146.10677047705,204.804804680468,176.331468946895
WK048494,Alphen aan den Rijn,Hazerswoude-Rijndijk,2016,40.645885189495,31190.125,0.0817325117796303,0.910461828463713,3.81055221432477,2180.30770428728,158.899356789445,95.7550082462886,1252.75569726956,223.878229796592,160.186626969586
WK048494,Alphen aan den Rijn,Hazerswoude-Rijndijk,2017,40.9082972965847,32277.1424293468,0.0737033666969973,0.851960784313725,3.82106424041908,2236.070369146,165.175021120294,100.572751147843,1302.56975390266,217.65349862259,135.017974288338
WK048494,Alphen aan den Rijn,Hazerswoude-Rijndijk,2018,41.4710654358779,35059.1318864775,0.0893470790378007,0.929953917050691,3.93096913914456,2368.70460780738,177.682316672747,110.493509668005,1366.71538307188,223.109812112368,159.515981393652
WK048494,Alphen aan den Rijn,Hazerswoude-Rijndijk,2019,41.8004358397676,34626.7602752464,0.0790857972066026,0.894174757281553,3.86632039365774,2396.78271979529,185.871654176567,115.845397550722,1366.66920489855,241.413302869676,194.287027965637
WK048494,Alphen aan den Rijn,Hazerswoude-Rijndijk,2020,42.1343030205926,35187.7991129181,0.0929811866859624,0.955555555555556,3.85306828003457,2388.13867553287,183.824122791038,116.671506649662,1341.96511750774,253.320641282565,204.962508653671
WK048494,Alphen aan den Rijn,Hazerswoude-Rijndijk,2021,42.5064624935102,36194.6746279625,0.0767441860465116,0.906755470980019,3.9301150715689,2454.24169100415,207.70539210384,131.37811249324,1434.09130881557,258.174018388318,117.859518658734
WK048494,Alphen aan den Rijn,Hazerswoude-Rijndijk,2022,42.3667112510413,38459.5257472092,0.0912754029432376,0.958549222797927,3.9478634775598,2601.61027089236,210.891262393768,134.231823654391,1686.16534171388,262.767831090652,
WK048494,Alphen aan den Rijn,Hazerswoude-Rijndijk,2023,42.1627877436319,41944.6640773347,0.106765150243411,1.00324412003244,3.8049408131755,,,,,,
WK048494,Alphen aan den Rijn,Hazerswoude-Rijndijk,2024,42.0957329577097,,0.0798075327692052,0.458934793429567,,,,,,,
WK053401,Hillegom,Hillegom Midden,2009,41.6282118808805,,0.0937652612729937,0.646671543525969,4.23098591549296,2171.84734868421,137.909203947369,86.5658536184215,1203.98670888158,353.77868256579,214.536832236842
WK053401,Hillegom,Hillegom Midden,2010,41.7753180183546,,0.087013198631253,0.752615844544096,4.35308370044053,2319.86773960217,140.65598944591,80.8508558707125,1245.96200032982,360.152768799472,293.792636856814
WK053401,Hillegom,Hillegom Midden,2011,41.9669377998908,25224.3141490765,0.105685833601028,0.841463414634146,4.3996953872933,2262.70952627324,151.708784155214,86.3493920776067,1261.000934519,343.753768795472,212.987920776071
WK053401,Hillegom,Hillegom Midden,2012,42.2786505993018,25435.3738985869,0.0851202079272255,0.82256867112101,4.21820199778024,2222.77702072116,145.099694743716,84.3615556643813,1270.327791381,298.767329415606,229.958356991353
WK053401,Hillegom,Hillegom Midden,2013,42.6103560674459,25535.3145066398,0.085291700903862,0.909228441754917,4.36864889496468,2494.92204590489,148.410085865257,86.4520095772787,1350.65378467635,300.049085204756,340.217452113606
WK053401,Hillegom,Hillegom Midden,2014,42.894932817101,26328.0769488123,0.0867305505928212,0.994992846924177,4.30211141060198,2616.37738654913,157.085612144956,92.8634492327782,1487.75695559908,298.555372184134,288.092752203722
WK053401,Hillegom,Hillegom Midden,2015,43.1303947876798,26546.6236323851,0.0830336711343576,0.987897125567322,4.34828617437313,2569.05822728763,154.545583073642,89.6257257667705,1302.60000984091,293.919219288175,170.209453919318
WK053401,Hillegom,Hillegom Midden,2016,43.3494991491224,27580.4819277108,0.0963011243278475,0.961029923451635,4.30516217450891,2741.05499182472,157.671084396467,92.9243195943741,1440.82254334314,298.033678442918,264.778482668411
WK053401,Hillegom,Hillegom Midden,2017,43.5042723244673,28165.4376777648,0.0923772609819122,1.01651254953765,4.28836889194769,2592.79242202728,162.700310266407,97.2341163092916,1374.39799870045,274.011796621182,236.804402209227
WK053401,Hillegom,Hillegom Midden,2018,43.6595810202993,28641.7159624413,0.0791355216119597,0.917159763313609,4.34832756632065,2637.02076067398,174.86605103877,106.73316865696,1434.91113528545,261.56257811222,224.360407328644
WK053401,Hillegom,Hillegom Midden,2019,43.9863957632658,30742.9605728728,0.0802479204045017,0.949340735600278,4.34119867862199,2707.47972440945,180.833827099737,109.656750328084,1480.281167979,266.306604330708,213.932644356956
WK053401,Hillegom,Hillegom Midden,2020,43.9159764945106,30832.4629316181,0.0758767617174697,0.942105263157895,4.21064411837851,2389.32375164908,180.170021437994,112.502994722955,1245.97490270448,264.350093997362,215.509454155673
WK053401,Hillegom,Hillegom Midden,2021,43.8909795475563,32475.3127024723,0.0844838921761999,1.02043795620438,4.14732142857143,2728.01567339511,197.3449950364,120.540023163467,1529.29612177366,262.228236267372,159.637994705493
WK053401,Hillegom,Hillegom Midden,2022,43.917440307949,35333.2637102234,0.0829228243021346,1.04265402843602,4.15521502718735,2411.59655400927,199.52813286945,122.538946322068,1440.77213717694,277.502495029822,
WK053401,Hillegom,Hillegom Midden,2023,44.1666075240454,37752.3737253569,0.0846491942047859,0.987482614742698,4.03709126403123,,,,,,
WK053401,Hillegom,Hillegom Midden,2024,44.5244297018271,,0.131073634997495,0.645683753548172,,,,,,,
WK053402,Hillegom,Hillegom Noord,2009,39.7917745978605,,0.11367585008687,0.616570327552986,4.09654228004108,1983.4520045158,134.500928481807,83.3401254705145,1038.35465997491,327.955540777918,219.80006773708
WK053402,Hillegom,Hillegom Noord,2010,40.0460127906178,,0.081731938701046,0.707557502738226,4.18826244642268,2133.04614573111,136.270694923608,77.0318753080336,1114.99545835387,366.55100542139,230.752208047105
WK053402,Hillegom,Hillegom Noord,2011,40.113464061854,30079.6875768758,0.0942081230473444,0.79874213836478,4.28260140797854,2254.20398694391,145.510604594921,81.2666215235791,1254.51221523579,378.003743651753,192.592263056093
WK053402,Hillegom,Hillegom Noord,2012,39.7733129338104,29864.6504237288,0.109784106568672,0.905847373637265,4.09437684972049,1990.91014777188,141.864694066036,82.334167628723,1132.07086585084,300.528857076888,141.502378203648
WK053402,Hillegom,Hillegom Noord,2013,39.9840575531155,29705.8306620209,0.0914883932635412,0.939024390243902,4.10058785107773,2195.27945525292,141.907873655299,81.279139391165,1235.24265278096,264.107628747997,177.645761043717
WK053402,Hillegom,Hillegom Noord,2014,40.0745871527241,31970.0183337201,0.0689342403628118,0.835403726708075,4.15719389412147,2276.6616077537,150.25078677309,87.440896237172,1328.65929532497,276.16201368301,154.767242873432
WK053402,Hillegom,Hillegom Noord,2015,40.3877671046292,30917.615942029,0.062027924010071,0.871007371007371,4.12962345884705,2112.36688189338,149.639496667432,86.0420248218802,1126.11312801655,252.326046885773,131.698761488971
WK053402,Hillegom,Hillegom Noord,2016,40.2180398810606,32261.0558579882,0.0771554729258657,0.92017259978425,3.97466216216216,2268.45004202662,148.867692128007,85.6199836486802,1322.34048586779,231.438787666433,116.096756946066
WK053402,Hillegom,Hillegom Noord,2017,41.0073175670766,33240.9477031802,0.0925669436749769,0.947783251231527,4.0968622100955,2229.89233666588,158.63644966287,93.5320716112534,1213.24753313183,252.406540339456,150.260258079516
WK053402,Hillegom,Hillegom Noord,2018,41.1975796254834,34168.9676739283,0.0631290027447392,0.84367816091954,4.1219993423216,2443.50160266729,168.784994251552,101.752060243734,1435.80331800414,247.531503793975,174.366332490228
WK053402,Hillegom,Hillegom Noord,2019,41.5223908773739,35891.0039562485,0.0597627737226277,0.886157826649418,4.02337063857801,2361.9435304906,176.945538743696,106.74861302155,1348.52955524989,252.206036221917,158.206783585511
WK053402,Hillegom,Hillegom Noord,2020,42.0027475967282,36484.6509721246,0.0698208543867708,0.905727923627685,3.90293296089385,2217.38894688222,173.837043879908,106.635036951501,1262.51655427252,250.487006928406,163.51286374134
WK053402,Hillegom,Hillegom Noord,2021,42.3336095929128,37555.641073952,0.0733333333333333,0.938073394495413,3.94486215538847,2230.43356183419,195.885206113942,120.034080592867,1245.46389532191,252.196591014359,125.263962482631
WK053402,Hillegom,Hillegom Noord,2022,42.4576554211875,39958.853059296,0.0736550450242438,0.921198668146504,4.01159522136332,2328.13754373688,197.564681595521,122.534100769769,1469.97682295312,263.811621180312,
WK053402,Hillegom,Hillegom Noord,2023,42.59507471523,42965.5049019608,0.0900045228403437,0.921182266009852,3.81781376518219,,,,,,
WK053402,Hillegom,Hillegom Noord,2024,42.5760123810059,,0.094335414808207,0.531668153434434,,,,,,,
WK053404,Hillegom,Hillegom West,2009,37.9772604144944,,0.0899357601713062,0.635726795096322,3.5890625,1618.18771293946,118.065815808557,67.4768201595361,913.520902828137,252.31166062364,142.914657484596
WK053404,Hillegom,Hillegom West,2010,38.3346388055054,,0.0750264177527298,0.620689655172414,3.55346232179226,1811.89964924839,122.329324712644,65.3452298850575,925.863767959771,237.161619971264,313.016195418754
WK053404,Hillegom,Hillegom West,2011,38.5182066267472,33638.5723542117,0.0721003134796238,0.73095623987034,3.63101330603889,1851.26058386412,134.744014159292,72.6013309734515,1062.71216283186,244.493837168142,170.360937721161
WK053404,Hillegom,Hillegom West,2012,39.1466883073037,32953.0122876762,0.0703289013296011,0.852631578947368,3.50797024442083,1639.39354998234,128.055184135977,70.2165545325781,960.568073654391,229.361607648725,132.930808901448
WK053404,Hillegom,Hillegom West,2013,39.1823475994278,33203.762915782,0.0920962199312715,0.835777126099707,3.55970541820095,1993.77307291667,131.541642310369,72.6002748782183,1174.25098121086,197.203990953375,225.039565972222
WK053404,Hillegom,Hillegom West,2014,39.4678760117801,36697.8861731844,0.0815983881799866,0.818565400843882,3.4959100204499,1841.13569439729,138.102234295416,77.2329439728355,1020.79080814941,179.282716468591,123.919375212224
WK053404,Hillegom,Hillegom West,2015,39.7894731866279,34223.2047457627,0.0874388254486134,0.950632911392405,3.54810064134188,1766.18519459103,138.407341688654,76.9836906332453,1039.23774736148,173.866863456464,121.165
WK053404,Hillegom,Hillegom West,2016,39.5052256308729,36078.856277884,0.128962757771622,1.0089485458613,3.56513317191283,1777.04657444824,141.121927860697,79.4535696517411,1081.86871890547,189.064365671642,106.374401616413
WK053404,Hillegom,Hillegom West,2017,39.7400004584009,37193.6538579773,0.106899615042938,0.920127795527157,3.43357597816197,1778.6269715994,143.52666367713,80.6162780269058,1078.3284245142,191.680571001495,114.649405082212
WK053404,Hillegom,Hillegom West,2018,39.7240687527295,37539.3744004796,0.0840605002908668,0.895705521472393,3.50267379679144,1954.91205286344,155.666792951542,90.5455330396477,1185.73676651982,186.100740088106,152.874866372981
WK053404,Hillegom,Hillegom West,2019,40.1236888144078,40495.2754147813,0.0432622040339082,0.804093567251462,3.52662454873646,2086.40803545052,160.452998522895,92.2763633677995,1270.42270605613,206.47600590842,128.877521418021
WK053404,Hillegom,Hillegom West,2020,40.2808373091867,41132.1839833284,0.064525462962963,0.795103092783505,3.42857142857143,1860.57552862149,162.469015771028,96.2945998831774,1006.68178446262,189.804407126169,189.34210864486
WK053404,Hillegom,Hillegom West,2021,40.5683085329635,41593.1112781955,0.0668604651162791,0.815584415584416,3.5729216152019,2223.74839164952,184.870329314908,110.742884445751,1389.93630402823,196.600485151426,138.231890620406
WK053404,Hillegom,Hillegom West,2022,40.9362216666269,46144.3436840519,0.070430733410943,0.843626806833114,3.54290959155576,2117.91147874853,183.802089728453,109.955667060213,1397.20535714286,201.338506493507,
WK053404,Hillegom,Hillegom West,2023,41.1088537458239,51131.3372781065,0.0835966676242459,0.978670012547051,3.47467503361721,,,,,,
WK053404,Hillegom,Hillegom West,2024,41.4174308271455,,0.0882352941176471,0.565041822901644,,,,,,,
WK053403,Hillegom,Hillegom Zuid,2009,40.2083397263046,,0.0991173491535234,0.608588957055215,4.00137524557957,2051.49148386154,133.247014750987,82.2880210311091,1086.97022491602,349.432831897181,218.100379728348
WK053403,Hillegom,Hillegom Zuid,2010,40.687202887388,,0.0861341481158155,0.693515358361775,4.109375,2042.70731446172,139.30980990274,80.0326495726499,1045.49180960802,350.756370468612,245.105335875623
WK053403,Hillegom,Hillegom Zuid,2011,40.8305799045171,28012.6922041,0.0782163742690059,0.775537634408602,4.15937058704862,2061.94524790349,147.982774753567,83.5188053553036,1155.37547153156,326.756012946888,175.637877004561
WK053403,Hillegom,Hillegom Zuid,2012,41.3565495310415,27886.299652095,0.0672592592592593,0.780453257790368,4.08186162476626,1994.90695205479,142.908536113179,82.9249143708114,1146.70294713329,288.12971854058,148.341748064324
WK053403,Hillegom,Hillegom Zuid,2013,41.802871033685,28327.5361073421,0.082779991146525,0.831220813875917,4.18149614503021,2283.63345400593,143.784187564921,82.7708710491173,1369.0409541475,279.044239501409,152.838511869436
WK053403,Hillegom,Hillegom Zuid,2014,42.1539341130466,29377.9542019347,0.0737013467515169,0.87030213706706,4.17799958411312,2346.50609109855,152.778763024709,89.5933596308428,1375.3433387913,283.835035724918,162.397189639774
WK053403,Hillegom,Hillegom Zuid,2015,42.6727937190402,29334.5304583836,0.0815482345989068,0.976591075347476,4.14394878149525,2311.57889053914,153.284728083209,89.1973907875189,1231.70129717682,293.927826151561,146.718410812416
WK053403,Hillegom,Hillegom Zuid,2016,43.1349460424908,30611.6091234347,0.0883340633669149,0.971654581410679,4.2453022875817,2485.34852738218,158.462548098105,94.3473902188276,1401.71904978704,297.295250403877,125.931446189987
WK053403,Hillegom,Hillegom Zuid,2017,42.5265053211512,31634.5408633094,0.112463281577843,0.936549554273728,4.2349989965884,2525.87637758694,164.630936224131,99.7516091792195,1446.48216387442,288.0527382796,137.869291848515
WK053403,Hillegom,Hillegom Zuid,2018,42.3508261885639,32143.8828816178,0.0823400465817235,0.938151041666667,4.15994545100331,2510.00654465391,170.648729874776,103.062494839686,1422.54407320765,270.257626255677,176.139240401817
WK053403,Hillegom,Hillegom Zuid,2019,42.1183969117443,33977.4732228462,0.0807810619232312,0.901538461538462,4.1291690765375,2740.15334049698,180.873508394896,110.644636668905,1609.52915513767,278.288228341168,155.661609133647
WK053403,Hillegom,Hillegom Zuid,2020,42.1981860039379,34604.9433396895,0.0745035319205651,0.993576017130621,3.94888755261575,2779.16640465988,180.400077664702,112.898272629887,1605.00421397965,267.047209426887,220.813422603107
WK053403,Hillegom,Hillegom Zuid,2021,42.2315893781685,36401.7001207567,0.0722054776569257,0.887251761691224,3.92093299070963,2782.12656319874,197.543703801131,121.418077074838,1643.63862817309,264.096607917927,126.937151124556
WK053403,Hillegom,Hillegom Zuid,2022,42.184053700433,37993.073096312,0.0701844923235712,0.898652982681206,3.92092130518234,2460.19844583171,197.968245545585,122.693042008063,1490.77851866302,265.818405514372,
WK053403,Hillegom,Hillegom Zuid,2023,42.0173460625163,40389.0788311688,0.0730938878386894,0.862870424171993,3.77630121816168,,,,,,
WK053403,Hillegom,Hillegom Zuid,2024,42.229231752625,,0.0732991014120667,0.521052631578947,,,,,,,
WK048405,Alphen aan den Rijn,Hoge Zijde,2009,39.2175837303659,,0.0856963613550816,0.602278893109061,3.87791304347826,2129.14391502852,134.52353455929,83.5078427393787,1135.00365504122,320.627260621432,272.783864299302
WK048405,Alphen aan den Rijn,Hoge Zijde,2010,39.3566717683731,,0.0916865803043642,0.730651731160896,3.9208318769661,2057.26568764273,136.801051827328,76.5877129759324,1090.6431414746,331.825992614287,236.491786348643
WK048405,Alphen aan den Rijn,Hoge Zijde,2011,39.6832096911992,27530.6332594813,0.0865104496516783,0.770844540075309,3.98627663416396,2068.12972048499,152.70973452457,88.7047070835995,1103.70920485004,312.398816847479,232.146037013401
WK048405,Alphen aan den Rijn,Hoge Zijde,2012,40.0181336469699,27909.2699921855,0.0850522026992615,0.847260653016049,3.93072727272727,1921.46774958349,150.333736531554,90.9513109286807,1022.42020138533,288.288467162647,211.437853389722
WK048405,Alphen aan den Rijn,Hoge Zijde,2013,40.2586229176906,29646.542603241,0.0832696715049656,0.912867859203693,3.97688838782413,2340.56186866744,151.344364733059,90.6357097022589,1290.98920174538,280.981908367557,298.420292420162
WK048405,Alphen aan den Rijn,Hoge Zijde,2014,40.5375005491576,29178.1208820055,0.0880470949577681,1.00692041522491,3.99078254326561,2227.75137358393,165.045301235839,102.368932801236,1227.13723867147,277.320177651906,264.745075952626
WK048405,Alphen aan den Rijn,Hoge Zijde,2015,40.7334367623639,29020.9968491532,0.0894026974951831,0.979368932038835,3.97556818181818,2278.198320176,161.001703118933,97.4375669729518,1134.83606703766,272.664323799663,226.133885078297
WK048405,Alphen aan den Rijn,Hoge Zijde,2016,40.9734983232457,31257.4917662683,0.0956894313165412,1.02570093457944,3.96047130368681,2156.92145098039,168.166288403714,104.787096352465,1093.72476009936,267.30497058439,169.901551633987
WK048405,Alphen aan den Rijn,Hoge Zijde,2017,40.915701592474,31776.4689112487,0.137649277184161,1.10344827586207,3.89722735674677,2302.2652216312,174.226312056738,109.940519250253,1262.43249240122,258.595117781154,157.197255572442
WK048405,Alphen aan den Rijn,Hoge Zijde,2018,40.71231868879,32991.4443045941,0.126415783704786,1.08266033254157,3.9081188836535,2388.6072911548,177.943412776412,111.770841523342,1218.95153316953,249.277621621622,230.285667076167
WK048405,Alphen aan den Rijn,Hoge Zijde,2019,40.9965490194816,35570.5743853487,0.124206155349292,1.11654320987654,3.86014492753623,2403.6536661332,188.233576264927,119.154377692971,1242.45722762526,247.930345931307,263.930610611843
WK048405,Alphen aan den Rijn,Hoge Zijde,2020,41.0716819856247,36172.2262084592,0.121108533756562,1.14625681705503,3.76506836125554,2438.80421039665,184.141436314364,116.561840354768,1323.88787878788,249.113810051737,277.146861295885
WK048405,Alphen aan den Rijn,Hoge Zijde,2021,41.3931127494059,37165.3480170683,0.104337202199145,1.02798310454065,3.80229280210487,2557.31773764024,205.564639378619,131.029345333498,1461.70914190605,252.845527062014,191.175798298607
WK048405,Alphen aan den Rijn,Hoge Zijde,2022,41.3748752603486,38490.0224870976,0.123462686567164,1.06421152030217,3.81145890536335,2494.07789740496,211.566994568496,136.297647555823,1571.33950754375,247.352628847313,
WK048405,Alphen aan den Rijn,Hoge Zijde,2023,41.5543970590218,41014.176153752,0.111388492629577,1.06825938566553,3.76026657060519,,,,,,
WK048405,Alphen aan den Rijn,Hoge Zijde,2024,42.0916549539444,,0.108029550684268,0.603003512171491,,,,,,,
WK048404,Alphen aan den Rijn,Hoorn,2009,42.8503838634841,,0.129144851657941,0.709624796084829,4.3335308056872,2540.51636058981,145.549782413638,94.247642440556,1330.55933602512,388.734199192463,370.226890080429
WK048404,Alphen aan den Rijn,Hoorn,2010,42.7685214822432,,0.127284595300261,0.892555640828857,4.44092389694996,2494.62368702631,146.673095878136,84.9812768817204,1311.39551747312,401.147486559139,321.540936246099
WK048404,Alphen aan den Rijn,Hoorn,2011,42.9531102299987,24386.478200692,0.117672790901137,0.962871287128713,4.48283196596779,2515.72572126054,161.320928888889,96.3120177777781,1338.77842666667,387.417497777778,341.175266311585
WK048404,Alphen aan den Rijn,Hoorn,2012,42.7861964292817,24562.8080622996,0.121066433566434,1.02113821138211,4.41962357297131,2319.61181637607,159.414412284578,99.257015024304,1131.03848873177,334.776612903226,388.251085853013
WK048404,Alphen aan den Rijn,Hoorn,2013,42.6162707190766,24179.8848011037,0.123709074928587,1.07811228641172,4.48193528118128,2604.83456323627,162.762888938349,101.231695971511,1400.56811261963,299.664121967504,372.404067570571
WK048404,Alphen aan den Rijn,Hoorn,2014,42.8388283049864,25908.2481832196,0.153684210526316,1.07976794778825,4.40223632517377,2473.56877472877,174.533712702473,111.15201832907,1421.74104433077,296.631069906223,245.406441182727
WK048404,Alphen aan den Rijn,Hoorn,2015,42.2266434794789,25684.2578435705,0.10432033719705,1.02412645590682,4.30553864881315,2574.85421399702,164.95207330066,101.653711911357,1234.80187300234,312.294602599616,236.420646670921
WK048404,Alphen aan den Rijn,Hoorn,2016,42.6092705374861,26779.9268831456,0.121722846441948,1.11655948553055,4.39927073837739,2737.03510745892,172.838093525181,109.753019466779,1403.24548666949,295.977240795599,248.951270543616
WK048404,Alphen aan den Rijn,Hoorn,2017,42.7823728416443,27727.2066097614,0.124584717607973,1.17545304777595,4.30151515151515,2850.35769879772,178.53806791816,114.164920902763,1448.21699219574,295.454642480489,272.919843914786
WK048404,Alphen aan den Rijn,Hoorn,2018,42.7569610442029,28093.8613601574,0.114487926727727,1.07057823129252,4.34382566585956,2967.23468201987,191.410574688358,124.158664694697,1459.31326008874,294.251257130784,330.705544052398
WK048404,Alphen aan den Rijn,Hoorn,2019,42.6510629530403,29224.0833151581,0.121306054970035,1.07876447876448,4.22520349713597,2887.83626756133,200.661836863074,129.868345565108,1412.39923254351,287.512159781924,362.742505766408
WK048404,Alphen aan den Rijn,Hoorn,2020,43.9438846202169,29931.8410157917,0.134064594759293,1.12420886075949,4.33169834457388,2907.05895356037,204.03818369453,134.592871001032,1377.47300928793,334.765254901961,333.770996904025
WK048404,Alphen aan den Rijn,Hoorn,2021,44.5995765441943,31210.3240083507,0.131137724550898,1.13474025974026,4.4148392910784,3194.90051464604,221.521240846216,144.063797803092,1662.3910842148,334.669178193653,288.486194060211
WK048404,Alphen aan den Rijn,Hoorn,2022,43.922075647933,33078.2616973871,0.161296162201303,1.13333333333333,4.40655270655271,2732.87613713638,222.597398942199,146.52670381564,1502.84753116736,401.960166225916,
WK048404,Alphen aan den Rijn,Hoorn,2023,43.8593135514279,36099.7306294241,0.163305725603169,1.18978562421185,4.1937202130642,,,,,,
WK048404,Alphen aan den Rijn,Hoorn,2024,43.9544864494345,,0.122997606334008,0.653470815687719,,,,,,,
WK051841,'s-Gravenhage,Hoornwijk en Ypenburg,2009,30.6251575302146,,0.109201054246489,0.559876270437472,3.55740051531635,1544.7847302621,118.726517612997,69.1556478204923,846.381783014312,233.780973942415,169.350902476282
WK051842,'s-Gravenhage,Hoornwijk en Ypenburg,2009,30.6251575302146,,0.109201054246489,0.559876270437472,3.55740051531635,1544.7847302621,118.726517612997,69.1556478204923,846.381783014312,233.780973942415,169.350902476282
WK051841,'s-Gravenhage,Hoornwijk en Ypenburg,2010,30.9660905799398,,0.108630100385511,0.74542098537555,3.63943270300334,1665.86079555677,117.445574921136,61.948960962145,910.800057965298,248.799836750787,201.651573512731
WK051842,'s-Gravenhage,Hoornwijk en Ypenburg,2010,30.9660905799398,,0.108630100385511,0.74542098537555,3.63943270300334,1665.86079555677,117.445574921136,61.948960962145,910.800057965298,248.799836750787,201.651573512731
WK051841,'s-Gravenhage,Hoornwijk en Ypenburg,2011,31.3614866982346,30554.512048428,0.0912598808676432,0.77950498038032,3.70739817123857,1751.96353529165,124.709211705672,64.9902033937261,955.906965947835,244.517174704102,213.405469342423
WK051842,'s-Gravenhage,Hoornwijk en Ypenburg,2011,31.3614866982346,30554.512048428,0.0912598808676432,0.77950498038032,3.70739817123857,1751.96353529165,124.709211705672,64.9902033937261,955.906965947835,244.517174704102,213.405469342423
WK051841,'s-Gravenhage,Hoornwijk en Ypenburg,2012,31.8261162484347,30711.6794026377,0.0801800796219816,0.781434184675835,3.66049485682513,1695.44571651208,117.705263057714,62.464736942287,952.238958047811,219.066889371098,203.544029572754
WK051842,'s-Gravenhage,Hoornwijk en Ypenburg,2012,31.8261162484347,30711.6794026377,0.0801800796219816,0.781434184675835,3.66049485682513,1695.44571651208,117.705263057714,62.464736942287,952.238958047811,219.066889371098,203.544029572754
WK051841,'s-Gravenhage,Hoornwijk en Ypenburg,2013,32.3117206699552,30791.5189480067,0.0897977004802794,0.857985410523048,3.6530488810689,1771.55303575404,121.058493924415,64.9389312920367,994.020156441603,209.412066812827,236.19757288035
WK051842,'s-Gravenhage,Hoornwijk en Ypenburg,2013,32.3117206699552,30791.5189480067,0.0897977004802794,0.857985410523048,3.6530488810689,1771.55303575404,121.058493924415,64.9389312920367,994.020156441603,209.412066812827,236.19757288035
WK051841,'s-Gravenhage,Hoornwijk en Ypenburg,2014,32.750143289555,32818.9019402985,0.0919833345305653,0.864630811303555,3.62889378095762,1685.49102330182,128.284002274645,69.9565575815384,947.574206258945,202.197906592801,192.319709093574
WK051842,'s-Gravenhage,Hoornwijk en Ypenburg,2014,32.750143289555,32818.9019402985,0.0919833345305653,0.864630811303555,3.62889378095762,1685.49102330182,128.284002274645,69.9565575815384,947.574206258945,202.197906592801,192.319709093574
WK051841,'s-Gravenhage,Hoornwijk en Ypenburg,2015,33.1905292742529,32602.1817910336,0.0834771975255359,0.840602203942263,3.6606381816195,1717.59100139287,130.444306406072,71.211030398591,950.881213010161,221.455189028638,151.805346015688
WK051842,'s-Gravenhage,Hoornwijk en Ypenburg,2015,33.1905292742529,32602.1817910336,0.0834771975255359,0.840602203942263,3.6606381816195,1717.59100139287,130.444306406072,71.211030398591,950.881213010161,221.455189028638,151.805346015688
WK051841,'s-Gravenhage,Hoornwijk en Ypenburg,2016,33.6536859535828,33805.6257928118,0.097225209722521,0.925334549878346,3.70322827333807,1742.92822879037,135.804015110042,76.7052136939306,975.472178181684,214.938146282711,146.454309067688
WK051842,'s-Gravenhage,Hoornwijk en Ypenburg,2016,33.6536859535828,33805.6257928118,0.097225209722521,0.925334549878346,3.70322827333807,1742.92822879037,135.804015110042,76.7052136939306,975.472178181684,214.938146282711,146.454309067688
WK051841,'s-Gravenhage,Hoornwijk en Ypenburg,2017,34.165762391646,34758.5737237626,0.0935747705275188,0.889363582793164,3.66812585499316,1809.02104088679,135.266074141377,75.4026669089596,1015.48680101763,232.017926585499,146.425582046157
WK051842,'s-Gravenhage,Hoornwijk en Ypenburg,2017,34.165762391646,34758.5737237626,0.0935747705275188,0.889363582793164,3.66812585499316,1809.02104088679,135.266074141377,75.4026669089596,1015.48680101763,232.017926585499,146.425582046157
WK051841,'s-Gravenhage,Hoornwijk en Ypenburg,2018,34.6781886308243,35411.1665804449,0.0804655147793803,0.871258448664306,3.75114290324316,1996.3386394533,144.650824761006,83.5200628839378,1121.28485042347,248.217477372689,165.629080731344
WK051842,'s-Gravenhage,Hoornwijk en Ypenburg,2018,34.6781886308243,35411.1665804449,0.0804655147793803,0.871258448664306,3.75114290324316,1996.3386394533,144.650824761006,83.5200628839378,1121.28485042347,248.217477372689,165.629080731344
WK051841,'s-Gravenhage,Hoornwijk en Ypenburg,2019,35.1132723306768,37346.6603035114,0.0814264805625959,0.846780510731631,3.78563714902808,2110.90798309531,159.846556033225,95.8432607111632,1175.91732038763,260.216876639465,179.156809603614
WK051842,'s-Gravenhage,Hoornwijk en Ypenburg,2019,35.1132723306768,37346.6603035114,0.0814264805625959,0.846780510731631,3.78563714902808,2110.90798309531,159.846556033225,95.8432607111632,1175.91732038763,260.216876639465,179.156809603614
WK051841,'s-Gravenhage,Hoornwijk en Ypenburg,2020,35.6380891370722,38631.6616997793,0.0884285714285714,0.863394620878286,3.74492572854065,2028.18751155932,159.471505806968,95.2628539702186,1089.92980631303,273.627459860925,181.538401354352
WK051842,'s-Gravenhage,Hoornwijk en Ypenburg,2020,35.6380891370722,38631.6616997793,0.0884285714285714,0.863394620878286,3.74492572854065,2028.18751155932,159.471505806968,95.2628539702186,1089.92980631303,273.627459860925,181.538401354352
WK051841,'s-Gravenhage,Hoornwijk en Ypenburg,2021,36.0283692407344,39969.5349741408,0.0935895607529949,0.904056763843899,3.77548278757347,2096.67172873211,176.500045138509,106.823832405081,1178.26338830039,252.978437989151,134.40153434531
WK051842,'s-Gravenhage,Hoornwijk en Ypenburg,2021,36.0283692407344,39969.5349741408,0.0935895607529949,0.904056763843899,3.77548278757347,2096.67172873211,176.500045138509,106.823832405081,1178.26338830039,252.978437989151,134.40153434531
WK051841,'s-Gravenhage,Hoornwijk en Ypenburg,2022,36.365160782864,42403.3478516558,0.0767897566496887,0.817518248175182,3.83656630785203,2004.05049268221,183.274489566729,114.474063541517,1203.58880307202,268.087549268223,
WK051842,'s-Gravenhage,Hoornwijk en Ypenburg,2022,36.365160782864,42403.3478516558,0.0767897566496887,0.817518248175182,3.83656630785203,2004.05049268221,183.274489566729,114.474063541517,1203.58880307202,268.087549268223,
WK051841,'s-Gravenhage,Hoornwijk en Ypenburg,2023,36.8434955915721,45295.8436522827,0.0737100737100737,0.83976801988401,3.73520572646303,,,,,,
WK051842,'s-Gravenhage,Hoornwijk en Ypenburg,2023,36.8434955915721,45295.8436522827,0.0737100737100737,0.83976801988401,3.73520572646303,,,,,,
WK051841,'s-Gravenhage,Hoornwijk en Ypenburg,2024,37.6015226724445,,0.0777320034692108,0.473511130384504,,,,,,,
WK051842,'s-Gravenhage,Hoornwijk en Ypenburg,2024,37.6015226724445,,0.0777320034692108,0.473511130384504,,,,,,,
WK053703,Katwijk,Katwijk aan den Rijn,2009,36.7519076240736,,0.0823055841041452,0.499614197530864,3.7213648420545,1907.57245542315,127.451919429218,76.8590220133996,980.856424780299,290.464808144087,281.369155431852
WK053703,Katwijk,Katwijk aan den Rijn,2010,36.9935480532274,,0.0831563747557972,0.697216274089936,3.75857142857143,1872.97695809623,133.420772762711,74.9862349475876,960.148440613355,299.091090704323,248.310814795654
WK053703,Katwijk,Katwijk aan den Rijn,2011,37.0951213388341,26520.4961299651,0.0879139210943365,0.6834451901566,3.82938218390805,1900.91693361522,145.743461343258,83.1203180510909,1003.8106437151,295.877436981899,216.219894291755
WK053703,Katwijk,Katwijk aan den Rijn,2012,37.3495660766419,26587.4782311764,0.0693781906435685,0.735269000853971,3.7846304454234,1996.13437573815,142.618829751227,84.6445904552382,1138.57709764765,262.947461499408,216.028657837017
WK053703,Katwijk,Katwijk aan den Rijn,2013,37.7233017394129,26907.3363690527,0.0739006855040963,0.779069767441861,3.91302729528536,2096.8974281379,148.127998815868,89.001508077476,1164.96831345682,262.797295102765,252.02764224901
WK053703,Katwijk,Katwijk aan den Rijn,2014,37.9744934581176,28723.4538546914,0.0684942991281019,0.78264497288277,3.82206537890045,2091.99582619755,158.660386670059,97.2804858814541,1152.93790977698,260.136804884253,203.98778041543
WK053703,Katwijk,Katwijk aan den Rijn,2015,38.2855575743978,28518.6212718546,0.0729620932572962,0.7890625,3.87641296156745,2129.43584223919,157.634528798031,95.615612011197,1118.46218254304,277.750058529136,148.146720101781
WK053703,Katwijk,Katwijk aan den Rijn,2016,38.6779357871232,29713.1323781743,0.0827429149797571,0.855125100887813,3.93350897001631,2236.9298473738,164.271219304229,102.099239427012,1242.53442530696,267.289916439291,160.879238574352
WK053703,Katwijk,Katwijk aan den Rijn,2017,39.0003269129623,31000.7092480553,0.0771452846219201,0.838895756077462,3.96621108580106,2338.03467834751,167.901861204158,104.691661083912,1257.20299149704,260.894042772482,191.811975435884
WK053703,Katwijk,Katwijk aan den Rijn,2018,39.3338792226628,30950.5901069286,0.0745595369818708,0.808224926563156,4.08683544303797,2446.95455795171,183.668685454076,118.79964687688,1319.28866741129,255.182802646276,206.390449351319
WK053703,Katwijk,Katwijk aan den Rijn,2019,39.7061481958862,33036.0039947894,0.0763254503543072,0.84106529209622,4.03672424824056,2580.88455942004,185.459608181583,117.135289548633,1390.45854319496,272.438386985414,217.225746094761
WK053703,Katwijk,Katwijk aan den Rijn,2020,40.1524796923247,34336.1869485455,0.0690545892887894,0.784304726938963,3.93611595758959,2312.37783301411,181.754987811249,116.728337106043,1215.57620407452,277.95155232457,194.648248302281
WK053703,Katwijk,Katwijk aan den Rijn,2021,40.3997649834968,36515.4378340489,0.0717234262125903,0.837723424270931,4.05500199282583,2537.31596259243,206.112861244021,132.100307959983,1391.78252892562,289.582284471509,151.086374075685
WK053703,Katwijk,Katwijk aan den Rijn,2022,40.5324157587317,37767.2611179469,0.0776468593710265,0.908077994428969,4.1617338920901,2648.61043729228,212.73260713661,137.545358579675,1603.11745495889,312.019923911142,
WK053703,Katwijk,Katwijk aan den Rijn,2023,40.6439295959753,40634.9174532349,0.0836198943218989,0.895074946466809,3.99898695707231,,,,,,
WK053703,Katwijk,Katwijk aan den Rijn,2024,41.0170039701769,,0.0791631084543126,0.451533008796652,,,,,,,
WK053705,Katwijk,Katwijk aan Zee,2009,39.6335006967167,,0.0927357904837162,0.546179883945841,4.10806107111779,1956.45140822514,130.569142301309,79.7143022257819,1081.65899124564,321.550801624993,172.040311731396
WK053705,Katwijk,Katwijk aan Zee,2010,39.8330177804129,,0.0718238283455675,0.605073431241656,4.13701657458564,2013.07686173561,138.896507363473,78.7522119076265,1097.16775714859,324.214657039711,188.038425147303
WK053705,Katwijk,Katwijk aan Zee,2011,40.0571807062705,26921.1244557961,0.0743623246037607,0.643166200050904,4.24682934660459,2064.83241553668,151.682554157328,87.0626690800444,1114.74721082572,328.076289720165,220.673775568835
WK053705,Katwijk,Katwijk aan Zee,2012,40.3242501838393,27105.0647851187,0.0731568135128966,0.675842552096733,4.20385180349274,2114.62559896432,148.832009809578,88.9867322562023,1243.53878822851,304.063291979227,177.072066743383
WK053705,Katwijk,Katwijk aan Zee,2013,40.4093624849436,27024.2602388581,0.0827299161867837,0.734544536966944,4.31353190077159,2240.95055207314,151.858763118441,91.1114825279658,1269.44357455888,285.118187060317,228.37644890448
WK053705,Katwijk,Katwijk aan Zee,2014,40.3734654840785,28790.7873503081,0.0785393832699188,0.770922882427307,4.31046212561188,2297.46681609459,163.956960165308,101.152798760188,1329.52787452645,283.981176673172,177.873036964757
WK053705,Katwijk,Katwijk aan Zee,2015,40.7285302325498,28468.1473113942,0.087932594435648,0.840471915875866,4.34931280013247,2478.10887542162,163.766377516012,100.170098924975,1283.93952424519,297.694432182067,157.955065462238
WK053705,Katwijk,Katwijk aan Zee,2016,40.9507818194345,29776.6032280141,0.101855992844365,0.857947875088049,4.35765765765766,2517.57392140232,172.284135610476,108.757550189448,1315.65487586948,287.350015834417,179.208624823297
WK053705,Katwijk,Katwijk aan Zee,2017,41.0174420042286,30770.4651202263,0.105912966448898,0.907947805456702,4.43330578512397,2640.82164021757,176.245107385187,111.41765378792,1387.5653630909,294.719295127012,167.689809342231
WK053705,Katwijk,Katwijk aan Zee,2018,41.1511734491643,31287.3951230526,0.0833425383850657,0.828161668839635,4.38995137763371,2672.38466092691,188.791206462795,121.683915133896,1403.45191983004,304.67192262537,189.547415441382
WK053705,Katwijk,Katwijk aan Zee,2019,41.1259089028064,33203.3279123609,0.0842780512083172,0.794117647058823,4.25205052493438,2707.04924823806,190.030723235261,120.456490099564,1525.59695771339,291.386201476676,156.70670488869
WK053705,Katwijk,Katwijk aan Zee,2020,41.3575582415108,34316.9040090344,0.0801440044309056,0.800671314226698,4.20610687022901,2539.33362439792,189.433510697884,122.927723199286,1383.65488966058,291.361131959225,177.175148986222
WK053705,Katwijk,Katwijk aan Zee,2021,41.5096540319556,36431.6620037379,0.0803844230876062,0.835009513454743,4.18604454229825,2618.51625688281,208.765212383414,133.921136644565,1463.63711933924,293.721560287673,130.746398471738
WK053705,Katwijk,Katwijk aan Zee,2022,41.7310373142655,38120.9199772663,0.0739239100249931,0.845420398728691,4.23559950556242,2692.91180348189,215.948375683136,139.432370837794,1597.25462786635,319.318817398162,
WK053705,Katwijk,Katwijk aan Zee,2023,41.8244987913682,41443.7713328031,0.0789034697508897,0.834492350486787,4.07023190558719,,,,,,
WK053705,Katwijk,Katwijk aan Zee,2024,42.1833640719137,,0.0951063949878648,0.467912174747418,,,,,,,
WK053701,Katwijk,Katwijk Noord en 't Heen en Landelijk gebied Katwijk,2009,36.6015953712427,,0.0815274934707419,0.487960545401799,3.86195455459481,1945.05649030636,129.343428084979,78.258216744392,987.810320527052,309.667725960469,288.406212816339
WK053702,Katwijk,Katwijk Noord en 't Heen en Landelijk gebied Katwijk,2009,36.6015953712427,,0.0815274934707419,0.487960545401799,3.86195455459481,1945.05649030636,129.343428084979,78.258216744392,987.810320527052,309.667725960469,288.406212816339
WK053706,Katwijk,Katwijk Noord en 't Heen en Landelijk gebied Katwijk,2009,36.6015953712427,,0.0815274934707419,0.487960545401799,3.86195455459481,1945.05649030636,129.343428084979,78.258216744392,987.810320527052,309.667725960469,288.406212816339
WK053701,Katwijk,Katwijk Noord en 't Heen en Landelijk gebied Katwijk,2010,36.8622101765224,,0.0731313981208807,0.751990202082058,3.91720257234727,1932.16953727125,136.253562532625,77.2642426728322,1010.64666716385,314.106153329853,232.102300252939
WK053702,Katwijk,Katwijk Noord en 't Heen en Landelijk gebied Katwijk,2010,36.8622101765224,,0.0731313981208807,0.751990202082058,3.91720257234727,1932.16953727125,136.253562532625,77.2642426728322,1010.64666716385,314.106153329853,232.102300252939
WK053706,Katwijk,Katwijk Noord en 't Heen en Landelijk gebied Katwijk,2010,36.8622101765224,,0.0731313981208807,0.751990202082058,3.91720257234727,1932.16953727125,136.253562532625,77.2642426728322,1010.64666716385,314.106153329853,232.102300252939
WK053701,Katwijk,Katwijk Noord en 't Heen en Landelijk gebied Katwijk,2011,36.8646112721019,25335.4296069347,0.0900104420466411,0.759056444818871,4.03769128068194,1948.8743958318,150.328430271228,87.0851045746804,1048.50675338112,317.419103540019,193.813913236272
WK053702,Katwijk,Katwijk Noord en 't Heen en Landelijk gebied Katwijk,2011,36.8646112721019,25335.4296069347,0.0900104420466411,0.759056444818871,4.03769128068194,1948.8743958318,150.328430271228,87.0851045746804,1048.50675338112,317.419103540019,193.813913236272
WK053706,Katwijk,Katwijk Noord en 't Heen en Landelijk gebied Katwijk,2011,36.8646112721019,25335.4296069347,0.0900104420466411,0.759056444818871,4.03769128068194,1948.8743958318,150.328430271228,87.0851045746804,1048.50675338112,317.419103540019,193.813913236272
WK053701,Katwijk,Katwijk Noord en 't Heen en Landelijk gebied Katwijk,2012,37.0895823344203,25495.9452640897,0.099638939036245,0.73773173391494,4.01670741646292,2091.8446241176,149.914368528511,91.0773304652183,1232.04762578387,280.543128919351,190.290636052689
WK053702,Katwijk,Katwijk Noord en 't Heen en Landelijk gebied Katwijk,2012,37.0895823344203,25495.9452640897,0.099638939036245,0.73773173391494,4.01670741646292,2091.8446241176,149.914368528511,91.0773304652183,1232.04762578387,280.543128919351,190.290636052689
WK053706,Katwijk,Katwijk Noord en 't Heen en Landelijk gebied Katwijk,2012,37.0895823344203,25495.9452640897,0.099638939036245,0.73773173391494,4.01670741646292,2091.8446241176,149.914368528511,91.0773304652183,1232.04762578387,280.543128919351,190.290636052689
WK053701,Katwijk,Katwijk Noord en 't Heen en Landelijk gebied Katwijk,2013,37.4671978210868,25697.6742886552,0.0802370163820146,0.718817369879889,4.05480020757654,2304.76711267606,151.394612532712,91.8106920616456,1328.83636667636,266.08767955801,280.926976187019
WK053702,Katwijk,Katwijk Noord en 't Heen en Landelijk gebied Katwijk,2013,37.4671978210868,25697.6742886552,0.0802370163820146,0.718817369879889,4.05480020757654,2304.76711267606,151.394612532712,91.8106920616456,1328.83636667636,266.08767955801,280.926976187019
WK053706,Katwijk,Katwijk Noord en 't Heen en Landelijk gebied Katwijk,2013,37.4671978210868,25697.6742886552,0.0802370163820146,0.718817369879889,4.05480020757654,2304.76711267606,151.394612532712,91.8106920616456,1328.83636667636,266.08767955801,280.926976187019
WK053701,Katwijk,Katwijk Noord en 't Heen en Landelijk gebied Katwijk,2014,37.7056131101122,27869.2515829775,0.0681263510215466,0.721081785597915,4.06026716371544,2122.15899803536,162.671841205152,100.820179026271,1196.80580379884,256.406766610873,225.33201920978
WK053702,Katwijk,Katwijk Noord en 't Heen en Landelijk gebied Katwijk,2014,37.7056131101122,27869.2515829775,0.0681263510215466,0.721081785597915,4.06026716371544,2122.15899803536,162.671841205152,100.820179026271,1196.80580379884,256.406766610873,225.33201920978
WK053706,Katwijk,Katwijk Noord en 't Heen en Landelijk gebied Katwijk,2014,37.7056131101122,27869.2515829775,0.0681263510215466,0.721081785597915,4.06026716371544,2122.15899803536,162.671841205152,100.820179026271,1196.80580379884,256.406766610873,225.33201920978
WK053701,Katwijk,Katwijk Noord en 't Heen en Landelijk gebied Katwijk,2015,37.4706688911022,27242.4712847839,0.104594594594595,0.815692469720906,4.04325986673501,2177.93562584405,159.894172303309,98.778676397294,1142.41478889284,251.618214311144,139.488845689104
WK053702,Katwijk,Katwijk Noord en 't Heen en Landelijk gebied Katwijk,2015,37.4706688911022,27242.4712847839,0.104594594594595,0.815692469720906,4.04325986673501,2177.93562584405,159.894172303309,98.778676397294,1142.41478889284,251.618214311144,139.488845689104
WK053706,Katwijk,Katwijk Noord en 't Heen en Landelijk gebied Katwijk,2015,37.4706688911022,27242.4712847839,0.104594594594595,0.815692469720906,4.04325986673501,2177.93562584405,159.894172303309,98.778676397294,1142.41478889284,251.618214311144,139.488845689104
WK053701,Katwijk,Katwijk Noord en 't Heen en Landelijk gebied Katwijk,2016,37.8554410525822,28165.0024787801,0.0938531787846856,0.849334875650665,4.00775356244761,2271.37898484625,164.232703060624,102.363592554444,1232.50405164803,251.607759711595,167.345537737237
WK053702,Katwijk,Katwijk Noord en 't Heen en Landelijk gebied Katwijk,2016,37.8554410525822,28165.0024787801,0.0938531787846856,0.849334875650665,4.00775356244761,2271.37898484625,164.232703060624,102.363592554444,1232.50405164803,251.607759711595,167.345537737237
WK053706,Katwijk,Katwijk Noord en 't Heen en Landelijk gebied Katwijk,2016,37.8554410525822,28165.0024787801,0.0938531787846856,0.849334875650665,4.00775356244761,2271.37898484625,164.232703060624,102.363592554444,1232.50405164803,251.607759711595,167.345537737237
WK053701,Katwijk,Katwijk Noord en 't Heen en Landelijk gebied Katwijk,2017,38.3401404180492,29165.9160334346,0.0752688172043011,0.744034707158351,4.13321873657069,2279.82593294241,170.86987219967,106.987083897159,1237.49627649978,248.854050518718,157.915790858517
WK053702,Katwijk,Katwijk Noord en 't Heen en Landelijk gebied Katwijk,2017,38.3401404180492,29165.9160334346,0.0752688172043011,0.744034707158351,4.13321873657069,2279.82593294241,170.86987219967,106.987083897159,1237.49627649978,248.854050518718,157.915790858517
WK053706,Katwijk,Katwijk Noord en 't Heen en Landelijk gebied Katwijk,2017,38.3401404180492,29165.9160334346,0.0752688172043011,0.744034707158351,4.13321873657069,2279.82593294241,170.86987219967,106.987083897159,1237.49627649978,248.854050518718,157.915790858517
WK053701,Katwijk,Katwijk Noord en 't Heen en Landelijk gebied Katwijk,2018,38.7536627546191,29314.1754836759,0.0878562222540455,0.856821106821107,4.26047872896415,2497.45484975333,187.425050082224,121.285401405292,1364.42794812378,270.323078935566,187.605329645687
WK053702,Katwijk,Katwijk Noord en 't Heen en Landelijk gebied Katwijk,2018,38.7536627546191,29314.1754836759,0.0878562222540455,0.856821106821107,4.26047872896415,2497.45484975333,187.425050082224,121.285401405292,1364.42794812378,270.323078935566,187.605329645687
WK053706,Katwijk,Katwijk Noord en 't Heen en Landelijk gebied Katwijk,2018,38.7536627546191,29314.1754836759,0.0878562222540455,0.856821106821107,4.26047872896415,2497.45484975333,187.425050082224,121.285401405292,1364.42794812378,270.323078935566,187.605329645687
WK053701,Katwijk,Katwijk Noord en 't Heen en Landelijk gebied Katwijk,2019,39.3360824422168,31411.2809854897,0.0752946311654299,0.862589656474141,4.21505832449629,2529.22813500973,194.032236940577,123.26602230205,1398.30874419997,277.381979494089,171.837414309235
WK053702,Katwijk,Katwijk Noord en 't Heen en Landelijk gebied Katwijk,2019,39.3360824422168,31411.2809854897,0.0752946311654299,0.862589656474141,4.21505832449629,2529.22813500973,194.032236940577,123.26602230205,1398.30874419997,277.381979494089,171.837414309235
WK053706,Katwijk,Katwijk Noord en 't Heen en Landelijk gebied Katwijk,2019,39.3360824422168,31411.2809854897,0.0752946311654299,0.862589656474141,4.21505832449629,2529.22813500973,194.032236940577,123.26602230205,1398.30874419997,277.381979494089,171.837414309235
WK053701,Katwijk,Katwijk Noord en 't Heen en Landelijk gebied Katwijk,2020,39.4873093695847,31987.9428874413,0.0782771805786018,0.79676511954993,4.13299289520426,2396.30573721314,195.814308534574,128.60698365082,1255.03332833359,283.854767511624,198.09793160342
WK053702,Katwijk,Katwijk Noord en 't Heen en Landelijk gebied Katwijk,2020,39.4873093695847,31987.9428874413,0.0782771805786018,0.79676511954993,4.13299289520426,2396.30573721314,195.814308534574,128.60698365082,1255.03332833359,283.854767511624,198.09793160342
WK053706,Katwijk,Katwijk Noord en 't Heen en Landelijk gebied Katwijk,2020,39.4873093695847,31987.9428874413,0.0782771805786018,0.79676511954993,4.13299289520426,2396.30573721314,195.814308534574,128.60698365082,1255.03332833359,283.854767511624,198.09793160342
WK053701,Katwijk,Katwijk Noord en 't Heen en Landelijk gebied Katwijk,2021,39.6297614187156,33326.9871338833,0.0736637651967484,0.854622171077867,4.19568822553897,2696.15308351501,217.044607983161,140.602657295346,1508.99847703526,304.668888972413,152.21513342855
WK053702,Katwijk,Katwijk Noord en 't Heen en Landelijk gebied Katwijk,2021,39.6297614187156,33326.9871338833,0.0736637651967484,0.854622171077867,4.19568822553897,2696.15308351501,217.044607983161,140.602657295346,1508.99847703526,304.668888972413,152.21513342855
WK053706,Katwijk,Katwijk Noord en 't Heen en Landelijk gebied Katwijk,2021,39.6297614187156,33326.9871338833,0.0736637651967484,0.854622171077867,4.19568822553897,2696.15308351501,217.044607983161,140.602657295346,1508.99847703526,304.668888972413,152.21513342855
WK053701,Katwijk,Katwijk Noord en 't Heen en Landelijk gebied Katwijk,2022,39.6145487809012,35651.3388079667,0.0990043076053951,0.90340323135098,4.27177625960717,2531.23902904748,220.891891772339,143.757770569154,1506.04038779121,328.946068268947,
WK053702,Katwijk,Katwijk Noord en 't Heen en Landelijk gebied Katwijk,2022,39.6145487809012,35651.3388079667,0.0990043076053951,0.90340323135098,4.27177625960717,2531.23902904748,220.891891772339,143.757770569154,1506.04038779121,328.946068268947,
WK053706,Katwijk,Katwijk Noord en 't Heen en Landelijk gebied Katwijk,2022,39.6145487809012,35651.3388079667,0.0990043076053951,0.90340323135098,4.27177625960717,2531.23902904748,220.891891772339,143.757770569154,1506.04038779121,328.946068268947,
WK053701,Katwijk,Katwijk Noord en 't Heen en Landelijk gebied Katwijk,2023,39.9594782829673,38371.9568074424,0.0816557180193544,0.927131782945736,4.16482707873436,,,,,,
WK053702,Katwijk,Katwijk Noord en 't Heen en Landelijk gebied Katwijk,2023,39.9594782829673,38371.9568074424,0.0816557180193544,0.927131782945736,4.16482707873436,,,,,,
WK053706,Katwijk,Katwijk Noord en 't Heen en Landelijk gebied Katwijk,2023,39.9594782829673,38371.9568074424,0.0816557180193544,0.927131782945736,4.16482707873436,,,,,,
WK053701,Katwijk,Katwijk Noord en 't Heen en Landelijk gebied Katwijk,2024,40.4350725012082,,0.103089827227758,0.495948949594895,,,,,,,
WK053702,Katwijk,Katwijk Noord en 't Heen en Landelijk gebied Katwijk,2024,40.4350725012082,,0.103089827227758,0.495948949594895,,,,,,,
WK053706,Katwijk,Katwijk Noord en 't Heen en Landelijk gebied Katwijk,2024,40.4350725012082,,0.103089827227758,0.495948949594895,,,,,,,
WK048408,Alphen aan den Rijn,Kerk en Zanen,2009,33.8090751438931,,0.0984042553191489,0.612296110414053,3.29982028753994,1597.60406702836,113.929940930009,63.8758506765578,876.767620715711,239.440021292671,166.725551816496
WK048408,Alphen aan den Rijn,Kerk en Zanen,2010,33.9672215845133,,0.0962831158560696,0.792702107581,3.36710677382319,1686.78568282815,118.738541931173,60.9724383561644,899.995919144666,240.36447444036,217.096640578364
WK048408,Alphen aan den Rijn,Kerk en Zanen,2011,34.3556277652278,31292.6172823391,0.0962080450935178,0.809336162473477,3.39890555712803,1642.50530287409,134.49135979893,72.6032364503448,851.683921505446,237.176592124766,205.371085835804
WK048408,Alphen aan den Rijn,Kerk en Zanen,2012,34.6731594716995,31316.8976139945,0.0746890586526927,0.84309695101062,3.31461421512733,1595.53083349178,131.705910849026,74.5691731659372,888.474742882504,203.287810538329,162.123936109527
WK048408,Alphen aan den Rijn,Kerk en Zanen,2013,35.1457104048282,31982.121419953,0.0701546520329259,0.869111709286676,3.3427036361892,1709.98147533801,132.8053941519,74.3390695635843,952.261984847536,191.831120155281,216.821067851778
WK048408,Alphen aan den Rijn,Kerk en Zanen,2014,35.5256611397951,33325.8956304619,0.0855811672388426,0.91814837522992,3.34001329660936,1744.88467844176,144.731920354527,84.2496442420136,983.912004062289,183.87144888287,207.300361253
WK048408,Alphen aan den Rijn,Kerk en Zanen,2015,36.3531536122622,33393.7287332266,0.0804305757135946,0.939677419354839,3.47750833024806,1722.14149131333,145.095886498968,83.4787027585372,923.92904727184,204.052533114596,139.896953590086
WK048408,Alphen aan den Rijn,Kerk en Zanen,2016,36.8909938126594,35246.96404346,0.109665646338592,0.977303070761015,3.46390639063906,1731.90455050535,149.22225545245,88.0142076954902,924.964199420772,201.78214433477,140.835623263786
WK048408,Alphen aan den Rijn,Kerk en Zanen,2017,37.41763331158,36128.5066674569,0.0911418926783844,0.902586681342873,3.51887636428699,1869.02108642263,155.044672552919,92.5304736288145,1025.71614723424,202.879502982107,145.44491989241
WK048408,Alphen aan den Rijn,Kerk en Zanen,2018,37.7229903377764,36895.4971030608,0.0939743810672641,0.899379552198543,3.54254474914029,1882.00953776906,160.246752842054,95.3656794967973,1025.69366553177,209.495339604132,140.272360782503
WK048408,Alphen aan den Rijn,Kerk en Zanen,2019,38.2201683670105,39409.9939087461,0.0899700852288762,0.931434890793475,3.51322199025748,2044.38524559515,170.420337091384,103.139559798312,1142.6143091043,213.624104016769,151.176884029234
WK048408,Alphen aan den Rijn,Kerk en Zanen,2020,38.6572757094502,39942.8185820727,0.106873195647346,0.961323155216285,3.48223982907505,2028.62812035952,171.809144755205,104.895503265785,1120.94976106738,220.977933902752,154.840308714341
WK048408,Alphen aan den Rijn,Kerk en Zanen,2021,39.0739039794086,41802.90908073,0.0881236591671709,0.925956971221012,3.45838814347102,2136.62615031524,186.530549164918,114.259111823914,1238.6627707112,226.46789403827,104.879514434244
WK048408,Alphen aan den Rijn,Kerk en Zanen,2022,39.5257728691468,44342.1666196627,0.0724343871568681,0.903254437869823,3.46168417427243,2077.1266679692,192.961931450261,119.234471363179,1266.05885452719,246.07367645417,
WK048408,Alphen aan den Rijn,Kerk en Zanen,2023,40.0179438894808,48063.6592526192,0.0707881854683461,0.868566443733644,3.50512886820102,,,,,,
WK048408,Alphen aan den Rijn,Kerk en Zanen,2024,40.6422558962488,,0.0647465826629915,0.444225684873713,,,,,,,
WK056911,Nieuwkoop,Kern Korteraar,2009,40.6987874756189,,0.0606469002695418,0.439393939393939,3.43939393939394,1330.91945799458,129.396205962059,77.8869105691057,843.591707317073,174.892046070461,25.6992140921409
WK056911,Nieuwkoop,Kern Korteraar,2010,41.6027485476017,,0.0340599455040872,0.368421052631579,3.56164383561644,1513.27956043956,136.996671251719,76.50492434663,902.454071526823,251.028775790922,47.4496703296703
WK056911,Nieuwkoop,Kern Korteraar,2011,42.3129017436414,31894.2542613636,0.0320781032078103,0.520408163265306,3.72525252525253,1858.78405898876,148.403960674157,83.7541573033707,1229.46709269663,240.726151685394,43.2245786516854
WK056911,Nieuwkoop,Kern Korteraar,2012,42.7742826119277,33811.8940677966,0.0498614958448753,0.643356643356643,3.42626262626263,1786.20424410541,147.188196948682,87.8730235783633,1216.4087517337,205.785395284327,52.3384327323162
WK056911,Nieuwkoop,Kern Korteraar,2013,44.2570188669047,35013.6753623188,0.0673352435530086,0.628787878787879,3.24947145877378,1461.39943965517,148.149267241379,86.5805603448277,869.40158045977,180.759224137931,94.2590373563218
WK056911,Nieuwkoop,Kern Korteraar,2014,44.2420668401007,36009.7988338192,0.0773638968481375,0.786206896551724,3.425,1726.06143884892,164.689942446043,101.024690647482,1088.09126618705,183.473942446043,34.5233669064748
WK056911,Nieuwkoop,Kern Korteraar,2015,43.5741011781488,37644.8181818182,0.0819444444444444,0.837696335078534,3.41975308641975,1595.1078442281,151.868720445062,88.5637830319887,962.277287899861,154.452781641168,60.7910292072323
WK056911,Nieuwkoop,Kern Korteraar,2016,44.0392941959305,38577.1265822785,0.0637119113573407,0.694267515923567,3.38253638253638,1793.09245152354,158.764113573407,94.8492797783935,1057.46908587258,162.51836565097,253.170637119114
WK056911,Nieuwkoop,Kern Korteraar,2017,44.2773807437145,40317.7226074896,0.0850480109739369,0.735714285714286,3.36680327868852,1305.67495185695,166.774071526822,101.04734525447,679.105570839065,171.81643741403,137.63181568088
WK056911,Nieuwkoop,Kern Korteraar,2018,44.9168567346701,39770.6834733894,0.034435261707989,0.585185185185185,3.43661971830986,1786.73566298342,173.795151933702,107.454889502762,1127.59408839779,197.859861878453,116.003149171271
WK056911,Nieuwkoop,Kern Korteraar,2019,45.1032963214749,41496.4743411928,0.0476839237057221,0.76984126984127,3.43313373253493,1593.63570259209,186.715184174625,117.685620736699,949.928444747613,175.135443383356,75.5198362892224
WK056911,Nieuwkoop,Kern Korteraar,2020,45.0798401554097,44526.7235213205,0.0566037735849057,0.677852348993289,3.36247334754797,1524.45484480432,185.222186234818,117.463940620783,904.981012145748,165.815114709852,49.4759244264507
WK056911,Nieuwkoop,Kern Korteraar,2021,45.1529340925633,44519.6119402985,0.0757978723404255,0.823529411764706,3.49473684210526,1787.45347536618,206.77689747004,131.423821571238,1124.69039946738,172.82344873502,47.5637816245007
WK056911,Nieuwkoop,Kern Korteraar,2022,45.9357738653093,44992.8456375839,0.06,0.736363636363636,3.47337278106509,1699.46915775401,213.032700534759,134.505360962567,1005.36894385027,277.021189839572,
WK056911,Nieuwkoop,Kern Korteraar,2023,46.7112706834524,48073.1231393775,0.0682730923694779,0.832167832167832,3.53216374269006,,,,,,
WK056911,Nieuwkoop,Kern Korteraar,2024,47.4680542914074,,0.0489795918367347,0.444897959183673,,,,,,,
WK056912,Nieuwkoop,Kern Langeraar,2009,42.0987225084323,,0.0804597701149425,0.487132352941176,4.00839865621501,2103.92149235221,161.657284001653,108.96267052501,1235.11823067383,314.328937577511,142.397486564696
WK056912,Nieuwkoop,Kern Langeraar,2010,42.7175435498811,,0.103475829005194,0.782679738562091,4.03466955579632,1933.62370281125,156.959554037765,94.9686822016868,1072.96676175171,316.356130976296,115.999116465863
WK056912,Nieuwkoop,Kern Langeraar,2011,43.33831270781,29939.8908566722,0.0589191385615603,0.744813278008299,4.18739448508723,1896.65284781722,173.028588331293,106.680905752754,1037.618249694,311.444736842106,119.221766625867
WK056912,Nieuwkoop,Kern Langeraar,2012,42.4366190259009,30710.6803036693,0.0589690721649485,0.751937984496124,3.78466939730837,1776.69087675765,152.695128205128,92.1833953680729,1045.32359387924,224.857981803143,103.662382133995
WK056912,Nieuwkoop,Kern Langeraar,2013,42.6595448362313,30773.6337088027,0.0536885245901639,0.807692307692308,3.81731909845789,1878.67584121761,152.901707116413,91.2857671740029,1192.07367338544,206.284965034965,81.9885561497326
WK056912,Nieuwkoop,Kern Langeraar,2014,44.0345817115171,31808.916496945,0.0888976689055709,0.82967032967033,3.97376093294461,2128.99533174414,164.015903853794,99.9593206197851,1357.2852920143,216.166181962653,117.768462455304
WK056912,Nieuwkoop,Kern Langeraar,2015,44.6879560204373,31951.9773737374,0.0847860538827258,0.942350332594235,4.17099942229925,2212.54209163346,162.480597609562,97.3026095617529,1192.25979681275,232.675760956175,125.670768924303
WK056912,Nieuwkoop,Kern Langeraar,2016,45.3912803227397,33905.1708502024,0.0802861685214626,0.964285714285714,4.14628571428571,2509.8787400319,169.526000797448,104.325111642744,1379.58789473684,250.78879585327,97.1992902711324
WK056912,Nieuwkoop,Kern Langeraar,2017,45.0006906176765,34863.3016059538,0.13,1.01508295625943,4.17873303167421,2226.39358191653,170.845873261205,104.530803709428,1126.04952859351,239.446124420402,97.374586553323
WK056912,Nieuwkoop,Kern Langeraar,2018,44.5810582164185,33320.6731561213,0.113719735876742,1.0390625,4.14890198178897,2178.73673048601,177.860331369661,108.042422680412,1156.31768409426,230.945047864506,127.503508836524
WK056912,Nieuwkoop,Kern Langeraar,2019,44.910340659448,36652.8149242704,0.101811594202899,1.12792792792793,4.04538341158059,2241.48865041834,186.190985813022,113.56344488905,1200.53896325937,226.857406329574,162.698039287013
WK056912,Nieuwkoop,Kern Langeraar,2020,44.7360923470495,37302.2226965493,0.121306916927355,1.06074074074074,4.00318640467339,2561.60182960895,185.552604748603,114.653875698324,1333.46967178771,256.715900837989,259.170960195531
WK056912,Nieuwkoop,Kern Langeraar,2021,44.7465079721537,37792.901713886,0.070938999314599,0.917117117117117,3.99380165289256,2583.28791322314,196.159583333334,119.259497245179,1465.62269972452,271.583161157025,91.0966873278237
WK056912,Nieuwkoop,Kern Langeraar,2022,45.2300243087385,39903.5527603075,0.0665983606557377,0.813432835820896,4.09368635437882,2509.2739661719,206.018301691405,127.165239903349,1507.03122540559,286.194597859855,
WK056912,Nieuwkoop,Kern Langeraar,2023,45.5161732919597,42562.7594171997,0.0499826449149601,0.763419483101392,4.02851218247797,,,,,,
WK056912,Nieuwkoop,Kern Langeraar,2024,45.378491459379,,0.0760295670538543,0.511791622668075,,,,,,,
WK056901,Nieuwkoop,Kern Nieuwkoop,2009,39.3041697129583,,0.0627586206896552,0.431885782272457,3.71970198675497,1879.03499421564,132.975744705474,81.3903413956721,1094.41995718088,272.727315125564,154.266900740398
WK056901,Nieuwkoop,Kern Nieuwkoop,2010,39.7387153794373,,0.0614976347063574,0.616666666666667,3.73963624446993,1941.53819025522,130.128206743669,69.7450530859883,1137.0087726053,270.2598926613,167.199106728538
WK056901,Nieuwkoop,Kern Nieuwkoop,2011,40.0634657335681,30121.2190077844,0.083361881923033,0.823463687150838,3.81035909316565,2002.58251004247,145.019283828762,80.3331481694017,1179.93960977849,269.178824744634,171.896903477562
WK056901,Nieuwkoop,Kern Nieuwkoop,2012,40.6530413123279,31288.125399361,0.0799552071668533,0.764171122994652,3.80056600632595,1968.23560503824,144.239401642111,84.116211899674,1143.67284219998,259.032820830054,179.805431848853
WK056901,Nieuwkoop,Kern Nieuwkoop,2013,40.8711051224156,31041.6334401465,0.0670334605883674,0.784009546539379,3.87481095614182,2194.62177306563,144.070188508862,82.9053087255897,1308.18211310532,250.971946043572,198.557056169637
WK056901,Nieuwkoop,Kern Nieuwkoop,2014,40.7489285492133,33106.3271157168,0.0674423859014912,0.819209039548023,3.83971704623879,2178.26641252553,155.568616816067,92.5009100192905,1301.0690366504,242.628956087598,178.244718629453
WK056901,Nieuwkoop,Kern Nieuwkoop,2015,41.0990312703304,34744.9261926193,0.0853038674033149,0.893964110929853,3.8239224858002,2060.75932756325,148.454038845729,84.430115427303,1192.29354162042,242.519699223085,96.8672703062583
WK056901,Nieuwkoop,Kern Nieuwkoop,2016,41.1771670031135,32845.7441473427,0.0777235772357724,0.851791530944625,3.85075360419397,2117.28508644123,160.633455474611,96.5872240948134,1216.13307817767,243.35302163749,90.5168554963576
WK056901,Nieuwkoop,Kern Nieuwkoop,2017,41.5057116790292,37150.0509374661,0.0944018731375053,0.931527093596059,3.82241323386312,2136.24186538462,164.487308760685,98.9370021367514,1197.84329380342,251.729920940171,96.6781004273504
WK056901,Nieuwkoop,Kern Nieuwkoop,2018,41.7375977075806,36517.5405695862,0.0685335298452469,0.896147403685092,3.84353421217828,2232.81311964456,171.65774357347,104.171918967524,1221.05004125674,247.079351528615,127.945511477838
WK056901,Nieuwkoop,Kern Nieuwkoop,2019,42.0724733666345,40487.3101707658,0.0728400252259828,0.872293170460855,3.84118026443083,2370.78510085542,185.262349772943,114.5827975499,1281.4460027458,248.265113528356,155.267168655613
WK056901,Nieuwkoop,Kern Nieuwkoop,2020,42.3330693721288,40221.266509434,0.0731015649616637,0.913394298009683,3.76416048550236,2293.56898448222,185.376023435025,117.459592526126,1233.07903620817,265.17015834477,155.23049403568
WK056901,Nieuwkoop,Kern Nieuwkoop,2021,42.6679108879959,39987.4778789502,0.0522490255978089,0.790139064475348,3.80196045854793,2426.13456471086,208.799362423215,130.773492904045,1378.80197203982,259.885352679518,102.534639906799
WK056901,Nieuwkoop,Kern Nieuwkoop,2022,42.9477473511491,41291.0408958131,0.0568745383560198,0.792690611216131,3.8347311297484,2488.09759764578,212.292558587481,134.702957731407,1490.01970144462,266.06935045479,
WK056901,Nieuwkoop,Kern Nieuwkoop,2023,43.1894896550048,45316.0980729896,0.0657936424120815,0.814416352877891,3.78483072916667,,,,,,
WK056901,Nieuwkoop,Kern Nieuwkoop,2024,43.7729497450731,,0.0681500591207137,0.473825647640546,,,,,,,
WK056909,Nieuwkoop,Kern Nieuwveen,2009,38.4011656997314,,0.100282123621441,0.643540669856459,3.54634721131186,1662.83747931747,113.561567106284,67.5754848719939,979.757483837602,229.977708818205,148.663125646329
WK056909,Nieuwkoop,Kern Nieuwveen,2010,38.7533077368107,,0.0537413216765235,0.616766467065868,3.5744763382467,1618.70057253886,113.911562824507,60.5250129802699,921.280337487018,232.469937694704,145.667461139896
WK056909,Nieuwkoop,Kern Nieuwveen,2011,39.3392847696108,28108.6044597823,0.150375939849624,0.8317843866171,3.66250503423278,1578.54023261892,123.328473202614,66.2399111111113,950.812520261437,225.929597385621,87.3242603240982
WK056909,Nieuwkoop,Kern Nieuwveen,2012,39.6491005465182,27734.5606060606,0.0575221238938053,0.730978260869565,3.59325477448192,1536.35643437255,127.931058422845,74.8523473932408,914.261372805869,206.841194655488,91.8384202253078
WK056909,Nieuwkoop,Kern Nieuwveen,2013,40.047395293968,27797.3917662683,0.058777633289987,0.84375,3.54712153518124,1629.72420997649,124.75,70.593557064508,1013.7557351789,190.454486811178,102.148819535127
WK056909,Nieuwkoop,Kern Nieuwveen,2014,40.3331271925805,29766.2488806953,0.0641190048730444,0.827676240208877,3.50773734838979,1751.71643335049,130.058785383427,74.7646937725165,1117.91150797736,181.477835820896,88.4251930005147
WK056909,Nieuwkoop,Kern Nieuwveen,2015,40.6595124828924,29488.6850414079,0.088339222614841,0.945303210463734,3.63064584212748,1743.2314813877,131.018126107875,74.0670574829071,979.100891364903,178.884160546974,152.139974677133
WK056909,Nieuwkoop,Kern Nieuwveen,2016,40.7162706767289,31031.1268637857,0.078629529208775,0.780516431924883,3.64285714285714,1965.30112376237,142.7393490099,85.7237450495046,1153.1348539604,199.76419059406,111.851086633663
WK056909,Nieuwkoop,Kern Nieuwveen,2017,41.1541390483435,32571.731025958,0.076661814653081,0.943396226415094,3.68448344635022,1908.89056475171,146.388670886076,88.1400681596884,1119.12817916261,217.386553067186,65.1397370983447
WK056909,Nieuwkoop,Kern Nieuwveen,2018,40.8742244834037,32255.2171890304,0.0705355036565228,0.780172413793103,3.71819960861057,1971.80208056872,149.732246445497,90.1185781990519,1130.51837440758,224.586684834123,91.6712843601896
WK056909,Nieuwkoop,Kern Nieuwveen,2019,40.7299589435217,33883.0504836046,0.0966636197440585,0.951466127401416,3.68211920529801,1977.72637135644,155.916098232728,93.8736332338761,1080.18248106495,213.538459949507,135.630821666284
WK056909,Nieuwkoop,Kern Nieuwveen,2020,40.8960799850118,35159.3714551371,0.0793220338983051,0.797235023041475,3.59753675009932,1968.07453224341,152.995790190736,93.4467143505905,1041.75416893733,226.500706176203,195.02553133515
WK056909,Nieuwkoop,Kern Nieuwveen,2021,40.8813965564532,37011.0503480278,0.081008100810081,0.822596630327057,3.56240063593005,2168.80070425725,169.178396739129,102.179116847826,1348.46355298913,209.932454710144,101.611474184783
WK056909,Nieuwkoop,Kern Nieuwveen,2022,41.0315821084147,39075.5218994929,0.0728476821192053,0.837526205450734,3.57702448210923,1995.70965097951,174.156604368385,106.231643773925,1277.65426030173,216.717923891016,
WK056909,Nieuwkoop,Kern Nieuwveen,2023,41.387128149871,42461.5415518825,0.0604162004922802,0.804245283018868,3.56333830104322,,,,,,
WK056909,Nieuwkoop,Kern Nieuwveen,2024,41.6089018738904,,0.0811307745345898,0.489772466099747,,,,,,,
WK056907,Nieuwkoop,Kern Noordeinde,2009,38.7554513871477,,0.0194174757281553,0.291139240506329,2.9906976744186,1727.5853495935,117.909788617886,65.9286178861789,938.347382113822,262.751300813008,253.043691056911
WK056907,Nieuwkoop,Kern Noordeinde,2010,39.2683475415594,,0.0432692307692308,0.772151898734177,3.27644230769231,1598.70388083736,119.337208538588,59.2166995073891,863.907077175698,320.336108374384,148.337729468599
WK056907,Nieuwkoop,Kern Noordeinde,2011,39.352030961635,27928.6398713826,0.0491283676703645,0.779069767441861,3.23333333333333,1795.46633757962,129.198708133971,65.1561562998405,1068.45505582137,328.066363636364,123.664824840764
WK056907,Nieuwkoop,Kern Noordeinde,2012,39.9716090978374,27885.9504132231,0.0717781402936378,0.851851851851852,3.1007556675063,1554.73083469722,128.871653027823,69.7141571194763,916.214844517185,243.22759410802,90.8847626841244
WK056907,Nieuwkoop,Kern Noordeinde,2013,40.4429479286855,28193.6843853821,0.0262725779967159,0.584615384615385,3.11809045226131,1562.23584158416,125.75498349835,65.7393729372938,1037.9300330033,160.436617161716,94.3139438943894
WK056907,Nieuwkoop,Kern Noordeinde,2014,40.8504984337189,30543.7334437086,0.0550161812297735,0.907216494845361,3.3218085106383,1842.63143089431,129.639382113821,67.6711869918698,1249.83738211382,175.609317073171,120.007495934959
WK056907,Nieuwkoop,Kern Noordeinde,2015,41.4911029655011,29562.5216666667,0.0548387096774194,0.703125,3.43622448979592,1872.86995137763,130.407698541329,68.3722204213938,1244.58017828201,175.648168557537,121.417828200972
WK056907,Nieuwkoop,Kern Noordeinde,2016,42.270901795294,32172.8207236842,0.0512820512820513,0.94047619047619,3.34375,1999.68805778491,143.823531300161,82.2140609951847,1335.96993579454,203.171364365971,62.5077367576244
WK056907,Nieuwkoop,Kern Noordeinde,2017,42.7004456049333,32692.0885245902,0.0405186385737439,0.694117647058824,3.43932038834951,1863.25286644951,155.210211726384,90.9835504885995,1199.82931596091,198.088306188925,80.1157003257329
WK056907,Nieuwkoop,Kern Noordeinde,2018,43.8298617879029,32629.7960848287,0.0566343042071197,1.02127659574468,3.6144578313253,2294.80738211382,162.932048780488,96.3294959349593,1503.97133333333,264.211333333333,82.7218861788618
WK056907,Nieuwkoop,Kern Noordeinde,2019,44.2278056721172,35192.9402985075,0.0376432078559738,0.630252100840336,3.49881796690307,2373.86697865353,172.80183908046,103.707027914614,1500.52126436782,290.331395730706,107.82960591133
WK056907,Nieuwkoop,Kern Noordeinde,2020,42.6842160466285,36582.3378787879,0.165446559297218,0.961722488038278,3.61085972850679,2364.07351032448,178.197227138643,112.100796460177,1403.07809734513,281.479483775811,115.454144542773
WK056907,Nieuwkoop,Kern Noordeinde,2021,42.4075030422963,38883.2997076023,0.0760401721664275,0.900709219858156,3.46436285097192,1935.55764109986,197.30018813314,122.643096960926,1087.38767004342,242.178639652677,47.3597684515195
WK056907,Nieuwkoop,Kern Noordeinde,2022,42.8875389874491,40861.9089574156,0.0589080459770115,0.776119402985075,3.40948275862069,1743.34481910275,196.759421128799,123.253111432706,1050.47525325615,233.821808972504,
WK056907,Nieuwkoop,Kern Noordeinde,2023,43.1444690939638,43307.8901903368,0.0461760461760462,0.894230769230769,3.52307692307692,,,,,,
WK056907,Nieuwkoop,Kern Noordeinde,2024,44.1363767542241,,0.0625909752547307,0.503639010189229,,,,,,,
WK056903,Nieuwkoop,Kern Noorden,2009,41.0426901639915,,0.0566157760814249,0.393939393939394,3.42220200181984,1673.39867222579,120.072559332905,68.6870365618986,1019.57729955099,255.684413085311,77.2678704297627
WK056903,Nieuwkoop,Kern Noorden,2010,41.2868085209675,,0.0752212389380531,0.6,3.52285191956124,1758.00760051053,119.900749039693,59.3287259923176,1124.89291933419,251.382932138284,51.1634014039566
WK056903,Nieuwkoop,Kern Noorden,2011,41.6725185508898,29698.5410691004,0.0649100257069409,0.74113475177305,3.5080875356803,1791.38634478289,135.516908619572,70.8396694750486,1067.75119248218,244.801535968892,149.968127025275
WK056903,Nieuwkoop,Kern Noorden,2012,41.9261082731431,30117.933029909,0.0561224489795918,0.643122676579926,3.57749259624877,1794.86867864015,130.896570327553,70.9544251766218,1158.49734104046,210.111997430957,93.5822193713919
WK056903,Nieuwkoop,Kern Noorden,2013,42.2236365865409,30556.3842739379,0.0841645885286783,0.742603550295858,3.58100558659218,2000.38749216301,136.072551724138,74.9552100313479,1305.74480250784,218.738639498432,122.035210031348
WK056903,Nieuwkoop,Kern Noorden,2014,42.5168986646517,32559.8705216845,0.0714285714285714,0.780327868852459,3.51035781544256,2053.31058859975,138.839882280049,75.4394175960346,1283.68125154895,199.538345724907,191.38209417596
WK056903,Nieuwkoop,Kern Noorden,2015,43.4211917620377,30687.156466877,0.0449438202247191,0.615916955017301,3.77903682719547,2112.34898368883,143.892678795483,78.7652572145544,1173.14784818068,219.870037641154,125.717409033877
WK056903,Nieuwkoop,Kern Noorden,2016,43.8165308730163,33668.7691326531,0.0692451653150343,0.820433436532508,3.7889400921659,2211.67946081505,153.467084639499,88.6254106583073,1306.36444514107,225.36288401254,53.928789968652
WK056903,Nieuwkoop,Kern Noorden,2017,43.8828365795593,34676.5239005736,0.0724547158026234,0.813056379821958,3.68940092165899,2318.71040075141,156.559110832812,90.0075391358797,1390.69471509079,230.179110832811,113.960582341891
WK056903,Nieuwkoop,Kern Noorden,2018,44.0452127301098,35239.0371302706,0.0830769230769231,0.759103641456583,3.68042142230026,2439.41317088217,165.436440468847,97.4181924737815,1276.01312152992,221.227297964219,247.337988895743
WK056903,Nieuwkoop,Kern Noorden,2019,44.3099032551193,39750.192915876,0.0470588235294118,0.883211678832117,3.53712190650779,2220.88333333333,171.721337064677,101.085006218905,1281.15462064677,212.191063432836,116.518339552239
WK056903,Nieuwkoop,Kern Noorden,2020,43.569862263824,39185.0759036145,0.116578793204452,0.831932773109244,3.54128440366972,2182.80448438421,163.976263995286,96.6187860931057,1236.99179139658,213.087100766058,190.606222746022
WK056903,Nieuwkoop,Kern Noorden,2021,43.4116487297091,41020.2815076561,0.0725806451612903,0.898773006134969,3.45905923344948,2202.56083236994,184.877468208092,108.621971098266,1358.12243930636,191.576439306358,96.6711040462428
WK056903,Nieuwkoop,Kern Noorden,2022,43.122606991659,46879.3882825962,0.0590219224283305,0.828985507246377,3.59377700950735,2277.34267645398,190.401891586674,114.468819875776,1484.82560135517,206.511247882552,
WK056903,Nieuwkoop,Kern Noorden,2023,43.7333986481935,49754.6276657061,0.0466173962478681,0.750889679715303,3.53859202714165,,,,,,
WK056903,Nieuwkoop,Kern Noorden,2024,44.1696057471416,,0.0788262370540852,0.506329113924051,,,,,,,
WK056913,Nieuwkoop,Kern Papenveer,2009,39.2135587902683,,0.0536912751677852,0.403669724770642,3.4384236453202,2342.93240709459,134.436815878378,82.7749746621623,1117.6113597973,295.379932432433,597.559172297297
WK056913,Nieuwkoop,Kern Papenveer,2010,39.6631305826029,,0.0290598290598291,0.404907975460123,3.45145631067961,2156.58822413793,131.466456896552,70.6958189655172,1069.19751724138,310.340215517241,422.885120689655
WK056913,Nieuwkoop,Kern Papenveer,2011,40.1070904940215,32420.1412280702,0.0485933503836317,0.509433962264151,3.64165588615783,1804.18647109577,145.34063848145,80.4996548748922,933.550940465918,299.990431406385,200.916850733391
WK056913,Nieuwkoop,Kern Papenveer,2012,40.5137752577767,33788.6897147796,0.0566356720202874,0.91566265060241,3.50856389986825,1802.70581554227,149.234790777114,89.0760717335611,1153.22145175064,228.515405636208,71.9187532023911
WK056913,Nieuwkoop,Kern Papenveer,2013,41.0934106023121,32433.6709621993,0.059915611814346,0.945652173913043,3.67571059431525,2066.734286927,146.82753820034,86.0242444821732,1410.53719864177,206.805874363328,91.3284634974533
WK056913,Nieuwkoop,Kern Papenveer,2014,41.4888187324892,37331.4621478873,0.0552677029360967,0.765957446808511,3.62534818941504,1774.9067593397,162.163570807993,99.3789400521285,1089.19364031277,170.022302345786,156.698566463944
WK056913,Nieuwkoop,Kern Papenveer,2015,42.1004910147794,35200.818657367,0.0714285714285714,0.756521739130435,3.52885906040268,1676.5039254766,145.954714038128,81.9760225303293,932.18951473137,218.115667244367,94.4722443674177
WK056913,Nieuwkoop,Kern Papenveer,2016,42.0852890706577,36850.1637323944,0.0728813559322034,0.704081632653061,3.5832223701731,1803.69025862069,155.185560344828,91.4748189655172,1051.34979310345,162.502439655172,125.11675862069
WK056913,Nieuwkoop,Kern Papenveer,2017,42.0559012793989,37503.2221238938,0.0757446808510638,0.796666666666667,3.67083333333333,1916.65269031142,161.461288927336,96.7732439446367,1124.07971453287,164.0776816609,58.8211937716263
WK056913,Nieuwkoop,Kern Papenveer,2018,42.3469992944433,38118.4498692241,0.0748936170212766,0.794007490636704,3.48601864181092,1982.25668380463,163.0711739503,96.6753470437018,1284.66925449872,158.213016281062,52.9852870608398
WK056913,Nieuwkoop,Kern Papenveer,2019,42.4411089683244,45659.4194107452,0.0692821368948247,0.784090909090909,3.5862977602108,2420.35080876158,180.899300758214,112.12049705139,1396.78735467565,309.28899747262,133.343723673126
WK056913,Nieuwkoop,Kern Papenveer,2020,42.8905554212397,43329.9476439791,0.0638297872340425,0.783132530120482,3.50647482014388,2123.54892703863,166.746188841202,99.3921888412018,1300.39512446352,166.761115879828,123.170300429185
WK056913,Nieuwkoop,Kern Papenveer,2021,43.428655589264,43386.7893356643,0.0730050933786078,0.782287822878229,3.54329608938547,2083.96237360755,189.456812339331,115.354532990574,1289.623479006,193.577172236504,119.25500428449
WK056913,Nieuwkoop,Kern Papenveer,2022,42.9273351335807,43524.0484848485,0.0882838283828383,0.875444839857651,3.53619302949062,1746.69211814346,192.224970464135,116.035156118144,1054.32673417722,198.921046413502,
WK056913,Nieuwkoop,Kern Papenveer,2023,42.6057495485574,49711.5907563025,0.0902497985495568,0.818505338078292,3.6245110821382,,,,,,
WK056913,Nieuwkoop,Kern Papenveer,2024,43.5151298063727,,0.0975,0.486666666666667,,,,,,,
WK056908,Nieuwkoop,Kern Vrouwenakker,2009,46.0285664470894,,0.0666666666666667,0.409090909090909,4.02702702702703,1602.10865546218,106.390756302521,54.896218487395,639.550420168068,511.932857142857,
WK056908,Nieuwkoop,Kern Vrouwenakker,2010,46.9042914888839,,0.0833333333333333,0.619047619047619,3.54761904761905,1810.5265,116.837881355932,53.7803389830508,983.457881355932,511.08686440678,
WK056908,Nieuwkoop,Kern Vrouwenakker,2011,46.4388100982532,32965.3448275862,0.00854700854700855,0.6,4.27397260273973,2050.93205128205,121.814017094017,55.4905982905983,779.799572649572,636.626239316239,258.837521367521
WK056908,Nieuwkoop,Kern Vrouwenakker,2012,47.1640441525064,32886.6525423729,0.0583333333333333,0.448275862068966,4.26666666666667,2270.56141666667,123.794416666667,60.9525833333333,1112.0665,668.1775,76.3395833333333
WK056908,Nieuwkoop,Kern Vrouwenakker,2013,46.017455523118,31537.5964912281,0.0583333333333333,0.46875,4.07792207792208,3724.93361344538,137.605378151261,75.6933613445378,2595.86176470588,395.17537815126,30.1836974789916
WK056908,Nieuwkoop,Kern Vrouwenakker,2014,46.6462621134644,37110.5833333333,0.0163934426229508,0.45,3.97590361445783,2268.45975409836,142.605655737705,76.3930327868852,1362.26696721311,334.958114754098,124.66631147541
WK056908,Nieuwkoop,Kern Vrouwenakker,2015,47.5882196606244,35591.4916666667,0.0413223140495868,0.421052631578947,4.475,4530.58900826446,154.445950413223,86.9171900826446,2594.93785123967,480.630330578512,6.41603305785124
WK056908,Nieuwkoop,Kern Vrouwenakker,2016,46.2520082686982,36018.0846153846,0.0461538461538462,0.388888888888889,4.33707865168539,2621.69007692308,173.645923076923,107.092,1322.75492307692,471.071153846154,35.0517692307692
WK056908,Nieuwkoop,Kern Vrouwenakker,2017,45.7632759338274,36150.7419354839,0.024,0.388888888888889,4.10588235294118,3329.53664,155.75824,88.1722399999999,1715.07488,609.59272,5.7036
WK056908,Nieuwkoop,Kern Vrouwenakker,2018,46.3333562691819,38082.296,0.032,1.28571428571429,4.53012048192771,3752.87688,176.7804,107.746,2303.38008,515.92496,72.6372
WK056908,Nieuwkoop,Kern Vrouwenakker,2019,46.4626335838944,38994.768,0.0236220472440945,0.466666666666667,3.73563218390805,1772.17118110236,176.187007874016,104.717795275591,903.652283464567,276.210236220472,9.8359842519685
WK056908,Nieuwkoop,Kern Vrouwenakker,2020,46.2971446245049,39781.626984127,0.00775193798449612,0.555555555555556,3.63953488372093,1807.38775193798,169.834496124031,104.247209302326,845.59976744186,274.949224806202,40.8999224806202
WK056908,Nieuwkoop,Kern Vrouwenakker,2021,46.6193859104689,44376.5873015873,0.0393700787401575,1.08333333333333,3.67469879518072,1847.84503937008,197.161496062992,122.867086614173,1000.26236220472,276.603149606299,11.6156692913386
WK056908,Nieuwkoop,Kern Vrouwenakker,2022,46.919886910006,43495.625,0.0538461538461538,1.25,4.0,2179.07215384615,191.818538461538,109.300307692308,1368.63407692308,306.104692307692,
WK056908,Nieuwkoop,Kern Vrouwenakker,2023,46.6129740366075,45290.8333333333,0.0310077519379845,0.6875,4.17721518987342,,,,,,
WK056908,Nieuwkoop,Kern Vrouwenakker,2024,46.3542091133659,,0.0757575757575758,0.484848484848485,,,,,,,
WK056906,Nieuwkoop,Kern Zevenhoven,2009,38.892128048824,,0.0627208480565371,0.482598607888631,3.30509554140127,1768.22094540612,116.923992007105,64.9681172291296,993.848632326818,259.392060390764,186.02522858411
WK056906,Nieuwkoop,Kern Zevenhoven,2010,39.1749845436424,,0.0623093681917211,0.542682926829268,3.4003807106599,1826.64290534619,121.80319841619,62.3509634843819,1062.05671799384,240.877677078751,193.746121822962
WK056906,Nieuwkoop,Kern Zevenhoven,2011,39.3672469262903,31165.128330373,0.0831168831168831,0.716417910447761,3.5035143769968,1823.05997390169,138.025750326229,74.337781644193,1029.02373205742,233.788947368421,204.207990430622
WK056906,Nieuwkoop,Kern Zevenhoven,2012,40.2226015411813,29924.2926287744,0.0563564875491481,0.722222222222222,3.41233140655106,1779.07398681319,131.747604395604,72.5831076923075,1113.39994725275,199.834171428572,123.783942857143
WK056906,Nieuwkoop,Kern Zevenhoven,2013,40.5047115386286,30263.1301671064,0.0636285468615649,0.794050343249428,3.39255388634879,2075.94345289542,135.066106309421,75.0261581676753,1274.30679775281,192.949602420052,194.166611927398
WK056906,Nieuwkoop,Kern Zevenhoven,2014,40.7181483732985,31835.2398956975,0.0670912951167728,0.828125,3.35,1982.86836247335,137.009385927505,75.0693347547972,1289.61211940298,193.875931769723,106.841727078891
WK056906,Nieuwkoop,Kern Zevenhoven,2015,41.0524700537715,31908.3575443147,0.0645297342893294,0.835095137420719,3.50200803212851,1949.16579974545,133.356431904964,70.4731098854474,1189.39649554518,184.3538268986,79.3428977513788
WK056906,Nieuwkoop,Kern Zevenhoven,2016,41.251641877486,33589.5620437956,0.0793319415448852,0.789115646258503,3.47625243981783,1904.2785138539,144.791100377993,82.1797312053759,1169.94856782864,181.846661066779,101.208463476071
WK056906,Nieuwkoop,Kern Zevenhoven,2017,41.4404770587548,35046.5936698033,0.0691378592253228,0.840659340659341,3.57808398950131,2046.58766499583,158.670112781955,94.4361946532998,1372.80109857978,207.690868838764,44.9883918128655
WK056906,Nieuwkoop,Kern Zevenhoven,2018,41.9111508535831,35531.1333049404,0.0599250936329588,0.748344370860927,3.5360561582642,1915.35982448809,163.828487254493,98.3642958629335,1096.86098620978,221.011312160468,57.8029126619306
WK056906,Nieuwkoop,Kern Zevenhoven,2019,42.2325119778025,38894.4719965797,0.0621092121717382,0.769230769230769,3.56756756756757,2087.67122124633,173.207114178168,104.563964868256,1186.04894604768,232.114654956086,59.7579088247595
WK056906,Nieuwkoop,Kern Zevenhoven,2020,42.5508625084213,37940.657557643,0.0770833333333333,0.871794871794872,3.50762094102054,1941.71100125681,170.022245496439,103.954918307499,1087.39846669459,221.933414327608,162.575278592375
WK056906,Nieuwkoop,Kern Zevenhoven,2021,42.8133146414382,39336.7886728656,0.0639800581636892,0.841991341991342,3.50288646568313,1957.19767916666,187.2589,112.071866666667,1167.08259583333,225.552895833333,96.5423
WK056906,Nieuwkoop,Kern Zevenhoven,2022,43.2062542199013,41537.3648989899,0.0412201154163232,0.695652173913043,3.66708621774701,2139.40489432242,195.770820555325,121.193228346457,1335.78834231247,259.462987981765,
WK056906,Nieuwkoop,Kern Zevenhoven,2023,43.5408654067223,43655.8001679261,0.0574476815757078,0.962222222222222,3.65850673194614,,,,,,
WK056906,Nieuwkoop,Kern Zevenhoven,2024,44.09436901549,,0.0684188569044639,0.504380475594493,,,,,,,
WK048496,Alphen aan den Rijn,Koudekerk aan den Rijn,2009,42.2780988902724,,0.0643153526970954,0.475910693301998,3.93426930440332,1980.37218721038,131.573450753186,80.0322757821557,1222.9032815759,303.292095017382,79.9126158480074
WK048496,Alphen aan den Rijn,Koudekerk aan den Rijn,2010,42.7893818097992,,0.0501282350198181,0.550824175824176,4.05013020833333,1953.6510660731,135.531215130023,73.595404255319,1070.37245626478,299.436300236407,217.028582474227
WK048496,Alphen aan den Rijn,Koudekerk aan den Rijn,2011,42.9520999105166,30333.8576182553,0.0715784565166706,0.699519230769231,4.1273631840796,1984.99516959065,145.494340196536,80.8437739822183,1060.13517080019,290.245437529246,249.378411695907
WK048496,Alphen aan den Rijn,Koudekerk aan den Rijn,2012,43.7551719629851,30234.7458432304,0.0617370892018779,0.740987983978638,4.08702900966989,1932.12032948929,145.762996466432,84.4700753828038,1171.62566548881,263.28581861013,120.507248764415
WK048496,Alphen aan den Rijn,Koudekerk aan den Rijn,2013,44.2231131622894,30705.1356551388,1.03186391950168,1.27096310493531,4.09880868955851,2256.0471493756,144.231399038462,82.4999615384622,1370.92396875,251.015579326923,193.567101344861
WK048496,Alphen aan den Rijn,Koudekerk aan den Rijn,2014,44.3542149726118,31771.2449126167,0.0739519547809703,0.709256844850065,4.15309672929715,2068.12074432892,151.774306310565,87.7211203025297,1261.35600567242,229.160389978729,158.544990548204
WK048496,Alphen aan den Rijn,Koudekerk aan den Rijn,2015,44.650369446428,31765.8305369128,0.0864954041951449,0.729452054794521,4.22482517482517,2183.55121068811,161.736473509934,95.8527152317874,1218.27832781457,260.121563386944,91.3303759754079
WK048496,Alphen aan den Rijn,Koudekerk aan den Rijn,2016,44.9597332090076,32856.2744388125,0.0836899667142178,0.887941534713764,4.17013032758013,2261.6099142653,163.19352632833,97.057984274481,1243.15285441982,233.467765070288,111.030088116218
WK048496,Alphen aan den Rijn,Koudekerk aan den Rijn,2017,45.1058642592864,34009.8302972196,0.0777251184834123,0.844121532364597,4.26588983050847,2434.96351056254,177.938537859008,110.2811203418,1335.41593876098,259.422473296938,108.256976026584
WK048496,Alphen aan den Rijn,Koudekerk aan den Rijn,2018,45.3582251683408,34480.4992725509,0.0761336515513126,0.777915632754342,4.26728110599078,2419.42395883198,176.287273815223,106.775730014361,1342.01855193873,263.544025849689,127.981498324557
WK048496,Alphen aan den Rijn,Koudekerk aan den Rijn,2019,45.6052112852878,36308.099637243,0.0738622825827972,0.848563968668407,4.17408192090396,2457.82936648338,188.616641166627,116.151792971551,1372.42966292135,256.774623475975,121.569325842697
WK048496,Alphen aan den Rijn,Koudekerk aan den Rijn,2020,45.742854895501,36754.51496139,0.079686013320647,0.986357435197817,4.05144927536232,2571.61897252091,183.819118279571,114.16517562724,1461.93433213859,261.048401433692,168.970356033453
WK048496,Alphen aan den Rijn,Koudekerk aan den Rijn,2021,45.4667445467973,37881.3545498548,0.0651085141903172,0.760928961748634,4.16404822798685,2558.61875389408,199.94805415768,121.079115744069,1506.58928828181,268.203994728013,78.7191349149293
WK048496,Alphen aan den Rijn,Koudekerk aan den Rijn,2022,45.3352146927589,41223.3990803485,0.0770142180094787,0.91741935483871,4.2027027027027,2654.56584293949,209.231248799232,130.476570605187,1597.0863184438,333.698883285303,
WK048496,Alphen aan den Rijn,Koudekerk aan den Rijn,2023,45.2175525520031,43596.5160116448,0.0665873959571938,0.860284605433376,4.05472103004292,,,,,,
WK048496,Alphen aan den Rijn,Koudekerk aan den Rijn,2024,45.5238354341363,,0.0867359265523073,0.475477168398164,,,,,,,
WK048406,Alphen aan den Rijn,Lage Zijde,2009,38.0859525490783,,0.110160553146607,0.718557190317988,3.64835520985254,1871.61513443089,128.489243160014,77.4171882032451,1000.98660547199,289.047313751036,254.567579059576
WK048406,Alphen aan den Rijn,Lage Zijde,2010,38.2960037249564,,0.105312980712342,0.87895256916996,3.68164794007491,1941.2804452668,132.502395058767,73.2328544015349,1065.19452866395,279.3605157112,239.110958577056
WK048406,Alphen aan den Rijn,Lage Zijde,2011,38.7150669018466,29003.462690292,0.100659077291791,0.958074534161491,3.69125449255519,1965.59551503441,145.655974637682,82.5603079710148,1058.80600724638,268.381869565217,276.359153483879
WK048406,Alphen aan den Rijn,Lage Zijde,2012,39.0284397167784,29352.8934333959,0.104946443615357,1.03633648581384,3.66851595006935,1851.22170619554,146.985006054734,88.3715439573743,993.048939210462,226.530265197384,284.712078896418
WK048406,Alphen aan den Rijn,Lage Zijde,2013,39.1760546700265,28994.3169337806,0.0995583144323744,1.05218317358892,3.72354707648825,2141.43693791947,146.469060177415,86.7435147446659,1156.95640973388,224.213501558379,387.793267018217
WK048406,Alphen aan den Rijn,Lage Zijde,2014,39.3672798368137,29925.8196054254,0.0990734141126158,1.05678884873516,3.73159643294282,1954.16727044776,156.774128254121,95.0612670169564,1106.80172557917,221.712984236923,242.587816119403
WK048406,Alphen aan den Rijn,Lage Zijde,2015,39.5267738322841,30072.2053516632,0.103968631178707,1.11174636174636,3.77383277116989,1897.93230218403,156.330574191237,93.6068353825956,1018.84530500179,222.768285782499,145.324044635398
WK048406,Alphen aan den Rijn,Lage Zijde,2016,39.9941797274692,32123.4524262607,0.15487790897627,1.17778681855167,3.75737817433082,1898.37370796869,163.793847748474,101.056496602557,1031.36305309225,216.653708395717,153.499029249194
WK048406,Alphen aan den Rijn,Lage Zijde,2017,40.2381787262524,33042.2582198215,0.129694769091115,1.20446096654275,3.77389395474502,2016.45073723792,168.778499316319,104.656523473108,1114.88073609845,218.840929808568,140.739369872379
WK048406,Alphen aan den Rijn,Lage Zijde,2018,40.8317997061503,33432.3349798966,0.12909333927378,1.08455068614431,3.80731225296443,2180.24053875448,174.180877016129,107.917012768818,1211.68381608423,222.803667114695,198.766024865591
WK048406,Alphen aan den Rijn,Lage Zijde,2019,40.9035484551414,35413.3569168174,0.111099008822568,1.10828025477707,3.85157149909495,2304.29616480385,185.039821389435,116.691036598729,1299.83336511067,231.668897655052,206.129088319088
WK048406,Alphen aan den Rijn,Lage Zijde,2020,40.8655010906993,36445.3087292818,0.110944367027549,1.08395176252319,3.72563053851397,2189.04611332544,180.561188193473,113.183992243887,1214.4712118927,228.776047613918,209.540675428202
WK048406,Alphen aan den Rijn,Lage Zijde,2021,41.0313669548364,37962.1534724522,0.0843502461999572,1.05260389268806,3.73463920977733,2332.05440258343,199.196139935412,125.276217438105,1370.21762755651,235.338775026911,132.717129171152
WK048406,Alphen aan den Rijn,Lage Zijde,2022,41.1909382470787,40459.8088815789,0.0821439898509356,1.05796316359697,3.81144172283413,2220.0565771453,207.62398994222,132.765752193452,1371.25029745346,249.813550181895,
WK048406,Alphen aan den Rijn,Lage Zijde,2023,41.6617649649358,43112.6001730852,0.100167820432138,1.07001448575567,3.73974379763256,,,,,,
WK048406,Alphen aan den Rijn,Lage Zijde,2024,42.4028793323264,,0.0946277902381715,0.558427686391797,,,,,,,
WK054603,Leiden,Leiden-Noord,2009,36.790192832314,,0.177230399519375,0.808074402874656,3.93252747252747,2020.46525225295,129.773275556582,78.0299214236189,1058.29786611201,308.333820198751,293.217744743126
WK054603,Leiden,Leiden-Noord,2010,36.6356926918073,,0.151775784088381,0.945057369814651,3.92992403979887,2222.58110325427,129.42075091575,70.714693986569,1104.01244581807,315.930026709401,437.578848844281
WK054603,Leiden,Leiden-Noord,2011,36.4276511923635,21140.5213381272,0.139085545722714,0.973882248782647,3.97779751332149,2061.25388134058,145.114392509251,82.3720637317823,1038.51162047874,305.982265347732,345.556592693237
WK054603,Leiden,Leiden-Noord,2012,36.3617366950456,21369.6136451339,0.1456,1.01872501577951,3.89012455516014,1954.70874703265,140.253218314039,82.1334461264471,1106.88659097655,249.519315820718,237.795574183976
WK054603,Leiden,Leiden-Noord,2013,36.2451774468216,21959.4912267658,0.153689674523008,1.05134917438582,3.8577213527416,2099.41083303564,142.164472555746,83.2260198684961,1147.7265658948,232.365789022298,304.433446452811
WK054603,Leiden,Leiden-Noord,2014,36.1431163841689,22851.9543046358,0.139322736696614,1.04941801102716,3.87740045567972,2125.835822241,152.715717405086,92.0222913291536,1164.34899767556,241.048705360288,308.793205155292
WK054603,Leiden,Leiden-Noord,2015,36.2579991882361,23587.5685202503,0.144215100488865,1.06947241240435,3.87475749083854,2081.94441480148,150.334673875372,88.8653621681571,1014.68723712483,244.515958965828,221.222308918301
WK054603,Leiden,Leiden-Noord,2016,35.8953394782038,24852.2707167047,0.180288617097004,1.16493939926225,3.83039306716187,2230.44142516871,155.173434356803,93.9381200370568,1099.83031233457,262.867768660668,261.086664020114
WK054603,Leiden,Leiden-Noord,2017,35.8502764877044,25409.1000736821,0.140046368820102,1.11430763329498,3.8395694515633,2225.85518741976,158.463168164315,96.0892830551981,1151.45396148909,247.853584724006,219.628022464698
WK054603,Leiden,Leiden-Noord,2018,36.0736237470157,26018.0326259947,0.11128526645768,1.03598484848485,3.78189637517919,2251.94961284109,167.048426966293,99.1707492776889,1188.35591203852,223.194934189406,226.741868378812
WK054603,Leiden,Leiden-Noord,2019,36.4146017481781,27888.353149186,0.114138623807132,1.06202723146747,3.78686493184634,2446.96040208441,174.683615542974,104.813109238292,1268.67587622233,249.727919454452,282.821303396809
WK054603,Leiden,Leiden-Noord,2020,36.7571141147,29396.02524193,0.125288980220909,1.08236865538736,3.78226071702664,2387.38544757034,175.190655780708,108.773652042757,1183.12499967211,246.579817692963,319.207806413535
WK054603,Leiden,Leiden-Noord,2021,36.878740186546,30974.9198074837,0.135369217938025,1.12979851537646,3.74228041462084,2368.61022527831,192.572457760315,116.768467583497,1243.00110740013,254.331976424361,209.918854616896
WK054603,Leiden,Leiden-Noord,2022,37.1488772539366,32897.9811078007,0.117178977090419,1.10468125147024,3.81495045239121,2281.98793788656,196.529832214766,120.223005658639,1322.53469930254,281.274805237531,
WK054603,Leiden,Leiden-Noord,2023,37.2865500197518,35788.8487491548,0.114192600166145,1.08900999091735,3.73185248166649,,,,,,
WK054603,Leiden,Leiden-Noord,2024,37.8474023678801,,0.11783397325566,0.663312591023434,,,,,,,
WK191605,Leidschendam-Voorburg,Leidschendam - Zuid en omgeving,2009,42.9244437989013,,0.101620834092151,0.659727782225781,4.19886922320551,2392.26949581395,121.327749860413,69.6383900986414,1276.24551461009,345.742410199144,425.117553488372
WK191605,Leidschendam-Voorburg,Leidschendam - Zuid en omgeving,2010,43.1368474507378,,0.103109959274343,0.886443661971831,4.3248502994012,2390.72668115668,117.476913439635,55.8503948367503,1416.48948177676,392.409963933181,225.522954072954
WK191605,Leidschendam-Voorburg,Leidschendam - Zuid en omgeving,2011,43.5677448596046,26276.3196926033,0.0860194902548726,0.846989141164857,4.36220871327254,2372.41746095238,129.337106115451,63.1464107449037,1302.12154886645,376.618197751953,306.43772
WK191605,Leidschendam-Voorburg,Leidschendam - Zuid en omgeving,2012,44.2251279781537,26666.7179684494,0.0820503191888847,0.864042933810376,4.31783952220203,2447.13200722983,125.467090632141,64.0450723533893,1558.69952018279,329.23512757045,184.030696347032
WK191605,Leidschendam-Voorburg,Leidschendam - Zuid en omgeving,2013,44.4114442673997,26804.1887398451,0.0935650887573965,0.965169569202566,4.26151866151866,2420.1589067765,129.207048136356,66.808409814572,1492.35451208091,299.320247237311,192.207860351928
WK191605,Leidschendam-Voorburg,Leidschendam - Zuid en omgeving,2014,44.4195172049874,28492.0868701463,0.131995776135164,1.05,4.26482998262596,2489.61605380367,138.411193870278,74.0039041339989,1435.68090342124,287.302567712046,314.021175841796
WK191605,Leidschendam-Voorburg,Leidschendam - Zuid en omgeving,2015,44.2220998771331,27848.94125,0.0960305078869821,0.951010886469673,4.29325870041373,2745.5791226531,140.320813279466,75.2997084138414,1578.65778851221,298.697872826278,226.628487453939
WK191605,Leidschendam-Voorburg,Leidschendam - Zuid en omgeving,2016,43.9313779450438,28987.813502556,0.104344851180294,1.06299840510367,4.37916063675832,2658.98879202772,150.94408113731,86.032947295423,1517.42927011096,279.150546116506,199.947062391681
WK191605,Leidschendam-Voorburg,Leidschendam - Zuid en omgeving,2017,43.5598834016605,30154.9314147855,0.105254350736278,1.04337899543379,4.36944045911047,2715.85963239031,151.567834999153,85.9189327460614,1629.34252414026,271.16742673217,183.509261392512
WK191605,Leidschendam-Voorburg,Leidschendam - Zuid en omgeving,2018,43.7771467531178,30467.3327580255,0.0908175256001343,0.964314679643147,4.42347661785546,3041.65798773215,166.498130857045,98.8136513886518,1723.93810189129,286.21605554609,275.069333787698
WK191605,Leidschendam-Voorburg,Leidschendam - Zuid en omgeving,2019,43.5123365449178,31581.8867892694,0.103329506314581,1.05149884704074,4.36993282372018,3051.3482325504,181.516593369982,111.294466100283,1662.93917374646,368.700841246044,266.887696151924
WK191605,Leidschendam-Voorburg,Leidschendam - Zuid en omgeving,2020,43.2448839706795,32881.3261809714,0.0992861778066191,1.01256873527101,4.26650831353919,2727.88808566722,183.330159802306,113.079528830313,1511.19693245469,288.774212520592,245.948724876442
WK191605,Leidschendam-Voorburg,Leidschendam - Zuid en omgeving,2021,43.0699836781586,34797.7460162602,0.109798361688721,0.994974874371859,4.27078600636075,2922.48900669645,198.720086096939,122.730868941327,1813.96157844387,292.14564572704,127.216591198979
WK191605,Leidschendam-Voorburg,Leidschendam - Zuid en omgeving,2022,42.9520277836355,36713.3586395874,0.117987804878049,1.02139037433155,4.35858014921999,2679.55778710597,203.030541739268,126.628685252653,1674.05734832884,290.504837636623,
WK191605,Leidschendam-Voorburg,Leidschendam - Zuid en omgeving,2023,42.8481123975196,39494.9146455224,0.091413989792855,0.96011396011396,4.21093925128895,,,,,,
WK191605,Leidschendam-Voorburg,Leidschendam - Zuid en omgeving,2024,43.075336197444,,0.0744306892862601,0.507184347294405,,,,,,,
WK055301,Lisse,Lisse Noord,2009,39.2469572371453,,0.0730877348720225,0.522167487684729,3.46631785480706,1622.16684931506,117.232678813433,66.1831892787234,842.504159012199,284.447485318477,163.764013247027
WK055301,Lisse,Lisse Noord,2010,39.1518541950976,,0.0818721719457014,0.592952612393682,3.55911435941531,1758.78869184376,116.053572865766,59.6726286289166,890.179302960621,292.739265593561,234.059338024124
WK055301,Lisse,Lisse Noord,2011,39.536451399235,26384.3020989505,0.0841322077550436,0.656578134651019,3.68594858156028,1720.63392088927,131.253041155235,70.4079826714801,906.7464433213,302.443597111914,176.66359462971
WK055301,Lisse,Lisse Noord,2012,40.0615223152983,26671.5925646063,0.0641100702576112,0.666204986149584,3.63628055745945,1740.4835161433,130.990884955752,73.6380309734517,944.051091445427,254.799833333333,189.441677723721
WK055301,Lisse,Lisse Noord,2013,40.7663021872872,26918.4974813006,0.0661181750186986,0.742007434944238,3.68079684966412,1963.06579098176,132.771152511691,73.8821375773116,1173.50798461307,233.971641273194,156.540897300558
WK055301,Lisse,Lisse Noord,2014,41.1765213095032,28139.4961679951,0.0744011976047904,0.810117302052786,3.77049565421658,2132.87679704017,148.133891573543,86.4635971005739,1291.38165055874,253.669639081849,153.382529447297
WK055301,Lisse,Lisse Noord,2015,41.4064263575276,28239.4189927184,0.0842621489077129,0.838885112168593,3.78601398601399,2144.75643349311,152.371373576992,89.4347288795688,1147.29722288796,267.765038945477,135.394294487717
WK055301,Lisse,Lisse Noord,2016,41.5120197747065,29885.1891850724,0.0885625278148643,0.908605737158105,3.80780711825488,2230.60327707245,158.200147871547,95.4289574309184,1232.39841822255,258.239911874533,188.398518297237
WK055301,Lisse,Lisse Noord,2017,41.7931740401073,30976.5724980901,0.0876250186595014,0.845758354755784,3.87178287318671,2146.16821090581,159.47146011717,95.0108862851134,1177.50033498573,255.190797656602,143.985308697611
WK055301,Lisse,Lisse Noord,2018,42.0081601954151,31212.2954685573,0.0756732360463367,0.910906298003072,3.89017074296262,2409.49711191881,171.169954566106,104.792582159624,1416.15889747085,250.761621990004,164.483917916099
WK055301,Lisse,Lisse Noord,2019,42.6866589211557,33012.8865963625,0.0894964888689676,0.973032069970845,3.87237963602856,2353.39957869396,176.995832079447,107.497703882035,1256.82766476076,281.973072524828,175.907765573277
WK055301,Lisse,Lisse Noord,2020,42.8034040142945,34587.5876382366,0.0905459387483356,0.94006734006734,3.81104998804114,2288.92793525287,181.592210950322,114.459052662986,1192.43602715202,288.354411457557,207.949853796807
WK055301,Lisse,Lisse Noord,2021,43.1899029704468,35950.407646246,0.0597981623738515,0.9953095684803,3.84515508535706,2508.8258088571,202.67962410592,126.927310911581,1452.59903515446,260.005711459442,123.747963780247
WK055301,Lisse,Lisse Noord,2022,42.8474803004654,37699.3909774436,0.0699463067769554,0.94484412470024,3.88165266106443,2213.4146083707,204.122970104634,127.689739910314,1320.77781016443,270.145908819133,
WK055301,Lisse,Lisse Noord,2023,42.927850788475,40567.7018395879,0.0775492716366752,0.920120572720422,3.84227129337539,,,,,,
WK055301,Lisse,Lisse Noord,2024,43.5677244504827,,0.0766428675506338,0.490747486521929,,,,,,,
WK055303,Lisse,Lisse Zuid,2009,37.4322203715031,,0.0600467577211763,0.510146955913226,3.4129959956316,1563.81747625,116.130227500002,64.8756437500004,832.66958875,267.63920875,123.57183875
WK055303,Lisse,Lisse Zuid,2010,38.0156392268274,,0.0570682581126445,0.663710273466371,3.46943587883185,1675.52117520827,119.456927764377,59.9318014472518,868.079151961408,264.494277009013,204.884704620045
WK055303,Lisse,Lisse Zuid,2011,38.4203801911135,28289.01140829,0.0559571286141575,0.71978021978022,3.56713943636029,1766.48035615054,134.257812578935,70.4104799191714,971.758382167212,251.209238444052,178.61811821167
WK055303,Lisse,Lisse Zuid,2012,39.0473694563571,28389.7498083312,0.0490109613203981,0.751445086705202,3.50211375864719,1654.67937484084,131.872795822189,72.4983225066875,950.19825627309,223.77661444402,129.634793735676
WK055303,Lisse,Lisse Zuid,2013,39.3591863417798,28616.091739627,0.0569715142428786,0.799539170506912,3.57192374350087,1868.44890263923,134.825910813542,74.5084676604338,1120.64765032845,196.019258463871,151.589911605
WK055303,Lisse,Lisse Zuid,2014,39.7890420894124,29627.3234621251,0.0566675006254691,0.800144822592324,3.56022572484919,1824.99603110381,149.615233940314,86.8561305007588,1077.31781107739,199.322397572079,147.190369199646
WK055303,Lisse,Lisse Zuid,2015,40.2520237625449,29699.3653772501,0.0586760280842528,0.834915997078159,3.6499512195122,1839.60596882525,151.450678159462,87.9247902142228,1039.22166434276,198.507833692483,125.612841211507
WK055303,Lisse,Lisse Zuid,2016,40.6443264225804,31038.4555910543,0.0669182389937107,0.8671875,3.65146771037182,1967.06336850133,158.738961352658,95.2128718535469,1136.70038647343,199.037723112128,121.480177958561
WK055303,Lisse,Lisse Zuid,2017,40.780339459867,31622.5259136636,0.083635454431804,0.917531718569781,3.72291021671827,2042.50020176543,158.99212736444,94.227617906684,1191.6662295082,197.061701134931,146.040472887768
WK055303,Lisse,Lisse Zuid,2018,41.045150601071,31905.6083969466,0.0703007518796993,0.942836979534227,3.8333012882138,2180.72233375474,175.082284450062,108.417848293299,1255.81823261694,202.476447534766,172.855321112516
WK055303,Lisse,Lisse Zuid,2019,41.0683961882979,33868.5025575448,0.0597164722117677,0.896054628224583,3.73835616438356,2158.10370539104,178.055982029866,107.708251075677,1222.81072892939,198.693402935965,184.267508225766
WK055303,Lisse,Lisse Zuid,2020,41.5710948182335,34833.5359073359,0.0603831028796144,0.915079365079365,3.711467324291,2122.28864909812,179.505647946783,110.912981962389,1171.58883587054,224.034052705642,197.045489318153
WK055303,Lisse,Lisse Zuid,2021,41.7889888388063,35965.5488975357,0.0573102394294447,0.784156976744186,3.78038422649141,2215.72778206116,200.003195836547,124.018951426369,1297.86656001028,222.958356463634,107.358067334875
WK055303,Lisse,Lisse Zuid,2022,42.1489693142702,38274.398097472,0.0502686108979279,0.770897832817337,3.80513418903151,2141.24819016818,210.859772315654,133.080486416558,1302.5097839586,222.615913324709,
WK055303,Lisse,Lisse Zuid,2023,42.5030340647048,41727.3083464155,0.0536861032622656,0.857898715041572,3.71619527314994,,,,,,
WK055303,Lisse,Lisse Zuid,2024,43.1170424308115,,0.0800104248110503,0.494070115991138,,,,,,,
WK063701,Zoetermeer,Meerzicht,2009,40.6612256220784,,0.0980749219562955,0.626049282426212,4.07267053053946,2101.07163150956,126.837689923503,75.2862259298337,1160.13951793722,353.72089422316,221.584094924192
WK063701,Zoetermeer,Meerzicht,2010,40.8652162869878,,0.0980456026058632,0.813300626873808,4.20832585680962,2307.69149676909,129.390462538987,68.4420625124426,1292.13945782732,356.9957986595,270.214632071739
WK063701,Zoetermeer,Meerzicht,2011,40.9857342354063,24698.307334188,0.0925465024888656,0.874893617021277,4.24625190771164,2368.37456161216,140.287295618267,75.1400290793733,1302.55181415636,361.15585618928,271.76443078956
WK063701,Zoetermeer,Meerzicht,2012,40.8421684983004,24312.4260822584,0.0992521647861454,0.946344175701974,4.16325411334552,2357.21480089809,132.970522491578,73.0088288526324,1379.79745227558,298.41496928463,244.304337977944
WK063701,Zoetermeer,Meerzicht,2013,40.8419916850991,24317.375083724,0.0958814698779453,0.970871040723982,4.13847868487044,2470.60895549857,132.225788781482,71.1928638127178,1419.11677253896,270.829425922273,319.339021231841
WK063701,Zoetermeer,Meerzicht,2014,41.0094865867427,25130.0369726549,0.0857049820905243,0.94165170556553,4.21904497501388,2467.92051996591,143.20019147541,79.9943108196716,1409.93756983607,275.041361311475,275.086994295456
WK063701,Zoetermeer,Meerzicht,2015,41.079627622366,25267.9508459841,0.0898371335504886,0.985250737463127,4.39623512042078,2544.92781995802,150.064055242094,85.9198871539168,1357.54604317019,297.018409001444,241.249053894571
WK063701,Zoetermeer,Meerzicht,2016,41.1420317977289,25857.96184779,0.106339072676856,1.03429203539823,4.47092391304348,2706.69977287473,154.72756948052,90.6785610389606,1479.27117727273,299.661772077922,265.869187540558
WK063701,Zoetermeer,Meerzicht,2017,41.2179486742631,26567.2662518205,0.0971347809328023,1.01246105919003,4.48508068151086,2765.48336245953,151.562752750809,86.2605676375393,1474.1490433657,309.281265372168,262.756032362459
WK063701,Zoetermeer,Meerzicht,2018,41.3242123658472,26650.9150262467,0.0884214564286171,0.97852582704585,4.61670872386446,3059.36344045857,161.67204804534,94.6997906871902,1585.45920783152,326.780170026405,324.881777548786
WK063701,Zoetermeer,Meerzicht,2019,41.3428146115065,28104.8074185333,0.095153401511783,1.0046256143394,4.48635792496859,3036.29560867897,175.294410522275,102.397246543779,1570.42736367127,348.244733102919,285.738560547875
WK063701,Zoetermeer,Meerzicht,2020,41.4150025997216,29246.5544715447,0.0903033379870542,1.00150285542531,4.44436061863448,2959.82337334015,172.935235572012,100.092948799796,1472.85969420327,375.25691202758,308.707001404495
WK063701,Zoetermeer,Meerzicht,2021,41.4403985591381,30140.4494978944,0.0939414997788869,0.997305389221557,4.46225535880708,3085.14754452924,196.178187659033,116.550724554707,1643.23094529262,352.61283778626,212.296397582697
WK063701,Zoetermeer,Meerzicht,2022,40.9983244884165,31715.3101511042,0.0909090909090909,0.919543429844098,4.42340775988287,2883.30376088326,205.422406940064,126.145083280756,1621.66492429022,371.062125552049,
WK063701,Zoetermeer,Meerzicht,2023,41.0224283471722,35091.945161906,0.0818994757940179,0.938995913601868,4.22521194249908,,,,,,
WK063701,Zoetermeer,Meerzicht,2024,41.4189983047518,,0.0877269881026926,0.546057987350492,,,,,,,
WK056902,Nieuwkoop,Meije,2009,45.8121499766795,,0.0961538461538462,0.371428571428571,4.0,2153.66798076923,115.137403846154,63.0999038461538,1295.42615384615,441.694326923077,62.89875
WK056902,Nieuwkoop,Meije,2010,45.8315897402088,,0.100917431192661,0.644444444444444,4.21951219512195,1501.20651376147,118.782568807339,57.7525688073394,670.861192660551,468.485779816514,37.7152293577982
WK056902,Nieuwkoop,Meije,2011,46.6703378239879,34359.4905660377,0.186915887850467,0.833333333333333,4.1219512195122,2331.23523364486,133.729813084112,67.4815887850467,1083.88345794393,405.218317757009,506.794392523364
WK056902,Nieuwkoop,Meije,2012,48.7201596485589,34767.3333333333,0.0882352941176471,0.705882352941177,4.66216216216216,2612.33431372549,157.767058823529,95.7030392156863,1377.5312745098,414.477941176471,82.3923529411765
WK056902,Nieuwkoop,Meije,2013,49.0932122243629,35081.2872340426,0.105263157894737,0.947368421052632,4.1969696969697,5758.22010526316,131.486526315789,68.1884210526316,4528.55073684211,365.671157894737,302.846210526316
WK056902,Nieuwkoop,Meije,2014,47.6592732240437,34673.3157894737,0.05,0.655172413793103,4.32857142857143,2461.08262626263,163.465151515152,98.9439393939393,1461.2697979798,397.823434343434,120.906464646465
WK056902,Nieuwkoop,Meije,2015,49.1640569247948,31391.8,0.0625,1.21052631578947,4.38235294117647,3147.93189473684,137.218736842105,72.0678947368421,1991.34684210526,387.161684210526,301.035052631579
WK056902,Nieuwkoop,Meije,2016,49.0746802611159,32525.1276595745,0.0618556701030928,0.6,4.26470588235294,3588.2387628866,138.523917525773,72.9057731958763,2296.97680412371,738.23587628866,102.20381443299
WK056902,Nieuwkoop,Meije,2017,46.4832476767936,33796.6764705882,0.171428571428571,1.0,4.38157894736842,2685.31514285714,154.248952380952,88.0839047619048,1273.028,538.348476190476,254.646761904762
WK056902,Nieuwkoop,Meije,2018,45.6432030477254,33086.9117647059,0.203883495145631,0.918367346938776,3.45205479452055,2198.03815533981,158.677669902913,91.3008737864078,1196.29737864078,472.744466019417,106.287184466019
WK056902,Nieuwkoop,Meije,2019,46.1980063920432,68216.5393258427,0.0978260869565217,0.884615384615385,3.6140350877193,2304.93456521739,141.008152173913,71.7059782608696,1468.7677173913,474.745978260869,38.1420652173913
WK056902,Nieuwkoop,Meije,2020,46.9110697545523,40865.0217391304,0.0319148936170213,1.1,3.36065573770492,1836.74212765957,140.975425531915,70.9634042553192,838.995106382979,560.958936170213,109.969574468085
WK056902,Nieuwkoop,Meije,2021,45.5247830450654,39093.03125,0.087378640776699,0.903225806451613,3.42622950819672,2243.53252427184,163.059029126214,92.0439805825242,1372.43961165049,453.005242718447,63.1070873786408
WK056902,Nieuwkoop,Meije,2022,45.9281171245353,47693.4615384615,0.12037037037037,1.03846153846154,3.91935483870968,2703.89722222222,166.7825,91.6774074074075,1811.55814814815,423.06537037037,
WK056902,Nieuwkoop,Meije,2023,45.2136975002366,44302.7788461538,0.0943396226415094,0.916666666666667,3.76271186440678,,,,,,
WK056902,Nieuwkoop,Meije,2024,46.079765115519,,0.0594059405940594,0.524752475247525,,,,,,,
WK054608,Leiden,Merenwijkdistrict,2009,38.1267905156605,,0.0873341862500842,0.565642458100559,3.79318687699603,1757.53490549179,126.128320269528,74.7132769526954,916.214683718367,275.07760451045,210.497070589044
WK054608,Leiden,Merenwijkdistrict,2010,38.477013340521,,0.0805278750336655,0.710480093676815,3.83933919428075,1846.20094418541,128.016627858914,68.5673656654726,963.33462455222,285.005464315238,236.252076933626
WK054608,Leiden,Merenwijkdistrict,2011,38.8103659981018,29100.26279507,0.0722639086054215,0.729343863912515,3.92502463054187,1863.3388265551,143.246557140897,79.1814398408557,967.981034435454,286.048881190836,232.551765996845
WK054608,Leiden,Merenwijkdistrict,2012,39.2048944143375,29454.5040553769,0.0716623482885586,0.787669078326518,3.84050734045741,1850.98273216131,139.739521970064,80.5415023798037,1078.58462854384,230.788508656964,183.014393657359
WK054608,Leiden,Merenwijkdistrict,2013,39.5586206265918,29889.5965010497,0.0719629982315331,0.790639625585023,3.79703120266586,2053.9527677712,139.110155443978,78.79850264805,1124.61601760781,223.607147671779,303.990807094734
WK054608,Leiden,Merenwijkdistrict,2014,39.9502318738812,30922.8498178762,0.0796677107449271,0.880156579343571,3.88500816993464,2030.267719105,153.299362346784,90.6430002754456,1172.2084416747,218.946215397328,222.902579690189
WK054608,Leiden,Merenwijkdistrict,2015,40.0820438057403,31051.258239466,0.0900412971362805,0.906614785992218,3.8896565738671,1978.15291997807,149.151071673291,85.5213978347267,1074.33989310676,225.759015348775,171.815211016717
WK054608,Leiden,Merenwijkdistrict,2016,40.424251753919,31993.6405063291,0.0763514895357557,0.848883450596513,3.92718695518408,2037.35897970455,155.245411228505,91.5251992265723,1136.969332919,218.47109177543,157.573886511114
WK054608,Leiden,Merenwijkdistrict,2017,40.6078514705261,32735.2450856501,0.08300395256917,0.897781774580336,3.96394055907721,2243.71886454734,161.221129232898,96.1872460262597,1210.82501313061,229.116251554941,231.492387007602
WK054608,Leiden,Merenwijkdistrict,2018,41.0630687173093,32734.7043949852,0.073210858239649,0.868863049095607,3.97636080870918,2265.03697407741,167.747664187921,101.014733476962,1210.06258044339,253.278973521441,207.065965668219
WK054608,Leiden,Merenwijkdistrict,2019,41.0919758997897,34136.7246632344,0.0761129727142173,0.900886117492616,3.92481902792141,2469.41423861744,175.104377429205,102.830912687395,1370.26080163798,257.64936215991,213.262025263742
WK054608,Leiden,Merenwijkdistrict,2020,41.5283823449306,35645.7122608079,0.0749154180763654,0.912562814070352,3.82539338035811,2271.14713885777,171.944538073909,102.207437010077,1186.78163633818,263.32119050952,238.709363801792
WK054608,Leiden,Merenwijkdistrict,2021,41.8755182955848,36936.8132487165,0.0660541518758265,0.853241077931537,3.93814991334489,2513.36225840559,193.062743356593,114.372642560092,1445.67495453584,275.783523648411,137.787189680694
WK054608,Leiden,Merenwijkdistrict,2022,41.9824660786198,38921.4587805925,0.0707835509863851,0.863478863478863,3.95878710228486,2473.78063127385,199.971597624771,120.621701541073,1534.34762689099,280.926232857346,
WK054608,Leiden,Merenwijkdistrict,2023,42.3514554672081,41693.6815295815,0.0699600028068206,0.868385345997286,3.87437400106553,,,,,,
WK054608,Leiden,Merenwijkdistrict,2024,42.9608841650123,,0.0794115546668571,0.520031421838178,,,,,,,
WK051835,'s-Gravenhage,Moerwijk en Zuiderpark,2009,37.1113517759066,,0.165121987876359,0.755847353303242,4.45136052066745,2448.68045419154,132.949580325144,80.544113125227,1213.7577961876,363.416437438322,483.551528159875
WK051836,'s-Gravenhage,Moerwijk en Zuiderpark,2009,37.1113517759066,,0.165121987876359,0.755847353303242,4.45136052066745,2448.68045419154,132.949580325144,80.544113125227,1213.7577961876,363.416437438322,483.551528159875
WK051835,'s-Gravenhage,Moerwijk en Zuiderpark,2010,36.6258372900461,,0.17446122269462,0.959255402239,4.61549945711184,2575.04888686409,131.282363756411,71.0967057747983,1299.48715120119,373.358631215398,498.75382637307
WK051836,'s-Gravenhage,Moerwijk en Zuiderpark,2010,36.6258372900461,,0.17446122269462,0.959255402239,4.61549945711184,2575.04888686409,131.282363756411,71.0967057747983,1299.48715120119,373.358631215398,498.75382637307
WK051835,'s-Gravenhage,Moerwijk en Zuiderpark,2011,36.4374399866417,18013.3679348677,0.148892574885355,0.971865949524204,4.64094733984799,2555.14051897405,140.707215303827,75.4486336584149,1300.41765091273,372.268497624407,451.11588320584
WK051836,'s-Gravenhage,Moerwijk en Zuiderpark,2011,36.4374399866417,18013.3679348677,0.148892574885355,0.971865949524204,4.64094733984799,2555.14051897405,140.707215303827,75.4486336584149,1300.41765091273,372.268497624407,451.11588320584
WK051835,'s-Gravenhage,Moerwijk en Zuiderpark,2012,36.2731076647342,17867.5263239633,0.160725544400795,1.03898235535494,4.56312461758107,2397.53320724902,132.429115612648,73.2450666996043,1311.09984634387,319.567898221343,348.574430398499
WK051836,'s-Gravenhage,Moerwijk en Zuiderpark,2012,36.2731076647342,17867.5263239633,0.160725544400795,1.03898235535494,4.56312461758107,2397.53320724902,132.429115612648,73.2450666996043,1311.09984634387,319.567898221343,348.574430398499
WK051835,'s-Gravenhage,Moerwijk en Zuiderpark,2013,36.2662607562418,17874.8076962917,0.15343274910429,1.04052159282109,4.57778999450247,2477.88575733662,143.099638589909,80.9958590895622,1302.76649155722,314.655629011553,389.251926510482
WK051836,'s-Gravenhage,Moerwijk en Zuiderpark,2013,36.2662607562418,17874.8076962917,0.15343274910429,1.04052159282109,4.57778999450247,2477.88575733662,143.099638589909,80.9958590895622,1302.76649155722,314.655629011553,389.251926510482
WK051835,'s-Gravenhage,Moerwijk en Zuiderpark,2014,36.094045679067,18452.6528195968,0.135453587508382,1.03184241706161,4.6067530002034,2408.97503236481,153.931263096341,90.0472433117293,1273.83238584864,300.455348667218,317.325276682728
WK051836,'s-Gravenhage,Moerwijk en Zuiderpark,2014,36.094045679067,18452.6528195968,0.135453587508382,1.03184241706161,4.6067530002034,2408.97503236481,153.931263096341,90.0472433117293,1273.83238584864,300.455348667218,317.325276682728
WK051835,'s-Gravenhage,Moerwijk en Zuiderpark,2015,36.0119519782076,18886.8067803451,0.137698695136418,1.00901162790698,4.66364734299517,2585.94177773498,154.518581214723,89.8973100487241,1249.63660958078,332.716524193159,332.150523401387
WK051836,'s-Gravenhage,Moerwijk en Zuiderpark,2015,36.0119519782076,18886.8067803451,0.137698695136418,1.00901162790698,4.66364734299517,2585.94177773498,154.518581214723,89.8973100487241,1249.63660958078,332.716524193159,332.150523401387
WK051835,'s-Gravenhage,Moerwijk en Zuiderpark,2016,35.8043924999054,19727.2409059024,0.126376211536652,1.01360338573156,4.68661878159085,2572.18997091776,160.423033916901,96.2646892143299,1249.22204264657,317.977829032105,319.917216686531
WK051836,'s-Gravenhage,Moerwijk en Zuiderpark,2016,35.8043924999054,19727.2409059024,0.126376211536652,1.01360338573156,4.68661878159085,2572.18997091776,160.423033916901,96.2646892143299,1249.22204264657,317.977829032105,319.917216686531
WK051835,'s-Gravenhage,Moerwijk en Zuiderpark,2017,35.4892394176212,20374.5143150785,0.138054560484982,1.02239977172207,4.71224886584575,2709.82098694638,165.320915151516,100.787854079255,1338.98887785548,320.482284382285,290.043023310023
WK051836,'s-Gravenhage,Moerwijk en Zuiderpark,2017,35.4892394176212,20374.5143150785,0.138054560484982,1.02239977172207,4.71224886584575,2709.82098694638,165.320915151516,100.787854079255,1338.98887785548,320.482284382285,290.043023310023
WK051835,'s-Gravenhage,Moerwijk en Zuiderpark,2018,35.3663509453814,20975.7675787848,0.109144676979072,0.958836273599505,4.73250418868411,2848.09980625518,185.182312944,113.172412584186,1396.17414290986,302.155019374482,337.903358704678
WK051836,'s-Gravenhage,Moerwijk en Zuiderpark,2018,35.3663509453814,20975.7675787848,0.109144676979072,0.958836273599505,4.73250418868411,2848.09980625518,185.182312944,113.172412584186,1396.17414290986,302.155019374482,337.903358704678
WK051835,'s-Gravenhage,Moerwijk en Zuiderpark,2019,35.3246595992725,22101.6981708796,0.109811919329254,0.953678879952338,4.60771807756732,2734.76301822531,194.73552466863,123.760611653167,1282.72052927097,299.848475239323,341.177877393225
WK051836,'s-Gravenhage,Moerwijk en Zuiderpark,2019,35.3246595992725,22101.6981708796,0.109811919329254,0.953678879952338,4.60771807756732,2734.76301822531,194.73552466863,123.760611653167,1282.72052927097,299.848475239323,341.177877393225
WK051835,'s-Gravenhage,Moerwijk en Zuiderpark,2020,35.6875813422136,23058.2735067862,0.110880302820477,0.983865814696486,4.5577614831212,2722.26882087872,196.149588809614,126.164593034173,1258.52489344724,310.920695174617,358.772762861435
WK051836,'s-Gravenhage,Moerwijk en Zuiderpark,2020,35.6875813422136,23058.2735067862,0.110880302820477,0.983865814696486,4.5577614831212,2722.26882087872,196.149588809614,126.164593034173,1258.52489344724,310.920695174617,358.772762861435
WK051835,'s-Gravenhage,Moerwijk en Zuiderpark,2021,36.1305079945972,24107.7518621512,0.111639397753228,0.985012489592007,4.62412672061977,2808.48655949776,214.495535051838,138.173950822789,1402.14279130601,299.736243222677,241.865006182821
WK051836,'s-Gravenhage,Moerwijk en Zuiderpark,2021,36.1305079945972,24107.7518621512,0.111639397753228,0.985012489592007,4.62412672061977,2808.48655949776,214.495535051838,138.173950822789,1402.14279130601,299.736243222677,241.865006182821
WK051835,'s-Gravenhage,Moerwijk en Zuiderpark,2022,36.3311852024114,26039.3442308638,0.114622339939721,0.978902284263959,4.63392250169952,2596.60518918919,223.836660869565,148.254748766158,1447.50069894242,302.558639247943,
WK051836,'s-Gravenhage,Moerwijk en Zuiderpark,2022,36.3311852024114,26039.3442308638,0.114622339939721,0.978902284263959,4.63392250169952,2596.60518918919,223.836660869565,148.254748766158,1447.50069894242,302.558639247943,
WK051835,'s-Gravenhage,Moerwijk en Zuiderpark,2023,36.5634215379257,28369.941040351,0.115594427663315,1.01348808030113,4.3996687827767,,,,,,
WK051836,'s-Gravenhage,Moerwijk en Zuiderpark,2023,36.5634215379257,28369.941040351,0.115594427663315,1.01348808030113,4.3996687827767,,,,,,
WK051835,'s-Gravenhage,Moerwijk en Zuiderpark,2024,36.7382401898794,,0.105172099799672,0.597623167288954,,,,,,,
WK051836,'s-Gravenhage,Moerwijk en Zuiderpark,2024,36.7382401898794,,0.105172099799672,0.597623167288954,,,,,,,
WK178305,Westland,Monster en Ter Heijde,2009,40.347085622026,,0.0704254583189208,0.561342592592593,4.08936009087467,1928.99340292275,123.666678496868,73.4294022268621,1088.35561238692,319.057501043842,148.134299234516
WK178310,Westland,Monster en Ter Heijde,2009,40.347085622026,,0.0704254583189208,0.561342592592593,4.08936009087467,1928.99340292275,123.666678496868,73.4294022268621,1088.35561238692,319.057501043842,148.134299234516
WK178305,Westland,Monster en Ter Heijde,2010,40.6677559836132,,0.0683962264150943,0.587068080738967,4.17267821641579,2026.74808089263,127.774101092129,68.9080586670401,1134.03423970876,329.767714225707,187.369809623431
WK178310,Westland,Monster en Ter Heijde,2010,40.6677559836132,,0.0683962264150943,0.587068080738967,4.17267821641579,2026.74808089263,127.774101092129,68.9080586670401,1134.03423970876,329.767714225707,187.369809623431
WK178305,Westland,Monster en Ter Heijde,2011,40.9134931112493,28540.3424472694,0.0686227462809351,0.738071734123067,4.23778596355176,2076.86408693257,132.991760936962,70.4878084739918,1140.91605924905,328.853067860832,221.808510022732
WK178310,Westland,Monster en Ter Heijde,2011,40.9134931112493,28540.3424472694,0.0686227462809351,0.738071734123067,4.23778596355176,2076.86408693257,132.991760936962,70.4878084739918,1140.91605924905,328.853067860832,221.808510022732
WK178305,Westland,Monster en Ter Heijde,2012,41.0832426162927,28496.4982399324,0.0797562626946513,0.696574719612004,4.09414783381032,1926.08565678543,125.674162246701,68.8489616483069,1119.22184550524,278.344221406228,176.330293717705
WK178310,Westland,Monster en Ter Heijde,2012,41.0832426162927,28496.4982399324,0.0797562626946513,0.696574719612004,4.09414783381032,1926.08565678543,125.674162246701,68.8489616483069,1119.22184550524,278.344221406228,176.330293717705
WK178305,Westland,Monster en Ter Heijde,2013,41.5334511256644,28920.7300254094,0.0812265758091993,0.769865525672372,4.08145065398335,2083.87176003285,132.536626027399,74.5116143835616,1245.30197054795,253.440189041096,193.031883988495
WK178310,Westland,Monster en Ter Heijde,2013,41.5334511256644,28920.7300254094,0.0812265758091993,0.769865525672372,4.08145065398335,2083.87176003285,132.536626027399,74.5116143835616,1245.30197054795,253.440189041096,193.031883988495
WK178305,Westland,Monster en Ter Heijde,2014,41.6010333929401,30558.7627559997,0.133970647637,0.937368972746331,4.15696527229676,2065.69421223606,134.508995056543,75.2810388027355,1239.16772533351,238.591664522245,186.110127910125
WK178310,Westland,Monster en Ter Heijde,2014,41.6010333929401,30558.7627559997,0.133970647637,0.937368972746331,4.15696527229676,2065.69421223606,134.508995056543,75.2810388027355,1239.16772533351,238.591664522245,186.110127910125
WK178305,Westland,Monster en Ter Heijde,2015,41.9496530231788,29558.4542515812,0.0965805624873542,0.876224398931434,4.20234459659147,2104.70328270157,135.962981349601,75.7317253306173,1194.65798643608,253.059482536454,139.957912795823
WK178310,Westland,Monster en Ter Heijde,2015,41.9496530231788,29558.4542515812,0.0965805624873542,0.876224398931434,4.20234459659147,2104.70328270157,135.962981349601,75.7317253306173,1194.65798643608,253.059482536454,139.957912795823
WK178305,Westland,Monster en Ter Heijde,2016,42.118167881811,30862.5660901577,0.111413946686166,0.931997742663657,4.20069943656499,2231.85594612661,141.744846256686,81.8580508021369,1320.80754545454,260.930335561497,122.832623487735
WK178310,Westland,Monster en Ter Heijde,2016,42.118167881811,30862.5660901577,0.111413946686166,0.931997742663657,4.20069943656499,2231.85594612661,141.744846256686,81.8580508021369,1320.80754545454,260.930335561497,122.832623487735
WK178305,Westland,Monster en Ter Heijde,2017,42.1781643616368,32137.3585872576,0.108946322067594,0.922710428798306,4.20294291921785,2344.91192013311,140.707975374379,79.5172985024958,1419.53943094842,260.91594875208,110.206474542429
WK178310,Westland,Monster en Ter Heijde,2017,42.1781643616368,32137.3585872576,0.108946322067594,0.922710428798306,4.20294291921785,2344.91192013311,140.707975374379,79.5172985024958,1419.53943094842,260.91594875208,110.206474542429
WK178305,Westland,Monster en Ter Heijde,2018,42.555090801796,32035.7941601818,0.109728656518862,0.953514421730608,4.25909853042706,2315.48382288264,152.561320050641,90.2872206303706,1325.11375024988,270.468184847071,124.231096155128
WK178310,Westland,Monster en Ter Heijde,2018,42.555090801796,32035.7941601818,0.109728656518862,0.953514421730608,4.25909853042706,2315.48382288264,152.561320050641,90.2872206303706,1325.11375024988,270.468184847071,124.231096155128
WK178305,Westland,Monster en Ter Heijde,2019,42.949081328171,35328.3916666667,0.100303750660328,0.989189189189189,4.23277886497065,2435.46705238724,155.540681034482,90.4144515915116,1392.01797811671,281.248716180371,157.001883952255
WK178310,Westland,Monster en Ter Heijde,2019,42.949081328171,35328.3916666667,0.100303750660328,0.989189189189189,4.23277886497065,2435.46705238724,155.540681034482,90.4144515915116,1392.01797811671,281.248716180371,157.001883952255
WK178305,Westland,Monster en Ter Heijde,2020,43.2482439596349,34978.2611348383,0.109357532715197,0.995654692931634,4.20824008138352,2470.71743387992,155.299844617829,88.9367316847392,1391.61788944723,282.775456889712,167.599328220048
WK178310,Westland,Monster en Ter Heijde,2020,43.2482439596349,34978.2611348383,0.109357532715197,0.995654692931634,4.20824008138352,2470.71743387992,155.299844617829,88.9367316847392,1391.61788944723,282.775456889712,167.599328220048
WK178305,Westland,Monster en Ter Heijde,2021,43.3984135933248,36452.6728315896,0.0956919060052219,0.986817903126916,4.18358595931392,2652.71624467038,174.405065267294,103.606294522796,1580.67471367661,281.230347654969,106.026510331256
WK178310,Westland,Monster en Ter Heijde,2021,43.3984135933248,36452.6728315896,0.0956919060052219,0.986817903126916,4.18358595931392,2652.71624467038,174.405065267294,103.606294522796,1580.67471367661,281.230347654969,106.026510331256
WK178305,Westland,Monster en Ter Heijde,2022,43.5080753849158,38956.2958375635,0.0921999485993318,0.956679794001818,4.25478718126798,2667.32095883238,179.904907389231,108.823754826888,1650.68577393808,291.532739053605,
WK178310,Westland,Monster en Ter Heijde,2022,43.5080753849158,38956.2958375635,0.0921999485993318,0.956679794001818,4.25478718126798,2667.32095883238,179.904907389231,108.823754826888,1650.68577393808,291.532739053605,
WK178305,Westland,Monster en Ter Heijde,2023,43.6952709948288,41577.9635168667,0.0974638844301766,0.984624482554701,4.12460254372019,,,,,,
WK178310,Westland,Monster en Ter Heijde,2023,43.6952709948288,41577.9635168667,0.0974638844301766,0.984624482554701,4.12460254372019,,,,,,
WK178305,Westland,Monster en Ter Heijde,2024,44.0657450101851,,0.108799790012468,0.555234657039711,,,,,,,
WK178310,Westland,Monster en Ter Heijde,2024,44.0657450101851,,0.108799790012468,0.555234657039711,,,,,,,
WK054606,Leiden,Morsdistrict,2009,39.3741741251771,,0.123777310540269,0.66972196761381,4.08342217484009,2129.2294629009,132.404263142775,81.8532758785786,1104.04790864694,322.612458105908,324.13739301101
WK054606,Leiden,Morsdistrict,2010,39.4137834668278,,0.121993598536808,0.862913486005089,4.15400843881857,2220.1176079068,137.205760076776,77.685476007678,1163.10480326295,335.51257965451,332.130826967151
WK054606,Leiden,Morsdistrict,2011,39.5119657724155,24456.5138259948,0.118963805397599,0.864448552064079,4.22358160795913,2139.90589886053,150.873818181819,87.6180471031549,1174.21362600094,324.931832312764,250.124174592711
WK054606,Leiden,Morsdistrict,2012,39.6313808304291,24540.2599325337,0.136025876387796,0.96319520174482,4.18457943925234,2090.95779365222,147.191865388094,89.317969060974,1192.20970237018,288.946927808938,214.385436296229
WK054606,Leiden,Morsdistrict,2013,39.521091229637,24786.5731410376,0.110561485724204,0.935099732063114,4.16675553185817,2213.50446814279,147.489683572913,88.6989973781759,1242.33856974957,281.309289395173,254.843849977406
WK054606,Leiden,Morsdistrict,2014,39.7016719515335,25956.3776152564,0.124063710718898,1.01133391455972,4.26628857821155,2303.06490922166,163.364465216609,101.425481754448,1269.96109563185,284.349073341721,299.035574330397
WK054606,Leiden,Morsdistrict,2015,39.7842792073354,26195.5239207625,0.114689168245221,0.938138313393639,4.2843137254902,2585.35755076258,160.899048135105,98.3610846202481,1183.27455612752,349.336854510973,280.029764461691
WK054606,Leiden,Morsdistrict,2016,39.6880485156103,27184.9610401802,0.132447492498928,1.08064516129032,4.28592493297587,2655.90673552229,166.067938655841,103.690179521876,1290.95558773117,300.837874605322,271.453508930183
WK054606,Leiden,Morsdistrict,2017,39.7467290620778,27709.4275416589,0.132461091157859,1.0989847715736,4.26695487706025,2530.45337048355,171.174724069746,107.378408232968,1186.46123674276,285.75000179759,251.926755347834
WK054606,Leiden,Morsdistrict,2018,40.038700084026,27655.5356217617,0.125300790649708,1.04453681710214,4.31380364022851,2822.46406205166,182.543284612626,115.93743185079,1320.29679429699,327.820396341464,308.211016857963
WK054606,Leiden,Morsdistrict,2019,40.4977725129207,29634.457479652,0.1157226137649,1.07746031746032,4.26492537313433,2932.37028651993,196.366810987812,124.671941968347,1373.67905948699,333.438938511915,365.238875750409
WK054606,Leiden,Morsdistrict,2020,40.8818743605495,31192.2882241216,0.125762801804192,1.12416214490903,4.17827541078959,2725.43555944055,193.439340264999,125.139902465954,1283.1528735738,346.194511409644,321.180697460434
WK054606,Leiden,Morsdistrict,2021,41.0604643123527,32823.5771760892,0.124724159237355,1.0402576489533,4.2234257654535,2751.30473463049,210.087935507446,134.083538869095,1398.91183063853,339.458194939253,203.212573307756
WK054606,Leiden,Morsdistrict,2022,40.9240996929308,34078.3348009368,0.116604792440095,1.03571428571429,4.18646214466648,2700.67103571748,212.048924894817,135.609888998299,1580.5236782741,346.406880315101,
WK054606,Leiden,Morsdistrict,2023,40.7283511147889,37061.38349823,0.129772256728778,1.09145427286357,4.04745434421693,,,,,,
WK054606,Leiden,Morsdistrict,2024,41.1557842770925,,0.144938521138622,0.661753558494062,,,,,,,
WK063704,Zoetermeer,Noordhove,2009,37.1145619050867,,0.078802885132953,0.543576826196474,3.72118003025719,1801.18221702729,121.920352327098,70.5145889517179,956.113209003912,272.406998695085,252.520350114168
WK063704,Zoetermeer,Noordhove,2010,37.9210350374673,,0.0666083342447774,0.622377622377622,3.83771795656164,1898.84028155018,121.830981656475,63.1386570316841,1025.86185992218,269.165239577542,269.047363365353
WK063704,Zoetermeer,Noordhove,2011,38.392478884084,30300.5199819372,0.0698704462407264,0.733222407099279,3.87926180794495,1990.90770775238,131.458362338242,68.6798705934851,1099.42538375725,270.10963966979,254.521338538762
WK063704,Zoetermeer,Noordhove,2012,38.8469590952725,29924.5708409506,0.0766210455463316,0.798882681564246,3.79581815301758,2020.46225401494,125.254942853911,67.5722179472672,1248.21163743352,240.813948172457,183.099339515947
WK063704,Zoetermeer,Noordhove,2013,39.4278339993154,30112.877731769,0.0686583990980834,0.871364653243848,3.76627170913813,2082.9769734453,125.812889090702,67.2005142467932,1279.73168918152,212.760675445567,204.847605537903
WK063704,Zoetermeer,Noordhove,2014,40.0842278068528,32022.1863877976,0.0665680473372781,0.811080332409972,3.77260094817721,1971.75207659673,136.268175667928,75.1203095975238,1160.90857470474,218.905438596492,188.141293429653
WK063704,Zoetermeer,Noordhove,2015,40.432562631794,31919.2508166122,0.0726378403111416,0.83886771910724,3.81674023213994,1938.98418261472,138.398032522201,76.4362841656095,1107.5987475493,229.84548956291,160.810181000692
WK063704,Zoetermeer,Noordhove,2016,40.8581242935995,33156.1272727273,0.0903967797584819,0.925850685627222,3.89721453005375,2190.99375884058,140.789748289061,78.7431632061242,1285.21802691103,317.298586010903,134.73396057971
WK063704,Zoetermeer,Noordhove,2017,41.1453546114003,33754.7940315974,0.0941528545119705,0.939165409753645,3.97618653877956,2139.49702088167,140.485616009281,77.1308515081212,1231.09248027842,256.50710788863,143.723972157773
WK063704,Zoetermeer,Noordhove,2018,41.4105348764336,34664.2179487179,0.0848142164781906,0.88430637386181,4.04647357224677,2267.24559558396,150.840486926207,85.5968715862874,1281.8008495061,271.184687972108,193.450770482278
WK063704,Zoetermeer,Noordhove,2019,41.8633920112526,37170.156874335,0.0771017185322805,0.965212264150943,4.01754095647857,2374.18875760412,157.727019185773,89.6110949929802,1362.33199110903,257.194250116987,188.850999064108
WK063704,Zoetermeer,Noordhove,2020,42.1206384667661,37292.7238850112,0.0757277049750667,0.950581395348837,3.97705872282143,2346.91247956085,155.275689091334,87.2817484232653,1325.08616911936,262.888680214903,208.702888343845
WK063704,Zoetermeer,Noordhove,2021,42.3247266054749,38557.5018854584,0.0700940002320993,0.871958285052144,3.98105682951147,2542.64730508869,177.702003968255,102.791442577031,1495.45543183939,279.597223389355,145.166074929972
WK063704,Zoetermeer,Noordhove,2022,43.0137888729412,40242.1123795933,0.0638372500876885,0.83472133247918,4.05232654412982,2466.77831174947,188.821112550035,114.264677419355,1495.88182010831,316.592382858488,
WK063704,Zoetermeer,Noordhove,2023,43.3798861447747,42663.7109666546,0.0660132262635805,0.932007697241822,3.99435590969455,,,,,,
WK063704,Zoetermeer,Noordhove,2024,43.8673772228886,,0.0698674310283053,0.537561208646841,,,,,,,
WK057501,Noordwijk,Noordwijk Binnen,2009,39.229667433926,,0.0841483668573538,0.567646203084085,3.81199053378911,1723.8612873333,139.542868862725,88.0402323396795,894.59929170842,278.975883642285,180.383896437293
WK057501,Noordwijk,Noordwijk Binnen,2010,39.7134207526982,,0.0763731899553981,0.694950702121303,3.88383575883576,1845.75960811148,138.56255973548,79.360719321231,976.160906482002,290.397661738099,192.439002239363
WK057501,Noordwijk,Noordwijk Binnen,2011,40.005492445057,29173.6402806233,0.0880077369439071,0.760260940472955,3.94735472679965,1870.87326619588,149.150292347377,85.4105441591943,991.694312737994,282.924915243828,194.830728891618
WK057501,Noordwijk,Noordwijk Binnen,2012,40.2565246555367,29680.6530161844,0.091148482853552,0.835590465872156,3.91084358370409,1868.9435257732,148.839426473267,90.0867548704251,1059.4599811859,243.887129331794,168.035138872044
WK057501,Noordwijk,Noordwijk Binnen,2013,40.5809801821498,29443.8583995113,0.0802458087226299,0.865228355281591,3.94980934645739,2046.17337462984,151.212347000484,91.1685716013536,1143.73299407354,229.270885341073,233.020395237807
WK057501,Noordwijk,Noordwijk Binnen,2014,41.0277329340253,32067.8451221753,0.0800478612025127,0.863350642251981,3.93604599734631,2027.18422398642,163.7912982605,101.599539972121,1161.10199042365,223.291379477544,187.87737106842
WK057501,Noordwijk,Noordwijk Binnen,2015,41.3806981408697,31507.010304878,0.0947731872842005,0.9278600269179,3.98226981479856,2091.67554583308,164.362084012313,101.145540467138,1070.49976462068,221.696129518981,156.678844970129
WK057501,Noordwijk,Noordwijk Binnen,2016,41.7125001767306,32646.7315153734,0.0861761559491264,0.925192519251925,3.96352744251608,2168.25150548657,169.801277211601,106.774068021466,1168.92046493397,227.305690767654,152.044366333052
WK057501,Noordwijk,Noordwijk Binnen,2017,41.9552823307029,34073.7137503778,0.0918373369533141,0.971931755641167,3.9762364082778,2225.4586287185,173.783432692883,109.739834799785,1181.16550906806,233.87899802478,152.688280960077
WK057501,Noordwijk,Noordwijk Binnen,2018,42.1902992238343,34576.9031561262,0.102133878982754,0.99790958975699,4.02576461309263,2307.16111604763,186.521669924764,120.637933771693,1260.57146140631,220.797172560867,177.871581067472
WK057501,Noordwijk,Noordwijk Binnen,2019,42.3509062687644,37014.9526312681,0.102435364727608,1.01918465227818,3.96569828491425,2338.33767388758,186.169011709604,117.312966627634,1316.86251288056,227.11712236534,154.083760538642
WK057501,Noordwijk,Noordwijk Binnen,2020,42.4073869731886,37812.680941937,0.111123658949746,1.01120517928287,3.85838176128744,2357.47798212444,188.582405179329,122.279141744012,1294.64708949238,234.14150910966,202.758694855047
WK057501,Noordwijk,Noordwijk Binnen,2021,42.5739413385325,39486.2014601871,0.0982023224653863,1.00106354692901,3.89849656730686,2502.4290663877,208.707533928977,133.371751300611,1434.87759669759,236.855155507803,147.095413933499
WK057501,Noordwijk,Noordwijk Binnen,2022,42.7278404338021,42053.3529847346,0.0783102630563062,0.912714005051923,3.9768948759485,2431.08516209196,209.783704958768,134.921366203548,1481.90206540156,248.18999830566,
WK057501,Noordwijk,Noordwijk Binnen,2023,42.9919042636859,44788.4658700186,0.0827798210462755,0.983365677848628,3.90751981116169,,,,,,
WK057501,Noordwijk,Noordwijk Binnen,2024,43.5547303581666,,0.0996465241541828,0.552039499523088,,,,,,,
WK057502,Noordwijk,Noordwijk Buitengebied,2009,44.1513546606349,,0.21969696969697,0.441409691629956,3.28021978021978,1449.0595157385,79.6500969109631,46.1524046032707,989.353846153847,154.386396123561,28.3172578692494
WK057502,Noordwijk,Noordwijk Buitengebied,2010,44.3692285554615,,0.130966239813737,0.434402332361516,3.3383152173913,1444.96675044883,79.7258228605626,41.0486475164572,914.093237582286,145.871412327947,98.1204787552364
WK057502,Noordwijk,Noordwijk Buitengebied,2011,45.3049778854407,24383.6574983628,0.080171358629131,0.275189599133261,3.43231441048035,1589.03239252336,87.4368079800498,45.6490024937655,1016.24695137157,143.365804239402,158.068598130841
WK057502,Noordwijk,Noordwijk Buitengebied,2012,45.854679659221,24984.1582491582,0.0894102726696259,0.319951338199513,3.44204018547141,1464.7897037991,88.0642654639175,49.1211340206185,961.458975515464,117.406179123711,103.607707662589
WK057502,Noordwijk,Noordwijk Buitengebied,2013,46.2186444093186,25139.7403389831,0.462927143778208,1.09738717339667,3.54615384615385,1748.49371652515,90.7493982995422,50.3280183126226,1206.82190974493,121.601556572923,114.527387328543
WK057502,Noordwijk,Noordwijk Buitengebied,2014,46.200861068935,28051.6397694524,0.110501029512697,0.784461152882206,3.51697530864198,1488.25965421853,104.683402489627,61.1906500691563,960.559336099587,125.902123098202,92.3946473029046
WK057502,Noordwijk,Noordwijk Buitengebied,2015,46.1049501901173,26707.3242105263,0.205110961667788,1.09263157894737,3.46444780635401,1559.16423155044,101.356858496953,56.6538659444821,886.133730534869,103.956357481381,251.154746106974
WK057502,Noordwijk,Noordwijk Buitengebied,2016,45.7349863667667,29853.2583668005,0.150096215522771,0.970521541950113,3.56399437412096,1702.34790967742,106.160380645161,60.1626774193549,967.293141935485,128.978729032258,272.594690322581
WK057502,Noordwijk,Noordwijk Buitengebied,2017,45.7570459424834,31822.0624589086,0.135910224438903,0.873051224944321,3.48760330578512,1774.27969943644,110.949348778961,64.1824170319349,1133.62618659987,140.203531621791,147.628653725736
WK057502,Noordwijk,Noordwijk Buitengebied,2018,45.8782718644938,32225.3402909551,0.161016949152542,1.05242718446602,3.73783783783784,1895.02490853659,120.567926829268,74.1019695121951,1055.76542073171,146.017359756098,232.287475609756
WK057502,Noordwijk,Noordwijk Buitengebied,2019,45.7896035666747,38068.2708708709,0.145653425446172,0.870656370656371,3.59617834394904,1808.77440510737,121.910516540917,73.0773824724317,1115.52670922809,161.252988972722,87.9796982008125
WK057502,Noordwijk,Noordwijk Buitengebied,2020,45.6764759891664,36018.2157200229,0.201870187018702,1.125,3.53786906290116,1942.82619390582,120.709362880886,72.7858504155124,1250.48236565097,156.098232686981,82.8807645429363
WK057502,Noordwijk,Noordwijk Buitengebied,2021,46.0625755825514,39820.6400449944,0.160042964554243,0.997975708502024,3.57888198757764,2055.44513001083,130.766451787649,77.1755633802818,1343.03283315276,160.064268689057,103.838358613218
WK057502,Noordwijk,Noordwijk Buitengebied,2022,46.2345033484065,44298.2753058954,0.12133676092545,0.877394636015326,3.66707021791768,2119.70121664888,132.646691568837,79.4172838847384,1487.53291889007,140.990645677695,
WK057502,Noordwijk,Noordwijk Buitengebied,2023,46.5699627145769,51447.7995724212,0.138335885655947,0.86231884057971,3.49258836944128,,,,,,
WK057502,Noordwijk,Noordwijk Buitengebied,2024,46.8662622042136,,0.120126448893572,0.540042149631191,,,,,,,
WK057500,Noordwijk,Noordwijk Zee,2009,43.8349338416916,,0.121805062981534,0.61024237685692,4.06296166021808,2148.40970396001,147.516616252243,96.414978210715,1200.28993847731,308.824932068701,196.397088299372
WK057500,Noordwijk,Noordwijk Zee,2010,44.1703771992337,,0.120216562077027,0.73440065681445,4.20492383988665,2106.08963411492,149.2088305304,88.3377076326007,1116.57075679172,318.048075032342,214.875559134244
WK057500,Noordwijk,Noordwijk Zee,2011,44.3508708816313,36422.3558427855,0.110331872260488,0.787130894667254,4.27696211709262,2005.05671879038,153.046975962782,87.7957159472738,1085.64033988111,304.502822434737,146.917031532696
WK057500,Noordwijk,Noordwijk Zee,2012,44.6107894467848,37050.654144227,0.107298814722396,0.827094474153298,4.23968744321279,2121.87152585765,154.823980532788,94.3941495901638,1232.2931659836,269.42102074795,162.809764464926
WK057500,Noordwijk,Noordwijk Zee,2013,44.9150899757764,35226.6747224037,0.112276757836893,0.920914721295855,4.25821596244131,2098.75449654112,159.443945377612,97.8888113860747,1186.43863828696,254.181059110142,197.867222649244
WK057500,Noordwijk,Noordwijk Zee,2014,45.0605955911845,40884.8411495754,0.122658006495129,0.956815114709852,4.18634926538962,2064.21889782886,170.3900651341,106.858231162196,1140.33936653896,233.820316730524,185.109800766284
WK057500,Noordwijk,Noordwijk Zee,2015,45.151361551117,38822.0567606183,0.137035656603305,0.974259974259974,4.2492576095026,2484.71547407219,171.257063986771,106.601508713904,1173.76738837298,261.208766060297,219.434173868836
WK057500,Noordwijk,Noordwijk Zee,2016,45.2936761741178,39559.8143399189,0.117352056168506,0.994352941176471,4.27814320616425,2576.69460838354,177.086335427619,112.316063597897,1257.73159507629,253.205853314528,236.536487629791
WK057500,Noordwijk,Noordwijk Zee,2017,45.3985498871111,45022.4547335748,0.137785501489573,1.03039383561644,4.32086357714498,2733.89626315123,186.057155533021,120.162669539866,1413.89216503993,273.049932817847,145.763506147801
WK057500,Noordwijk,Noordwijk Zee,2018,45.5324484543025,45141.750971251,0.123418506574051,1.05482661668229,4.31489441225939,2872.8922806795,198.568903397567,129.682810598376,1503.32742647058,253.903383620689,230.833531947261
WK057500,Noordwijk,Noordwijk Zee,2019,45.8314956297523,60290.0609645132,0.10953975933507,0.991316931982634,4.18195432422314,2689.36698029243,203.101717736809,131.280569612206,1406.86275905912,265.882612841704,182.516770502225
WK057500,Noordwijk,Noordwijk Zee,2020,46.4559503644545,47886.5354956363,0.112095868181251,0.988479262672811,4.15744012563801,2598.20685962003,199.883083003952,129.939929873773,1335.03375749075,265.740798163968,203.030525309193
WK057500,Noordwijk,Noordwijk Zee,2021,46.7332229893151,46715.6377021165,0.116645649432535,0.989785992217899,4.21394705649941,2749.2329602888,223.239544868489,144.335670448685,1490.74439659618,279.018616554925,136.731670964415
WK057500,Noordwijk,Noordwijk Zee,2022,46.5599183723162,56036.35808843,0.109786700125471,0.965271170313987,4.18435862604308,2659.55659968888,216.659910552244,138.745968369199,1513.49095281307,283.602590095929,
WK057500,Noordwijk,Noordwijk Zee,2023,46.9294199214381,63770.0472732074,0.108186397984887,0.995611896635787,4.0440313111546,,,,,,
WK057500,Noordwijk,Noordwijk Zee,2024,47.260365132301,,0.125209326291382,0.604791961870411,,,,,,,
WK057503,Noordwijk,Noordwijkerhout,2009,40.3711175197295,,0.118444165621079,0.624713208784005,3.75179145045713,2113.84427498508,126.566853922993,75.7027994535975,1127.23671220012,300.41170665073,290.477226252454
WK057503,Noordwijk,Noordwijkerhout,2010,40.8175568174031,,0.0996435380916853,0.810469314079422,3.83710462287105,2207.80497763525,131.089565622353,71.636691786622,1065.29360711261,316.466520745132,426.861987509494
WK057503,Noordwijk,Noordwijkerhout,2011,41.149018738987,27831.1132059448,0.0969883016676346,0.803590285110876,3.91201583962381,2100.30134796501,139.858701320549,75.8400908402727,1065.76553452771,309.381974934814,323.847990245543
WK057503,Noordwijk,Noordwijkerhout,2012,41.2751945131285,28055.3967171717,0.0944311919058978,0.771583956492182,3.89126405535648,2124.02417117192,140.708605425196,81.4761998668679,1165.87606090863,265.244142120154,302.038633452549
WK057503,Noordwijk,Noordwijkerhout,2013,41.1963505731068,27953.0274425525,0.111943303535476,0.866819371727749,3.92115621156212,2141.99354008954,139.768014825675,79.7281720430115,1164.82069240796,253.616474421634,292.923737077737
WK057503,Noordwijk,Noordwijkerhout,2014,41.5408224020973,29292.8835712518,0.0748654510402442,0.836964688204358,3.84560077991713,2123.18070749736,146.032108854587,83.7380812347675,1170.47098862713,245.868437855401,251.237001055966
WK057503,Noordwijk,Noordwijkerhout,2015,41.6842955634503,29491.7872357992,0.0892052767052767,0.923048869438366,3.90014847809948,2200.34569908196,145.635259692757,82.7507794846776,1159.25975046736,243.298205315776,206.60035096271
WK057503,Noordwijk,Noordwijkerhout,2016,42.0285774965072,30747.8971695026,0.107579266831723,0.956949152542373,3.84405697445973,2304.78190994917,148.596513879923,85.6772805035499,1230.7601307295,246.174593285991,212.16898410393
WK057503,Noordwijk,Noordwijkerhout,2017,42.0896375392332,31980.9161826396,0.105788109636378,1.00199203187251,3.9455824284304,2454.42016406435,158.996365221524,94.8518530554001,1328.10367837045,249.802002060712,213.566889910438
WK057503,Noordwijk,Noordwijkerhout,2018,42.5767654610346,31907.5951611567,1.0299797979798,1.40517171717172,3.94165316045381,2450.24075399412,173.296041734595,106.700509455493,1310.35944245191,255.657694000653,182.490526573199
WK057503,Noordwijk,Noordwijkerhout,2019,42.4158486885836,33967.1732923174,0.0943846153846154,0.705230342916522,3.86418571257628,2592.06385470085,174.555765345767,105.60558818959,1400.1250986791,247.46683916084,238.041783993784
WK057503,Noordwijk,Noordwijkerhout,2020,42.620395015841,34543.5995138018,0.100676298801107,0.849076704545455,3.8019021399074,2401.53608719219,169.591304785503,103.367674616695,1268.82053043209,253.418822208456,236.016464302308
WK057503,Noordwijk,Noordwijkerhout,2021,42.6371191860876,36268.9856742448,0.0997038499506417,0.887700534759358,3.80230986607691,2482.66339153073,190.816648288539,115.219361359981,1413.81884370932,248.544292059116,138.284194042423
WK057503,Noordwijk,Noordwijkerhout,2022,42.6295561758178,38423.9590389016,0.0952732644017725,0.929432013769363,3.84469696969697,2415.19895383696,194.03711330935,119.200529826138,1451.98087455037,279.044105215827,
WK057503,Noordwijk,Noordwijkerhout,2023,42.6705617917343,41017.1427613941,0.0982562766804139,0.951618398637138,3.75077595125877,,,,,,
WK057503,Noordwijk,Noordwijkerhout,2024,42.9343787436472,,0.107781818181818,0.450909090909091,,,,,,,
WK057504,Noordwijk,Noordwijkerhout Buitengebied,2009,40.6430313361476,,0.144668587896254,0.703549060542798,3.39114724480578,1540.24558488303,111.245548890222,60.5948530293942,887.447930413917,253.370593881223,86.6376664667067
WK057504,Noordwijk,Noordwijkerhout Buitengebied,2010,41.1898946279724,,0.0671336835960303,0.67816091954023,3.43063063063063,1704.6965214761,118.317175757576,59.6280666666666,971.369654545456,252.170975757576,123.690308529946
WK057504,Noordwijk,Noordwijkerhout Buitengebied,2011,41.6373318542779,31773.4166666667,0.0806264501160093,0.718676122931442,3.54128440366972,1751.41718712753,127.56041716329,64.8062038140643,932.54637067938,249.125822407628,195.016591179976
WK057504,Noordwijk,Noordwijkerhout Buitengebied,2012,41.9771648410731,34680.7244143033,0.0901060070671378,0.81592039800995,3.56160458452722,1847.66153984422,131.632408627921,73.1193648891551,1241.96947273817,199.329436788496,62.4461354104254
WK057504,Noordwijk,Noordwijkerhout Buitengebied,2013,42.7410728963969,37007.6813391197,0.0891148325358852,0.850282485875706,3.46037735849057,1959.23832524272,128.368082524272,68.2396480582524,1273.55284587379,172.372809466019,77.4824029126214
WK057504,Noordwijk,Noordwijkerhout Buitengebied,2014,42.6577642783746,41107.9271523179,0.107905366416619,0.887871853546911,3.58447488584475,1968.97618405627,135.590622431004,73.0086729301233,1267.43673517322,181.515055783911,105.209314185229
WK057504,Noordwijk,Noordwijkerhout Buitengebied,2015,42.7888918336451,36628.2821869489,0.0838526912181303,0.775229357798165,3.66153846153846,1762.78894948336,137.173673938002,73.2158955223883,942.306394948337,198.112003444317,87.6571928817451
WK057504,Noordwijk,Noordwijkerhout Buitengebied,2016,42.2186311397,46443.7343387471,0.118679050567595,0.878099173553719,3.61925042589438,1816.49162473794,138.266027253669,77.4487054507337,1078.16607966457,177.359428721174,79.5376310272537
WK057504,Noordwijk,Noordwijkerhout Buitengebied,2017,41.56265048961,42050.3812249571,0.195110258868648,1.09931972789116,3.54388984509466,1917.21680819912,139.24112249878,79.0504929233772,1026.94685700342,192.431932650073,140.10336749634
WK057504,Noordwijk,Noordwijkerhout Buitengebied,2018,42.4929335083949,44341.4369942196,1.04793138244198,1.45431600201918,3.60343270099368,1880.0066204417,147.841818181818,86.0896302003082,1044.89343605547,189.846789933231,164.521145351823
WK057504,Noordwijk,Noordwijkerhout Buitengebied,2019,42.3086444269712,51446.3613786113,0.160238751147842,0.846979865771812,3.69039735099338,1841.17152510558,158.740211168466,93.1142468324728,1060.68317221962,181.174960112623,103.236846550915
WK057504,Noordwijk,Noordwijkerhout Buitengebied,2020,43.5288934041932,50869.4724255734,0.149515459160129,0.905247813411079,3.49874895746455,1870.56167842031,158.331772449459,92.5081476257637,971.845491302304,184.59610719323,217.108349788434
WK057504,Noordwijk,Noordwijkerhout Buitengebied,2021,44.5181634623937,49417.0830889541,0.113882352941176,0.939068100358423,3.47058823529412,2088.55768536122,181.659529467681,107.265042775665,1212.25437737643,169.94108365019,67.3855846007605
WK057504,Noordwijk,Noordwijkerhout Buitengebied,2022,44.3006556397068,56104.0233009709,0.120300751879699,0.842507645259939,3.50311526479751,1774.07869248291,175.570906605923,103.360209567198,1089.36127107061,167.91515261959,
WK057504,Noordwijk,Noordwijkerhout Buitengebied,2023,44.3233469834684,65690.9910546139,0.111160515784793,0.752577319587629,3.42210283960092,,,,,,
WK057504,Noordwijk,Noordwijkerhout Buitengebied,2024,45.2582375808628,,0.135110709444193,0.505648441030276,,,,,,,
WK192602,Pijnacker-Nootdorp,Nootdorp,2009,34.5876457447627,,0.137592949600661,0.626836434867777,3.52497134435893,1571.83759004474,108.137963532635,58.6545226243081,895.151333967223,248.842491750098,120.573016778523
WK192602,Pijnacker-Nootdorp,Nootdorp,2010,34.8152280140131,,0.108010281697529,0.736650225176925,3.60173967070519,1673.6543371827,109.513341359015,52.9832129481002,980.158211878012,263.255479400749,110.218350806237
WK192602,Pijnacker-Nootdorp,Nootdorp,2011,35.1167040656893,30429.519494373,0.069824142760803,0.676803216888666,3.65502522312767,1789.88907687461,121.622909749947,61.0047541500312,1027.83030731246,254.223606324858,174.537832913253
WK192602,Pijnacker-Nootdorp,Nootdorp,2012,35.5383062950605,30564.9557250291,0.0655906770484195,0.679059180576631,3.60400094510514,1722.11141442568,118.039788277014,61.7668137254901,1006.89966833542,233.560863057988,154.049776943924
WK192602,Pijnacker-Nootdorp,Nootdorp,2013,35.9991347688059,31495.3326461571,0.0678429551668988,0.714864522663966,3.59270420301348,1842.95250625523,118.145063099707,60.6001694826867,1105.93869263663,218.866330830203,184.862112698082
WK192602,Pijnacker-Nootdorp,Nootdorp,2014,36.570614285101,33147.2532755706,0.0718192137034362,0.78676844783715,3.66115636479796,1928.77506464393,127.848128423139,68.0700208648488,1163.91209483074,221.421418288039,156.733946408091
WK192602,Pijnacker-Nootdorp,Nootdorp,2015,37.0649107138619,33543.4249088122,0.0722879124283575,0.852703385548257,3.71476058567471,1881.98840031315,130.798270425476,70.1428081440878,1094.47143148003,213.334685460716,120.900079853862
WK192602,Pijnacker-Nootdorp,Nootdorp,2016,37.5441461582165,34745.815227679,0.0924994869690129,0.890131742480736,3.72242357390482,1937.81013119003,132.294880983253,71.6297116631217,1132.05054503967,209.29021002956,94.6250583354938
WK192602,Pijnacker-Nootdorp,Nootdorp,2017,37.8621562517599,36489.1964705268,0.0878026356114005,0.929623983739837,3.74225161341726,2002.59114739721,134.837295568281,73.0522514574646,1161.85699840066,219.492483103751,104.192712686375
WK192602,Pijnacker-Nootdorp,Nootdorp,2018,38.3463301532552,36817.5627924092,0.0710497863357875,0.917010005885815,3.77823636796571,2080.87749571005,144.147362071656,81.0453278560656,1200.20926472882,220.708979772243,132.979978680256
WK192602,Pijnacker-Nootdorp,Nootdorp,2019,38.8953747010294,39434.9716319536,0.0711664685513463,0.865956253505328,3.77072240324247,2159.52790646694,150.742992327364,85.0979242131621,1218.96362388433,228.799915444439,155.061540268281
WK192602,Pijnacker-Nootdorp,Nootdorp,2020,39.4625088182003,40183.3452036032,0.0889922480620155,0.952258064516129,3.73093799155559,2213.10625836118,152.616757943146,85.8195469272574,1237.51238503344,247.538769335284,152.213501776756
WK192602,Pijnacker-Nootdorp,Nootdorp,2021,39.94356365802,42180.9226673695,0.0877238247587595,0.940467025917372,3.72999754319876,2333.20629834542,169.479746333326,98.5282728743681,1344.33907876194,232.700177462288,121.822626441881
WK192602,Pijnacker-Nootdorp,Nootdorp,2022,40.3628677826901,44017.7489145399,0.0705852023717453,0.851728907330567,3.81134785731386,2235.91541503011,177.865091385182,105.868441476826,1351.22954752553,244.866049751244,
WK192602,Pijnacker-Nootdorp,Nootdorp,2023,40.7667085565112,46960.5776519162,0.0624546866908338,0.834366197183099,3.74497767857143,,,,,,
WK192602,Pijnacker-Nootdorp,Nootdorp,2024,41.4597269453212,,0.0733551935688597,0.475988999365348,,,,,,,
WK057904,Oegstgeest,Oegstgeest Noord,2009,38.8569574363846,,0.0688514732411305,0.597337770382696,3.61811800833516,1637.42712074778,120.048609961685,68.9555049808433,857.424186973176,267.448064367816,195.245091939933
WK057904,Oegstgeest,Oegstgeest Noord,2010,39.1751577200731,,0.0632088310902767,0.680445151033386,3.64321498584186,1793.98163894023,123.011874322859,64.3162219470671,914.267565392352,271.718328432131,269.755234134319
WK057904,Oegstgeest,Oegstgeest Noord,2011,39.6288465781651,33863.3833515882,0.0696009747182455,0.706921944035346,3.69510022271715,1732.59030063536,140.023861416835,76.2629452798017,855.65734924818,268.190502247714,270.1443297691
WK057904,Oegstgeest,Oegstgeest Noord,2012,40.3095989269191,33415.8799054374,0.0642526964560863,0.761181434599156,3.69051428571429,1947.96676788229,141.136611311296,81.6953376155411,1116.99414381952,234.291386495378,246.221180153389
WK057904,Oegstgeest,Oegstgeest Noord,2013,40.9445968881687,33435.5208628562,0.0790081626366857,0.792977322604243,3.67828294484191,1810.3307265625,146.931809508914,86.4120143884892,1003.06335939943,207.619502658742,221.6955515625
WK057904,Oegstgeest,Oegstgeest Noord,2014,41.5726529838438,37624.8532154341,0.0611860684028867,0.76058506543495,3.73004421689551,1892.17617065391,157.360566188197,94.3641881977676,1070.74159808613,211.55914354067,206.754829346092
WK057904,Oegstgeest,Oegstgeest Noord,2015,42.1659435782924,35262.0390385546,0.0659184318684793,0.828138163437237,3.76977070659803,2041.34501843835,157.496369906962,93.6253625280718,1082.03953480911,246.638732755854,192.985550745551
WK057904,Oegstgeest,Oegstgeest Noord,2016,42.2959707247841,36479.9580283065,0.0833464877663773,0.923641703377386,3.80909943714822,2088.62712223291,161.447181132681,97.6707556553828,1166.57721482432,258.265958607412,181.921798203401
WK057904,Oegstgeest,Oegstgeest Noord,2017,42.8212752581528,38136.6312276132,0.0811068702290076,0.889507154213037,3.83546401515152,2264.02244351194,160.871074887025,95.5563912201422,1301.23063428018,252.192683989671,184.13857004519
WK057904,Oegstgeest,Oegstgeest Noord,2018,43.158118400125,38095.0521668029,0.0595410046541486,0.846009389671362,3.81855030996662,2182.1099869473,175.361631587535,108.147599934737,1211.84689998369,241.410868004569,209.67754446076
WK057904,Oegstgeest,Oegstgeest Noord,2019,43.6055138672036,40557.3130879683,0.0755355129650507,0.917657045840407,3.8987157741701,2426.38983322433,181.070608240681,111.310093198168,1365.58025833878,256.99886527142,229.426219751472
WK057904,Oegstgeest,Oegstgeest Noord,2020,44.1590876848945,40694.49319615,0.0814295039164491,0.921138211382114,3.75653719218076,2185.40965683023,179.204774535809,110.748761604774,1151.20841511936,257.691309681698,224.887599469496
WK057904,Oegstgeest,Oegstgeest Noord,2021,44.5747557958319,43569.3131464798,0.0679802955665025,0.95479704797048,3.8039314516129,2287.86951235805,198.479006346025,121.32788243153,1256.8260504342,248.689791249164,161.863886105544
WK057904,Oegstgeest,Oegstgeest Noord,2022,45.0571420597247,45654.8945319113,0.0522214854111406,0.797418073485601,3.92910821643287,2340.63137371003,207.250952461513,129.727389612587,1426.91207240738,264.72847910675,
WK057904,Oegstgeest,Oegstgeest Noord,2023,45.292598167815,48206.5238175962,0.0667218543046358,0.878275570583263,3.86817279046673,,,,,,
WK057904,Oegstgeest,Oegstgeest Noord,2024,45.8748933038213,,0.0654520917678812,0.488274000337439,,,,,,,
WK057905,Oegstgeest,Oegstgeest West,2009,30.5299753875078,,0.277360515021459,1.00950570342205,3.31589338598223,1648.62679815911,107.095907894737,57.8841381578949,947.032526315788,204.753184210526,190.084148586456
WK057905,Oegstgeest,Oegstgeest West,2010,30.4630346841239,,0.150334075723831,0.994444444444444,3.35064935064935,1582.7657560026,112.702907431552,56.759224250326,763.036486310301,208.499934810952,286.260655418559
WK057905,Oegstgeest,Oegstgeest West,2011,30.838020048401,23953.7045291157,0.254335260115607,1.1984649122807,3.23497854077253,1550.83007508533,131.832453861927,71.8403417634997,760.209172932332,189.777525632262,286.951733788396
WK057905,Oegstgeest,Oegstgeest West,2012,30.2480431656664,25818.4442162902,0.245179063360882,1.32142857142857,3.1126173096976,1390.33497442455,126.776118925831,71.7541048593351,790.157205882353,137.998433503836,149.975095907928
WK057905,Oegstgeest,Oegstgeest West,2013,31.0740771832909,28362.360929557,0.184405940594059,1.25157232704403,3.06849315068493,1561.52763812155,131.158341395992,75.0276088458878,777.996330338632,135.587470628887,357.204412983425
WK057905,Oegstgeest,Oegstgeest West,2014,31.9346490826388,31133.6594911937,0.304158907510863,1.36708860759494,3.02466598150051,1599.71739019732,143.781712285169,85.4505537873965,841.789554423933,146.490502864418,252.840789306174
WK057905,Oegstgeest,Oegstgeest West,2015,31.2206975688501,30986.8519153802,0.225910064239829,1.14868804664723,3.05534709193246,1677.82486238532,138.943331533477,81.3067710583157,921.055701943845,143.547813174946,248.811063140853
WK057905,Oegstgeest,Oegstgeest West,2016,31.2372738662822,33067.970727101,0.245120290512937,1.30138713745271,2.98497370398197,1668.83427135678,149.098802559415,90.439364716636,905.312207495428,152.839748628885,204.966934673367
WK057905,Oegstgeest,Oegstgeest West,2017,31.1988782543667,34559.6802631579,0.131189166314008,1.14551083591331,2.98301329394387,1922.22991890739,145.694152795561,85.6472727272728,1099.33655142979,145.314110115237,154.934754588135
WK057905,Oegstgeest,Oegstgeest West,2018,30.4777995541165,39369.1355991591,0.235709482178884,1.12342342342342,2.80283353010626,1715.63915957809,154.570813201769,93.0864545763862,878.941044572983,128.855066349098,188.528727458319
WK057905,Oegstgeest,Oegstgeest West,2019,30.8655665684466,43836.1578614363,0.13969696969697,0.945917285259809,2.82315112540193,1781.88187365838,162.471057957682,97.81103342533,890.493879178166,147.896372278442,219.184345292855
WK057905,Oegstgeest,Oegstgeest West,2020,30.9330899920454,46238.0787671233,0.13728720483251,1.05923694779116,2.75977366255144,1849.0683082916,153.879969393433,91.0135030606568,1015.74238731219,159.251516416249,174.538171953255
WK057905,Oegstgeest,Oegstgeest West,2021,31.718041202449,48951.4656930284,0.0782122905027933,0.906918238993711,2.84683357879234,1780.22219288792,173.160075431034,102.226751077586,959.475334051723,148.98671875,143.72478987069
WK057905,Oegstgeest,Oegstgeest West,2022,32.0113717687471,52791.1539874082,0.0919918905220476,0.941520467836257,2.87657657657658,1631.03012100927,176.483486096807,105.724768280124,996.137623583935,148.268254376931,
WK057905,Oegstgeest,Oegstgeest West,2023,32.1827654806135,58353.6231635651,0.118325099976476,1.02417794970986,2.83032786885246,,,,,,
WK057905,Oegstgeest,Oegstgeest West,2024,32.6278237731979,,0.0463966085727744,0.3886925795053,,,,,,,
WK063706,Zoetermeer,Oosterheem,2009,30.364530675988,,0.133756949960286,0.627017999628874,3.47176452965848,1581.74496741453,116.286599861044,65.5517316017313,806.512508684734,238.779088771312,202.484536858974
WK063706,Zoetermeer,Oosterheem,2010,30.8781975039671,,0.099078812691914,0.721526780217525,3.51735334439714,1601.64258730076,119.404844965261,62.2834273566314,841.052363372396,239.943689723116,175.927092381493
WK063706,Zoetermeer,Oosterheem,2011,31.2499052867922,27720.6956120092,0.0787374089957116,0.730394234845273,3.58408769448373,1686.96068072288,131.987703584697,70.7232417913449,886.860891153728,235.015339391505,192.548463353413
WK063706,Zoetermeer,Oosterheem,2012,32.0554807844052,27857.9471058368,0.110270116845641,0.875117194824677,3.53003677973028,1718.6806418308,125.041220545532,68.7533998191086,979.417969724378,209.940780692149,171.940147016842
WK063706,Zoetermeer,Oosterheem,2013,32.8247075538723,28296.125368171,0.0839206231454006,0.852994923857868,3.49583968936347,1876.86424129411,123.183672326926,66.0271505877957,1092.24472802762,198.266833830939,211.327441144935
WK063706,Zoetermeer,Oosterheem,2014,33.2219673524678,29557.2203342618,0.0852857207595051,0.858255451713396,3.46598593454152,1823.63294254552,132.185553425535,73.0053060386156,1040.76179150121,197.868993107856,190.984088897002
WK063706,Zoetermeer,Oosterheem,2015,33.7227101882704,29970.5008027891,0.0870675748341997,0.877515813686026,3.50972138705151,1801.41758241262,133.622687449245,73.6457100965437,1027.66707615267,206.364835784534,136.722621420519
WK063706,Zoetermeer,Oosterheem,2016,34.0450863247125,31524.5322905929,0.10578014494019,0.960105913503972,3.52287076407679,1832.59329453108,135.065161247802,75.2474525483305,1048.242956942,206.847277240773,132.097227322645
WK063706,Zoetermeer,Oosterheem,2017,34.5426996068246,32506.1080612925,0.0934652434261911,0.892639138240575,3.61103502250049,1959.90330334526,132.689921390516,71.6283540047164,1147.31194820508,209.692705039742,133.079828806009
WK063706,Zoetermeer,Oosterheem,2018,34.9547476412208,33083.7559471751,0.0926329276105061,0.906366344005957,3.65562616342512,2039.58773307546,142.80327014829,79.460563937245,1170.34529464861,205.929194498172,159.829572318934
WK063706,Zoetermeer,Oosterheem,2019,35.3663802890747,35155.0889051851,0.0874572838881154,0.905674846625767,3.64879202352039,2080.56103203905,150.046874602164,83.8497878209203,1191.39430596223,217.715217059198,158.94477190749
WK063706,Zoetermeer,Oosterheem,2020,35.9028397992038,36690.2761181217,0.0809445637075388,0.895292049228365,3.5959536048504,1966.71619442798,150.810667711068,84.6646248623929,1043.06655898044,231.100475061393,176.239453806419
WK063706,Zoetermeer,Oosterheem,2021,36.3284131603655,38273.1544348424,0.0763008215715189,0.873115577889447,3.61169483782549,2055.3559664222,173.744021706873,100.679713825411,1146.9656891508,228.966384873023,109.184395217705
WK063706,Zoetermeer,Oosterheem,2022,36.8194332743963,40475.4502082707,0.0785819173484372,0.86549940310386,3.69980891719745,2070.8670334138,184.839580739423,112.82781433956,1226.25545504595,246.105618938721,
WK063706,Zoetermeer,Oosterheem,2023,37.3329388863852,44221.3580398812,0.0861539737846358,0.875872476891153,3.6470288516655,,,,,,
WK063706,Zoetermeer,Oosterheem,2024,37.9775746005152,,0.066823667942302,0.442659489465495,,,,,,,
WK057901,Oegstgeest,Oud Oegstgeest,2009,40.5596725537441,,0.085146841326854,0.513513513513513,3.59823182711198,2489.21745658386,107.183403693931,57.5925571679862,853.212966138963,289.729956024627,1028.00728511761
WK057901,Oegstgeest,Oud Oegstgeest,2010,40.871489622881,,0.0955223880597015,0.779000846740051,3.65247755237779,2091.73830395001,113.666768920734,54.1050918047465,869.382747424987,289.407095835199,627.526208435617
WK057901,Oegstgeest,Oud Oegstgeest,2011,41.3976513385738,45916.9679731243,0.113211600429646,0.784415584415584,3.69776119402985,2197.70406507689,128.973135725429,64.7967372409184,860.232253175841,264.847051482059,729.363701805215
WK057901,Oegstgeest,Oud Oegstgeest,2012,41.9857279289751,47278.5550790068,0.0930080592463516,0.831875607385811,3.53506044905009,2103.69755276157,134.306735565041,74.5624331610875,1041.89285553808,221.493370029206,493.080722945667
WK057901,Oegstgeest,Oud Oegstgeest,2013,42.2598584883337,47231.5719440686,0.10060579835569,0.898576512455516,3.59299474605954,2126.16513483397,142.57774308653,81.5004705619979,968.079295272075,214.178833630687,549.631909962112
WK057901,Oegstgeest,Oud Oegstgeest,2014,42.4914358406013,52469.2403781229,0.0895135135135135,0.816814159292035,3.64468232044199,2052.15670158235,150.337414177441,86.8419572001783,1007.47098082925,214.09096076683,403.016012926231
WK057901,Oegstgeest,Oud Oegstgeest,2015,42.5188300497859,50479.8503937008,0.108503767491927,0.958371040723982,3.57730147575545,2215.37265143111,149.398276015087,85.3642533836255,941.986640781006,209.720903039716,358.598979365432
WK057901,Oegstgeest,Oud Oegstgeest,2016,42.4928645016001,52521.7616801438,0.0866580866580867,0.826047358834244,3.63084612638343,2387.60436484982,151.760879928715,87.5130407663177,1050.84990643796,200.352013811539,529.894827586207
WK057901,Oegstgeest,Oud Oegstgeest,2017,42.5351492855596,54112.8176549264,0.0996592844974446,0.943308550185874,3.55991663772143,2810.94738315696,154.003734567902,89.173059964727,1117.11271164021,199.209501763669,805.490901675485
WK057901,Oegstgeest,Oud Oegstgeest,2018,42.8561443846263,52394.6799200355,0.0911229946524064,0.956268221574344,3.57973019716361,3049.90471781304,168.117145061728,100.427398589065,1215.55297619048,205.988540564374,865.516437389771
WK057901,Oegstgeest,Oud Oegstgeest,2019,42.6530928422519,59507.9789823009,0.0866624392306066,0.9120151371807,3.50275671950379,3041.0171696877,171.611209871152,101.069290238043,1141.31221664119,221.320550338502,923.274959598166
WK057901,Oegstgeest,Oud Oegstgeest,2020,42.5069353026269,57214.985757445,0.101709045435598,0.923142613151153,3.41956059532247,3152.34130360206,170.041511578044,99.6951136363638,1087.49631861064,228.305632504288,1182.42141723842
WK057901,Oegstgeest,Oud Oegstgeest,2021,41.8633281687784,61562.0987373215,0.125542834583498,0.9478324761205,3.42871830020562,2713.6707320584,191.437684556859,115.460065803002,1151.35363972856,229.122259921859,740.093181163891
WK057901,Oegstgeest,Oud Oegstgeest,2022,41.8384661968018,62622.7003549802,0.0894230769230769,0.825821237585944,3.44249254226052,2109.91480957336,201.268272632674,124.555138397503,1137.32836212279,330.908772112383,
WK057901,Oegstgeest,Oud Oegstgeest,2023,42.3441925569687,64814.8487518355,0.0989827856025039,0.829985652797704,3.36630398944939,,,,,,
WK057901,Oegstgeest,Oud Oegstgeest,2024,42.3035408075159,,0.127931769722815,0.562815044590927,,,,,,,
WK057902,Oegstgeest,Oudenhof,2009,45.0601644752689,,0.124883379981341,0.712458286985539,4.31184635862331,2173.82356826976,135.111471807628,84.672408789387,1237.12145522388,339.554205362078,171.247469596462
WK057902,Oegstgeest,Oudenhof,2010,45.4586028680231,,0.12601519517946,0.865866388308977,4.39139460275524,2392.90498241818,139.431001360544,77.2293319727892,1300.07731564625,353.814578231292,303.969134433324
WK057902,Oegstgeest,Oudenhof,2011,45.6042963862752,32092.4431234801,0.10694208393254,0.759298618490967,4.40359079857864,2332.92117108628,158.063303715671,90.3836133548734,1244.08912224017,345.328251211633,287.591943734016
WK057902,Oegstgeest,Oudenhof,2012,45.6141665514953,32134.6044337607,0.106336301458253,0.833770319874148,4.35186942493832,2325.14564044944,162.861515271718,100.090700780113,1362.05886552955,310.63094142536,210.793644415069
WK057902,Oegstgeest,Oudenhof,2013,45.806372080171,32362.9796824543,0.112022925621988,0.9551466359977,4.36485177291223,2415.60439428343,164.944487641951,101.10782765531,1361.88658517034,290.603198396794,196.293917456925
WK057902,Oegstgeest,Oudenhof,2014,45.0823591926495,34104.5664177114,0.101205746536685,0.915178571428571,4.27756360832691,2233.58308908804,169.7254928835,104.311361360042,1227.98231681602,276.617750395361,183.40983658408
WK057902,Oegstgeest,Oudenhof,2015,45.0109442439041,34012.4570511105,0.0975358018320217,0.968929804372842,4.37826086956522,2472.34805327325,166.826180251823,100.733953611664,1278.19672100729,262.502056991386,159.789541478929
WK057902,Oegstgeest,Oudenhof,2016,45.0687946562911,35308.1912742751,0.130735708792617,1.07503991484832,4.30165615141956,2541.07852417974,172.669785187138,106.759073537164,1264.55880205588,269.043147074327,180.524669916985
WK057902,Oegstgeest,Oudenhof,2017,45.2065256489358,36411.4794086589,0.120606826801517,1.10446194225722,4.31773495871018,2771.57548085659,172.711012329657,105.850439974043,1396.23153536665,268.629576898119,235.743897469176
WK057902,Oegstgeest,Oudenhof,2018,45.3034924206688,36646.844973545,0.106741573033708,1.0431282346176,4.28191911181602,2842.46660057774,188.682530199579,118.053093487396,1460.13482930672,277.107354254202,210.607379201681
WK057902,Oegstgeest,Oudenhof,2019,45.102104708483,38755.0914489311,0.102564102564103,1.02710665880966,4.19163346613546,2867.11301165379,195.410454366898,122.490589236612,1489.74538169438,284.655333246039,168.441813539348
WK057902,Oegstgeest,Oudenhof,2020,45.0300128393989,39194.2960901259,0.113217213114754,1.05387205387205,4.04616998950682,2602.41850157315,188.65281331935,118.169193759832,1267.83905479811,272.742619297326,224.710816727845
WK057902,Oegstgeest,Oudenhof,2021,44.9816097509378,41222.493357885,0.105624840926444,1.07346690953248,4.0039264310808,2701.18652803127,208.281967405474,130.186551499348,1393.00701564537,257.029498044329,182.73832464146
WK057902,Oegstgeest,Oudenhof,2022,44.8070143274848,43701.608581551,0.106752168992833,1.0011068068622,4.03084415584416,2563.35587410771,213.512639844258,135.562498377677,1460.27004802077,268.790385463984,
WK057902,Oegstgeest,Oudenhof,2023,44.5069057541781,46558.4529981671,0.10872027180068,1.00162074554295,3.87411740972362,,,,,,
WK057902,Oegstgeest,Oudenhof,2024,44.7187067515172,,0.108961038961039,0.568571428571429,,,,,,,
WK048401,Alphen aan den Rijn,Oudshoorn,2009,38.0206462356141,,0.0903559476726498,0.570505050505051,3.83311809441814,1941.09145389345,136.352203997949,85.3038749359301,1027.86053613531,303.646080984111,228.777902663934
WK048401,Alphen aan den Rijn,Oudshoorn,2010,38.3165542019269,,0.0882803719219373,0.723985890652557,3.89441172245367,2038.56997527558,139.309816618316,80.315069415665,1092.63238085371,299.87487463738,254.224431853301
WK048401,Alphen aan den Rijn,Oudshoorn,2011,38.8417395147907,28741.9457577037,0.0872876994338652,0.751748251748252,3.98938053097345,2109.3845795749,155.329872472784,92.2237812337999,1147.22253913945,305.266461378954,258.136821150855
WK048401,Alphen aan den Rijn,Oudshoorn,2012,39.3191525956512,28568.4768871925,0.0720356550580431,0.789576229907452,3.89674473412874,1969.7477122347,154.881031539502,96.2989257832826,1113.00765899865,269.438558342875,188.673514357054
WK048401,Alphen aan den Rijn,Oudshoorn,2013,39.6772672928007,28459.1734531994,0.0701699834162521,0.824960338445267,3.90533980582524,2039.98193581997,153.965885356956,94.0547535174573,1148.72052840021,246.746132360604,240.37530214628
WK048401,Alphen aan den Rijn,Oudshoorn,2014,39.8830743775077,29662.4773259527,0.082702085711321,0.88758231420508,3.906766687079,2010.30335384295,164.627654359616,102.812166249478,1108.99007300793,262.723844388819,199.284937949734
WK048401,Alphen aan den Rijn,Oudshoorn,2015,40.3832906721913,29544.8706334793,0.0765295468782627,0.892947742262811,4.00661742074484,2159.61706654072,162.023242335153,99.1291400671984,1120.78687211256,255.22991705166,186.945670654912
WK048401,Alphen aan den Rijn,Oudshoorn,2016,40.6244467449578,31240.8976954555,0.08108675128501,0.888235294117647,4.02827017114914,2154.5111269089,173.207015271195,110.369344918378,1132.51347656661,262.280244339125,138.229448130595
WK048401,Alphen aan den Rijn,Oudshoorn,2017,40.7398922570318,31745.3545532096,0.10153974198918,0.999098693105002,4.02190343976554,2272.03820403047,179.925276182522,115.684179805784,1204.37076224287,251.992631304166,149.119696147019
WK048401,Alphen aan den Rijn,Oudshoorn,2018,40.6890193811082,32196.7944990588,0.114026133115557,1.00423370025402,4.01910438636711,2223.00419331693,182.815179376793,116.851100861009,1131.66408569085,240.052761377614,166.219668921689
WK048401,Alphen aan den Rijn,Oudshoorn,2019,40.6955400087866,34512.9730316181,0.0817502021018593,0.897283950617284,3.92285884810504,2316.14448436866,193.005124847746,123.20585363378,1193.05985992691,246.821101299228,194.157215793748
WK048401,Alphen aan den Rijn,Oudshoorn,2020,40.8525397318154,35514.6651366576,0.0762235618677838,0.94251683065769,3.83956113849579,2211.91939085772,191.236606060606,122.604394453005,1119.54213148434,250.516550590653,190.278642013354
WK048401,Alphen aan den Rijn,Oudshoorn,2021,40.9408023217018,36954.652514083,0.0761535320538995,0.958918918918919,3.85391110403059,2375.77679700329,204.746129926108,130.371311576356,1340.30414614121,256.271986863712,136.385978037767
WK048401,Alphen aan den Rijn,Oudshoorn,2022,41.0923848819766,39206.3355893378,0.065206316861946,0.888531618435155,3.88819487820112,2443.64143106279,216.530808370947,140.472083504309,1492.38180447271,263.643637669266,
WK048401,Alphen aan den Rijn,Oudshoorn,2023,40.9034798201809,41782.0242185883,0.0735115431348724,0.86426735218509,3.75406787540679,,,,,,
WK048401,Alphen aan den Rijn,Oudshoorn,2024,41.2964444455981,,0.0720343312557474,0.491876979666905,,,,,,,
WK192601,Pijnacker-Nootdorp,Pijnacker,2009,36.9352462750367,,0.0927339161000879,0.565943600867679,3.58941701680672,1626.13927124181,110.996776257414,59.5403824779343,879.65875309392,252.959529724932,178.602528944911
WK192601,Pijnacker-Nootdorp,Pijnacker,2010,37.4864329094088,,0.0827321705780294,0.697643397065362,3.64641956142053,1767.10997468355,118.088375202405,58.4139727041403,974.553343974092,265.591193615544,198.146119217491
WK192601,Pijnacker-Nootdorp,Pijnacker,2011,37.875375232526,29766.1410512914,0.0870379453337495,0.765288544358312,3.74584717607973,1766.82318471622,132.917651681859,68.8085063097873,1005.51389904343,256.131414200385,157.349887302442
WK192601,Pijnacker-Nootdorp,Pijnacker,2012,38.2423193849567,29496.4764815066,0.0669202529965943,0.75394827191577,3.64663492472011,1739.24617729517,126.814252392611,67.5587375918099,1016.90620342756,225.487402626308,152.634104846246
WK192601,Pijnacker-Nootdorp,Pijnacker,2013,38.4455506530743,30250.1159356403,0.0773015667486728,0.83105981112277,3.68190464113619,1867.36127941305,127.382680099007,67.0879838464533,1095.93684745322,214.736694602457,179.864742554485
WK192601,Pijnacker-Nootdorp,Pijnacker,2014,38.7854384004269,31772.1491301109,0.0679599177800617,0.803429796355841,3.67566044822837,1924.95645779499,136.257198604475,73.8475608390382,1135.15537149503,212.21537752509,163.597352713178
WK192601,Pijnacker-Nootdorp,Pijnacker,2015,38.9287825164677,32092.2259492593,0.0874911719496489,0.889076576576577,3.71258221156801,1846.65311361736,139.412015707907,76.0553573965023,1016.85886660817,210.968920917409,119.16398663325
WK192601,Pijnacker-Nootdorp,Pijnacker,2016,39.0550686470766,33472.6078447598,0.0918709364778096,0.921877865395195,3.68459016393443,1958.98845863134,141.074980900522,78.2155713589044,1131.38959362809,217.64837776333,99.4078283485045
WK192601,Pijnacker-Nootdorp,Pijnacker,2017,38.8739322826288,34513.7969423599,0.098925902864259,0.904525933267261,3.71257661480434,2068.25344473612,145.599284566856,81.671218508797,1166.83581318811,218.440325980488,139.979306507856
WK192601,Pijnacker-Nootdorp,Pijnacker,2018,38.8159701615242,34804.0742837338,0.0910768072289157,0.886811692726037,3.72727272727273,2187.52950894212,155.168480979085,90.382199909067,1261.24697711427,218.784061079115,137.628469233101
WK192601,Pijnacker-Nootdorp,Pijnacker,2019,38.721734044312,37630.9482669042,0.0884968548911865,0.910887772194305,3.66805439911185,2099.11060158045,157.174355995775,89.6934794799898,1189.03422016678,224.0189461418,130.661834965952
WK192601,Pijnacker-Nootdorp,Pijnacker,2020,38.8741350490969,38545.2200892695,0.0860779239195944,0.909305860496538,3.58197523754679,2066.9729095189,159.041603480868,91.0364456649692,1159.56868361925,233.180151217947,118.756775919255
WK192601,Pijnacker-Nootdorp,Pijnacker,2021,38.879699014063,41223.2166983993,0.0904865199876046,0.921882581271228,3.63084190052792,2307.83302238545,177.511166747522,103.789358929932,1391.50916279715,229.141746482778,79.2823878993694
WK192601,Pijnacker-Nootdorp,Pijnacker,2022,38.7282566064287,43139.7512789032,0.0867981991525424,0.909801469438799,3.60070559738824,2162.24985026131,181.724092858106,108.483138148201,1310.60766514806,243.021834717941,
WK192601,Pijnacker-Nootdorp,Pijnacker,2023,38.9700423083177,46688.4004902455,0.0709848286685849,0.848331151832461,3.59667877529839,,,,,,
WK192601,Pijnacker-Nootdorp,Pijnacker,2024,39.4246688521271,,0.060340841535108,0.450888433846357,,,,,,,
WK191602,Leidschendam-Voorburg,Prinsenhof,2009,40.6423942332062,,0.118928901200369,0.598780487804878,4.48619477911647,2403.74511989509,130.936820311036,75.3354169008807,1412.84737118231,349.445118980701,274.558062944923
WK191602,Leidschendam-Voorburg,Prinsenhof,2010,41.022085377988,,0.159792894126049,0.918651946542708,4.6465496513585,2529.17814962775,128.832390074804,63.6221382959317,1460.47927932859,376.594904214559,314.56276193935
WK191602,Leidschendam-Voorburg,Prinsenhof,2011,41.5228787790883,21444.8374545455,0.119683655536028,0.835031847133758,4.76037419045335,2582.32151212553,137.809935794543,68.2936811128944,1412.53847868736,392.515675049046,364.824152995721
WK191602,Leidschendam-Voorburg,Prinsenhof,2012,41.843865865989,21531.5911094783,0.0962870847397406,0.820637119113573,4.65143824027073,2566.65978570143,135.88170178282,71.1528020889613,1525.82596254277,341.34100126058,275.40495047722
WK191602,Leidschendam-Voorburg,Prinsenhof,2013,42.0696761784186,21758.700073828,0.0975133214920071,0.919434628975265,4.67762669962917,2796.64940806046,134.699114630196,73.7897840561453,1633.89032931438,337.17197588627,337.98235336452
WK191602,Leidschendam-Voorburg,Prinsenhof,2014,42.1556906448901,22415.7329795022,0.106890459363958,0.943448275862069,4.63448443579767,2736.76662444246,142.305982158787,79.1676146297951,1596.06427118644,314.510371097235,292.663987511151
WK191602,Leidschendam-Voorburg,Prinsenhof,2015,42.5368716487592,23103.1483918129,0.104712969525159,0.896666666666667,4.71505905511811,2911.80143291049,147.820779127949,83.8302751965688,1571.67805218013,371.357482130093,324.073871716991
WK191602,Leidschendam-Voorburg,Prinsenhof,2016,42.7560958785013,23712.3905325444,0.100464783696818,0.918225918225918,4.82056351952546,3176.02497293396,157.178332430969,93.0190146183,1761.40191301209,384.706390543223,290.814677011909
WK191602,Leidschendam-Voorburg,Prinsenhof,2017,42.7494614582276,24191.2233345468,0.101964949548593,0.96705710102489,4.83869371598219,3037.12530579399,159.460475679543,94.2418758941349,1720.53730865522,368.647703862662,224.51371602289
WK191602,Leidschendam-Voorburg,Prinsenhof,2018,42.4813204413904,24296.4896963124,0.0942737430167598,0.952789699570815,4.8273607748184,3295.38361537105,170.488011634056,103.730694517892,1762.44023091839,407.652608848934,306.647551560021
WK191602,Leidschendam-Voorburg,Prinsenhof,2019,42.6114400107617,25450.3294012511,0.1115126484254,0.989637305699482,4.76280834914611,3420.10524960864,194.549601669855,119.176415028701,1752.76311010611,456.421351539397,301.487970081753
WK191602,Leidschendam-Voorburg,Prinsenhof,2020,42.6416734004048,26631.788594777,0.104364326375712,0.933929800412939,4.58296186230807,3156.20550888811,192.36817009411,117.504092018125,1565.83899790868,453.193630184733,255.728229348205
WK191602,Leidschendam-Voorburg,Prinsenhof,2021,42.7700486374019,27131.570177007,0.104816354816355,0.928016937191249,4.7263916500994,3353.70789842382,216.761203152364,134.828162872154,1821.89555516638,416.510311733801,184.770621716287
WK191602,Leidschendam-Voorburg,Prinsenhof,2022,42.5160949060043,28954.6943598926,0.101369863013699,0.943478260869565,4.68277571251549,2990.53773941706,218.216500693963,136.764342470507,1654.51259021512,401.795026023594,
WK191602,Leidschendam-Voorburg,Prinsenhof,2023,42.2999799462628,31300.5363620356,0.0927659574468085,0.964396284829721,4.48670346211741,,,,,,
WK191602,Leidschendam-Voorburg,Prinsenhof,2024,42.3865430075141,,0.0901696088611977,0.545863620629976,,,,,,,
WK048402,Alphen aan den Rijn,Ridderveld,2009,39.7531612645322,,0.104594878989828,0.60132802124834,3.94876273653566,2063.67498512537,139.11883999433,88.4964562074822,1120.21767998866,316.956412273243,240.212141238136
WK048402,Alphen aan den Rijn,Ridderveld,2010,40.1591515946143,,0.0959242777424596,0.768920863309352,4.03016988869361,2133.07724934084,144.78710851992,85.1071893554615,1137.70469489949,336.261842764145,256.510647758854
WK048402,Alphen aan den Rijn,Ridderveld,2011,40.5620260178936,25862.1610590989,0.0846670477279223,0.803741183685986,4.10160374539297,2171.25460116523,162.12915677387,98.0950579178355,1195.78953377941,327.450117274623,237.191024958642
WK048402,Alphen aan den Rijn,Ridderveld,2012,40.7542758474623,25677.0502199413,0.090668384141978,0.83219390926041,4.10338931911898,2105.73035770836,161.137471363735,101.72678049132,1191.25217419494,282.655256105468,226.222594645171
WK048402,Alphen aan den Rijn,Ridderveld,2013,41.0569287774272,25685.9804788214,0.0792942023766655,0.862186014935506,4.1515522875817,2236.9230877777,163.691409429999,101.440790178895,1215.61017020352,272.17608169769,271.586438960851
WK048402,Alphen aan den Rijn,Ridderveld,2014,41.4344706727692,26467.1563286454,0.0928653957250144,0.95410783055199,4.17845642463904,2226.8958059127,180.177948568937,115.667930408253,1250.32167804736,275.489925904403,215.38919009225
WK048402,Alphen aan den Rijn,Ridderveld,2015,41.5923890701114,26758.6524791251,0.0882480173035328,0.852015113350126,4.19346446040171,2469.96782656024,171.068224448315,105.690858739837,1331.9881184669,277.896242740999,177.529896226415
WK048402,Alphen aan den Rijn,Ridderveld,2016,41.7490780814393,27667.9323625074,0.101925010774314,0.939249553305539,4.21969853396655,2389.15082033507,182.043839375994,116.876059511772,1263.80179979778,268.764067600751,150.81863807048
WK048402,Alphen aan den Rijn,Ridderveld,2017,42.1097968265067,28084.7840059237,0.0883287592084357,0.916451612903226,4.27529091099696,2513.50281063799,190.058288766169,123.357503269873,1327.22482633337,271.100217991572,169.075765150414
WK048402,Alphen aan den Rijn,Ridderveld,2018,42.336464275722,28333.9451498597,0.0867875647668394,0.913915857605178,4.29675344881236,2557.34126762602,200.345831947356,128.064285920891,1317.13706414057,282.663699472125,188.985212958276
WK048402,Alphen aan den Rijn,Ridderveld,2019,42.5166440880735,29781.5672570258,0.0887760211746191,0.920823945928548,4.30776436303081,2719.37083674789,207.73731866868,136.228405578318,1404.21565236144,282.632157285602,220.726341025088
WK048402,Alphen aan den Rijn,Ridderveld,2020,42.7933552113918,30702.6469852021,0.0814814814814815,0.897083473013745,4.21823926781434,2549.67000650759,204.198417932032,134.032704989155,1259.49510918293,296.406503253796,226.371606652205
WK048402,Alphen aan den Rijn,Ridderveld,2021,42.889817085919,31985.3580911639,0.0790155440414508,0.901256732495512,4.23231779524168,2777.65087240055,224.121499166727,147.367236432144,1494.12558147961,303.039158756611,152.170920947757
WK048402,Alphen aan den Rijn,Ridderveld,2022,42.9845393609665,34011.2420443587,0.0771228627083183,0.923529411764706,4.22844596765556,2671.63657394596,229.402174324616,151.237582465594,1548.91618437341,333.318852399331,
WK048402,Alphen aan den Rijn,Ridderveld,2023,42.9633343778141,36775.714253748,0.0741676897522929,0.907492085824833,4.14972972972973,,,,,,
WK048402,Alphen aan den Rijn,Ridderveld,2024,43.0838401035253,,0.0800497112362015,0.521348150314373,,,,,,,
WK053707,Katwijk,Rijnsburg,2009,36.9939505763546,,0.0722851432378414,0.516218081435473,3.55590596330275,1640.05187352206,122.315478877992,70.3876519094296,870.776491382227,261.289057789793,148.86054928721
WK053707,Katwijk,Rijnsburg,2010,37.2423872850598,,0.063264221158958,0.619392185238784,3.65054015969939,1780.56626803289,130.085619163621,70.8293003112743,934.721651779671,272.656523886858,189.043771066469
WK053707,Katwijk,Rijnsburg,2011,37.6600771076164,29113.5827180749,0.0579729459585527,0.589466576637407,3.78469595577539,1837.44088197584,144.700713417926,81.3108868790504,1007.23331938445,261.901184530238,182.843674337
WK053707,Katwijk,Rijnsburg,2012,38.0465646182731,28789.4774348423,0.0633532853588002,0.659979245935662,3.73749752915596,1875.95233792683,142.463214625529,83.5540994970764,1104.01485048253,241.145201848579,148.177088452922
WK053707,Katwijk,Rijnsburg,2013,38.5042399289438,29221.7087822174,0.070648898412911,0.770480225988701,3.78762659179785,2050.4291565288,146.194380752568,86.2145993502988,1233.27912493232,226.5425,165.556219248445
WK053707,Katwijk,Rijnsburg,2014,38.6440990268668,32393.4430758988,0.0912408759124088,0.814869668246445,3.76069386950522,1949.31862175685,156.69106830007,94.8623341895522,1120.46527893038,228.67492985576,144.824558145661
WK053707,Katwijk,Rijnsburg,2015,38.8830422704319,30420.4698118139,0.0905539545308998,0.87134328358209,3.82635018258697,2127.56713417392,156.440936550026,93.8622728154728,1188.38586119915,234.294544337364,120.771670869706
WK053707,Katwijk,Rijnsburg,2016,39.232161240877,31865.2878884361,0.115391820168592,0.979453906461206,3.88934579439252,2135.23086142793,161.902720741162,99.0822228524602,1160.34745005357,249.95482195752,135.151035982103
WK053707,Katwijk,Rijnsburg,2017,39.4969012451873,33550.1565011526,0.105992189406883,0.905579399141631,3.87984496124031,2152.95666646168,163.199301438936,99.2530285327763,1202.65095621695,240.780198622555,110.627416676916
WK053707,Katwijk,Rijnsburg,2018,39.6993214551091,33923.7034649476,0.0884337202941713,0.849419756580809,3.90222304215478,2235.8530910093,173.204718275357,107.25867711906,1249.52000734934,234.355619181773,133.046944512494
WK053707,Katwijk,Rijnsburg,2019,39.9537030246204,37872.7227980845,0.110254433307633,1.00577882847386,3.8730835525719,2306.11323209373,175.182086571804,106.344217983975,1298.50162322134,241.506393638646,132.625404161186
WK053707,Katwijk,Rijnsburg,2020,40.1823458023407,37106.6849559629,0.095449500554939,0.918055176181371,3.82861896838602,2215.5561419735,176.053699558171,108.786789396171,1203.21067452135,233.625409720176,153.918937849779
WK053707,Katwijk,Rijnsburg,2021,40.5828094449538,39384.2429178894,0.0714830235149241,0.864364981504316,3.89978034047227,2391.31357443279,195.61896392394,121.689938392275,1382.80526746045,248.531999289142,101.191048516083
WK053707,Katwijk,Rijnsburg,2022,40.7074414667865,42173.6998820755,0.0921961325966851,0.947136563876652,3.90174064403829,2489.1638958394,200.331688100091,125.076700029094,1543.22957986616,264.705038114635,
WK053707,Katwijk,Rijnsburg,2023,40.9838138390165,46513.3827471177,0.0753518709234466,0.877130044843049,3.88532825220856,,,,,,
WK053707,Katwijk,Rijnsburg,2024,41.4015102941309,,0.0878731559995354,0.473427426380903,,,,,,,
WK063705,Zoetermeer,Rokkeveen,2009,38.6969220520179,,0.06761803147506,0.506276150627615,3.77446174846435,1794.82848551539,122.636569323389,70.6527846167669,980.605983915892,299.554268128312,178.908256905457
WK063705,Zoetermeer,Rokkeveen,2010,39.5054694306909,,0.0601255816054569,0.606924163918983,3.89562624254473,1892.03048957431,126.187366194595,65.596322420453,1051.98334559499,308.442158819202,176.86190400146
WK063705,Zoetermeer,Rokkeveen,2011,40.0695276249227,30474.1239262664,0.0615054940044682,0.694015895278167,4.01739020055852,2054.36659717428,134.475456344641,69.8262756017867,1160.68231555208,302.057261011644,201.466520318469
WK063705,Zoetermeer,Rokkeveen,2012,40.6715174042196,30424.3609467456,0.0612867443150305,0.715781782756941,3.93805252629541,2079.44233622214,131.085240758868,71.8289250920615,1262.91162028622,273.216780403673,158.057193644581
WK063705,Zoetermeer,Rokkeveen,2013,41.2829739722382,30719.9183122603,0.0606852768182243,0.749813479234021,3.9049335736698,2146.16883475971,131.723680545753,71.3995309338982,1262.39506751352,248.318685956243,201.214992476253
WK063705,Zoetermeer,Rokkeveen,2014,41.7406436688392,32089.6732315304,0.0677219932559011,0.803033894287746,3.91155785562633,2064.67417252275,141.049476390397,78.6638544270955,1208.57007453182,252.545337987641,158.488475687403
WK063705,Zoetermeer,Rokkeveen,2015,42.2776008712323,32331.625168043,0.0669220582671207,0.823796319637005,4.01161471196849,2169.45913366337,144.346255533866,81.0166872947113,1248.0133293664,262.798954158137,125.325727817974
WK063705,Zoetermeer,Rokkeveen,2016,42.6930417984151,33497.1970524281,0.0765759346349342,0.849086397473494,4.07792816939158,2226.90355537489,147.901498804401,84.5495451936872,1252.8619665232,261.520724055477,151.489987566947
WK063705,Zoetermeer,Rokkeveen,2017,43.0623219543174,34370.7057195572,0.0796730870334082,0.875232774674115,4.12317764578834,2340.90570301219,145.235919064575,80.5280800692912,1298.01789192571,280.539906649985,165.725407083052
WK063705,Zoetermeer,Rokkeveen,2018,43.413980857374,34583.6245173273,0.0776703698360025,0.93900675024108,4.21460071918041,2524.49414471137,155.196756586595,88.2249825648959,1392.92813395971,313.558445370011,194.616670379698
WK063705,Zoetermeer,Rokkeveen,2019,43.7170147039881,36208.9884699586,0.0856062781127381,0.943360304616849,4.11999728666395,2559.13725033739,165.099741179873,95.2320536919224,1402.14022797378,306.352126951995,191.423255253519
WK063705,Zoetermeer,Rokkeveen,2020,44.1241232760252,37428.2539089055,0.0785854616895874,0.884986396240416,4.06452069331447,2531.62234567901,164.030378568673,94.0671841242287,1341.65578848379,349.073690682869,185.440852623456
WK063705,Zoetermeer,Rokkeveen,2021,44.2762640162665,38762.0133146122,0.0870144073035043,0.932247403210576,4.08683159296377,2659.22843161676,185.170068502993,108.823478802394,1495.11023137725,314.922080479042,134.913577005988
WK063705,Zoetermeer,Rokkeveen,2022,44.5716126909732,40319.8645167538,0.0699124309918142,0.881290322580645,4.16497968739241,2669.74926510824,192.980555368885,116.961680026881,1602.92291076657,345.26382998128,
WK063705,Zoetermeer,Rokkeveen,2023,44.7496502380948,43177.3257761733,0.074154852780807,0.878211716341213,4.08394536344293,,,,,,
WK063705,Zoetermeer,Rokkeveen,2024,45.3408529652803,,0.0655571145193285,0.496782621316948,,,,,,,
WK054604,Leiden,Roodenburgerdistrict,2009,38.7646881366283,,0.121554252199413,0.674725683466617,3.68949206811236,1880.02526460036,126.529138085744,75.5804905284149,957.051765702894,272.418831006978,297.990995116603
WK054604,Leiden,Roodenburgerdistrict,2010,38.7273696906456,,0.0942089086207738,0.755077658303465,3.70255039375768,1848.64462503099,128.249325501518,69.225491562547,956.538844641345,273.044354621934,263.453449318463
WK054604,Leiden,Roodenburgerdistrict,2011,38.8358377865181,33331.1079122207,0.101302741590511,0.890659231228839,3.76849112426035,1915.09095682212,145.564269851453,82.0280239846023,995.892035236635,274.728663574003,273.995263261781
WK054604,Leiden,Roodenburgerdistrict,2012,38.7487093987003,32971.2563008334,0.100365841917782,0.916314779270633,3.69761817515573,1825.88302407345,142.48573131994,83.7594336118847,1019.87762742511,240.269519132091,193.583740417012
WK054604,Leiden,Roodenburgerdistrict,2013,38.80924850694,32641.4151152259,0.0939034960993932,0.938937351308485,3.66100927811722,1969.05645746709,142.515876419898,82.8893174696424,1057.01074911868,220.17936447317,300.370455901776
WK054604,Leiden,Roodenburgerdistrict,2014,38.9267105311682,35402.8146198238,0.0932975871313673,1.00246609124538,3.64165508723174,1920.56858374629,150.180586398335,88.4740795082789,1049.03895608209,217.509037870527,252.81410703667
WK054604,Leiden,Roodenburgerdistrict,2015,38.3102894644107,34458.3636539578,0.141693283340277,1.08283157038242,3.63271490871461,1946.48950701572,145.7034485682,83.3678518274297,998.397752920123,215.647579596837,194.344044636972
WK054604,Leiden,Roodenburgerdistrict,2016,38.5776015244785,34113.0865872752,0.113557622173596,1.08122286541245,3.58784225433946,1963.59299744601,152.008497260147,89.9729715798266,1003.2215812204,208.591612333984,204.177151613652
WK054604,Leiden,Roodenburgerdistrict,2017,38.8701863429364,35671.6983639115,0.108074929526234,1.05439103722443,3.63207686622321,2070.09359049209,157.912376054119,94.5842035029188,1057.64266611064,206.930121860811,233.183627560004
WK054604,Leiden,Roodenburgerdistrict,2018,39.1046750338035,35701.6240112994,0.109271822704659,1.089001447178,3.6202634096093,2108.2698247475,164.958037633168,99.2696956140743,1065.61086565512,211.147754462021,264.686840843057
WK054604,Leiden,Roodenburgerdistrict,2019,39.0438648476028,37277.7921188691,0.112985865724382,1.07534007673526,3.54106104651163,2156.63157771048,173.928578659557,105.174083698649,1072.66136575224,224.193657070548,285.360448772992
WK054604,Leiden,Roodenburgerdistrict,2020,39.445205463428,38810.1349254286,0.110650254214611,1.05540661304736,3.49673954737246,2121.09736409695,175.326471313159,108.629811492993,1069.96120863572,224.237301565568,275.54003195034
WK054604,Leiden,Roodenburgerdistrict,2021,39.21599818311,40983.6650143253,0.126498176133403,1.0918055083305,3.48484399318165,2123.98440897977,191.971448321848,117.550615247832,1115.408128473,211.090876194709,213.998572571682
WK054604,Leiden,Roodenburgerdistrict,2022,39.237715753729,42824.3215951911,0.111078073230822,1.07588028169014,3.49189848006883,2038.66386608786,195.578662194159,121.462782162587,1230.56050162238,227.42058537227,
WK054604,Leiden,Roodenburgerdistrict,2023,39.3693408333521,45666.0937074007,0.116511318242344,1.08056796426292,3.43713278495887,,,,,,
WK054604,Leiden,Roodenburgerdistrict,2024,39.878121212573,,0.126860622462788,0.650399627859771,,,,,,,
WK152511,Teylingen,Sassenheim Midden,2009,37.0584515539436,,0.0859484777517564,0.590062111801242,3.24632484761563,1449.26600283822,116.810818353831,67.3808845789973,755.794051561023,215.720241248817,109.182599337748
WK152511,Teylingen,Sassenheim Midden,2010,37.3851950031359,,0.0944900351699883,0.704295704295704,3.26736613603473,1581.07116031257,118.212622560686,61.2716182770106,820.888112803428,228.156087577344,161.672659246981
WK152511,Teylingen,Sassenheim Midden,2011,37.6651674192815,32482.358563804,0.0791349809885932,0.724064171122995,3.43611839640315,1498.15710002399,136.119366602687,74.7921089251439,777.284131477926,210.961297984645,136.057534180859
WK152511,Teylingen,Sassenheim Midden,2012,38.0655177632739,30212.8860515538,0.0999764761232651,0.831067961165049,3.40446096654275,1704.29488488013,135.159940645774,78.4607716049379,1005.98008072175,196.137371794872,133.339662948018
WK152511,Teylingen,Sassenheim Midden,2013,38.4373660342582,30438.2231749143,0.0866538646183389,0.833876221498371,3.4559748427673,1634.68315509316,131.744433139535,74.1049370155038,868.771492248062,184.590835755814,162.43064118074
WK152511,Teylingen,Sassenheim Midden,2014,38.8794124368529,32730.4289883268,0.0910824988078207,0.91407867494824,3.39861751152074,1701.85945314382,142.925034931342,82.9175042158516,871.131423753313,189.952066971814,219.158224524211
WK152511,Teylingen,Sassenheim Midden,2015,39.2884818104994,33255.8270970898,0.0866443274293921,0.91129883843717,3.41979126401237,1664.52557571359,141.366125363021,80.9079912875118,824.86293804453,188.653540658276,133.608848572811
WK152511,Teylingen,Sassenheim Midden,2016,39.9637751125086,34065.8809167912,0.0765293687545698,0.82560706401766,3.46340523882897,1657.54491525424,145.021857037583,84.7818398427903,845.92981577008,194.347885040531,146.12086465242
WK152511,Teylingen,Sassenheim Midden,2017,40.5168564570399,34767.9339272457,0.0911294231701406,0.856415478615071,3.58024691358025,1901.60661700049,149.477173913044,87.9269687347338,989.069741084515,215.780017098192,169.252586712262
WK152511,Teylingen,Sassenheim Midden,2018,40.7230054948755,35078.0981104651,0.118035882908404,1.07773512476008,3.52126458411743,1949.52366404949,159.600996906971,96.9150202236498,1107.27951939091,183.167251962884,158.041922436355
WK152511,Teylingen,Sassenheim Midden,2019,41.5504752593134,36089.298799902,0.0724428399518652,0.859217877094972,3.50672818146867,2173.53750968992,166.84195494186,101.101262112403,1223.50001937984,205.310525678294,218.104745639535
WK152511,Teylingen,Sassenheim Midden,2020,42.1658131521873,37314.0481335953,0.0808592807144581,0.986810551558753,3.57684709600948,2175.84480787938,164.668516536965,100.758205252918,1238.09316634241,223.501631809339,204.755449902724
WK152511,Teylingen,Sassenheim Midden,2021,42.5963312763377,39506.3502213478,0.0809443507588533,1.03638644918444,3.62898779046869,2299.19012867201,185.722002913328,113.32477543093,1286.80497693615,263.316739499879,127.29455450352
WK152511,Teylingen,Sassenheim Midden,2022,42.9825597840943,40289.4021334656,0.0754257907542579,0.884467265725289,3.56209150326797,2101.0413633014,191.926779661017,119.675669368706,1293.14449275362,242.848351756325,
WK152511,Teylingen,Sassenheim Midden,2023,43.4390958126899,43731.7430503381,0.0701668302257115,0.886571056062581,3.56223175965665,,,,,,
WK152511,Teylingen,Sassenheim Midden,2024,43.6735637906817,,0.080070281124498,0.572791164658635,,,,,,,
WK152512,Teylingen,Sassenheim Oost,2009,39.7385994238519,,0.0969984738002374,0.614820249449743,3.67454455933038,1796.18148877848,129.127479437972,78.0052638793691,1009.1993591501,277.478995887595,146.554428644852
WK152512,Teylingen,Sassenheim Oost,2010,39.8194927675126,,0.0858926763415457,0.794439764111205,3.730900243309,1875.18549702634,130.408498719044,69.0427924850558,985.926339880447,269.35814175918,250.671790994053
WK152512,Teylingen,Sassenheim Oost,2011,40.1820087307355,27739.3366492147,0.0706605222734255,0.765022421524664,3.78849950641658,1807.47019065613,144.525437993817,78.6879628993471,939.865534180697,279.403996908279,195.868163861216
WK152512,Teylingen,Sassenheim Oost,2012,40.3110959300899,28161.2893734856,0.0766224940536867,0.840909090909091,3.75636180398085,1913.19218296638,142.75795116954,81.8139866826018,1147.27481475158,234.71828410449,148.126069295102
WK152512,Teylingen,Sassenheim Oost,2013,40.5301407443317,27801.1351771824,0.0759837177747626,0.811258278145695,3.83595563580088,2050.05511862093,141.905414959017,79.9345457650272,1220.36275443989,222.131864754098,176.597117255504
WK152512,Teylingen,Sassenheim Oost,2014,40.9346655908719,29460.0412299092,0.0697714383914762,0.850133809099019,3.86008760628704,2135.96843221801,152.577966540187,88.3174749913761,1280.41901172818,230.365584684373,172.814099689548
WK152512,Teylingen,Sassenheim Oost,2015,40.8788161163861,29859.7280977312,0.086383852206637,0.987755102040816,3.9021123132406,2105.82265257006,155.903393501805,91.3610194258208,1198.770849235,230.817976620251,136.588965102286
WK152512,Teylingen,Sassenheim Oost,2016,41.3200261999503,31025.0501567398,0.0690186675800651,0.96926032660903,4.02760030667007,2355.35407636739,164.371522187823,99.9507550739597,1355.8425128999,243.813120055039,172.255025799794
WK152512,Teylingen,Sassenheim Oost,2017,41.6358592839285,31696.4251857092,0.0671500086311065,0.851653261840929,4.05839979418575,2401.93593538301,162.955603612992,97.1642435296163,1400.80022754907,237.889935730415,164.51019454577
WK152512,Teylingen,Sassenheim Oost,2018,41.8027213448443,31799.8570181564,0.0844611958197704,1.01949860724234,4.05706243602866,2335.299583118,180.25915245478,111.587335055985,1301.12452885444,226.899049095608,177.068520241171
WK152512,Teylingen,Sassenheim Oost,2019,41.7428090239009,34365.7524463519,0.094437909595026,0.944182389937107,3.96665831035347,2416.57057171853,188.303403247633,117.083670500676,1371.40322056834,222.515054127199,192.916642422192
WK152512,Teylingen,Sassenheim Oost,2020,41.7577229175887,35210.6591414401,0.0786384976525822,0.976211453744493,3.82629107981221,2272.36125231755,181.002304062027,112.670898365077,1208.94715826732,219.78520984325,269.875499747177
WK152512,Teylingen,Sassenheim Oost,2021,41.8685367327822,36737.1187489259,0.0709112346302847,0.918656056587091,3.90473684210526,2483.88275529212,202.272711261641,124.282365791702,1430.11738018628,233.987283657917,172.062364098222
WK152512,Teylingen,Sassenheim Oost,2022,42.0219670588723,39191.4530654659,0.074124447466848,0.939366515837104,3.9174287954011,2202.3909977713,207.803137322132,129.696055203154,1231.79876735813,282.432537287845,
WK152512,Teylingen,Sassenheim Oost,2023,41.8608585697187,42019.1033229491,0.0754462782081509,0.904191616766467,3.79181865554977,,,,,,
WK152512,Teylingen,Sassenheim Oost,2024,42.4150355696997,,0.0919421487603306,0.514379197520234,,,,,,,
WK152513,Teylingen,Sassenheim West en Sassenheim Zuid en Sassenheim buiten,2009,42.6135490950532,,0.138830162085976,0.698722259583053,3.8045054375971,1794.38157677835,128.96121706399,78.5184979386984,1010.95317978132,287.255418533788,117.985586812399
WK152514,Teylingen,Sassenheim West en Sassenheim Zuid en Sassenheim buiten,2009,42.6135490950532,,0.138830162085976,0.698722259583053,3.8045054375971,1794.38157677835,128.96121706399,78.5184979386984,1010.95317978132,287.255418533788,117.985586812399
WK152515,Teylingen,Sassenheim West en Sassenheim Zuid en Sassenheim buiten,2009,42.6135490950532,,0.138830162085976,0.698722259583053,3.8045054375971,1794.38157677835,128.96121706399,78.5184979386984,1010.95317978132,287.255418533788,117.985586812399
WK152513,Teylingen,Sassenheim West en Sassenheim Zuid en Sassenheim buiten,2010,42.2363257482546,,0.108752850377127,0.851270553064275,3.73064145157168,1971.24044020673,132.576798496779,71.1698460987833,1043.91979599141,278.853324982104,271.387198360364
WK152514,Teylingen,Sassenheim West en Sassenheim Zuid en Sassenheim buiten,2010,42.2363257482546,,0.108752850377127,0.851270553064275,3.73064145157168,1971.24044020673,132.576798496779,71.1698460987833,1043.91979599141,278.853324982104,271.387198360364
WK152515,Teylingen,Sassenheim West en Sassenheim Zuid en Sassenheim buiten,2010,42.2363257482546,,0.108752850377127,0.851270553064275,3.73064145157168,1971.24044020673,132.576798496779,71.1698460987833,1043.91979599141,278.853324982104,271.387198360364
WK152513,Teylingen,Sassenheim West en Sassenheim Zuid en Sassenheim buiten,2011,42.4563354917769,32951.1370357014,0.100930314200456,0.871311475409836,3.85210171250649,1950.62000533049,143.707020974049,77.9124013508708,1085.5192001422,282.163291859226,203.940360696517
WK152514,Teylingen,Sassenheim West en Sassenheim Zuid en Sassenheim buiten,2011,42.4563354917769,32951.1370357014,0.100930314200456,0.871311475409836,3.85210171250649,1950.62000533049,143.707020974049,77.9124013508708,1085.5192001422,282.163291859226,203.940360696517
WK152515,Teylingen,Sassenheim West en Sassenheim Zuid en Sassenheim buiten,2011,42.4563354917769,32951.1370357014,0.100930314200456,0.871311475409836,3.85210171250649,1950.62000533049,143.707020974049,77.9124013508708,1085.5192001422,282.163291859226,203.940360696517
WK152513,Teylingen,Sassenheim West en Sassenheim Zuid en Sassenheim buiten,2012,42.4773429417601,32747.4362464183,0.0985793485793486,0.90311986863711,3.86509803921569,2064.40983345021,139.980406874781,79.2411750263063,1129.65993160295,249.477379866713,319.216120266479
WK152514,Teylingen,Sassenheim West en Sassenheim Zuid en Sassenheim buiten,2012,42.4773429417601,32747.4362464183,0.0985793485793486,0.90311986863711,3.86509803921569,2064.40983345021,139.980406874781,79.2411750263063,1129.65993160295,249.477379866713,319.216120266479
WK152515,Teylingen,Sassenheim West en Sassenheim Zuid en Sassenheim buiten,2012,42.4773429417601,32747.4362464183,0.0985793485793486,0.90311986863711,3.86509803921569,2064.40983345021,139.980406874781,79.2411750263063,1129.65993160295,249.477379866713,319.216120266479
WK152513,Teylingen,Sassenheim West en Sassenheim Zuid en Sassenheim buiten,2013,42.6172234167175,33327.6888652104,0.0974358974358974,1.07643814026793,3.91970049057578,2304.49859758204,140.703802938635,78.6373949870352,1241.22450129646,258.23259982714,363.534105354059
WK152514,Teylingen,Sassenheim West en Sassenheim Zuid en Sassenheim buiten,2013,42.6172234167175,33327.6888652104,0.0974358974358974,1.07643814026793,3.91970049057578,2304.49859758204,140.703802938635,78.6373949870352,1241.22450129646,258.23259982714,363.534105354059
WK152515,Teylingen,Sassenheim West en Sassenheim Zuid en Sassenheim buiten,2013,42.6172234167175,33327.6888652104,0.0974358974358974,1.07643814026793,3.91970049057578,2304.49859758204,140.703802938635,78.6373949870352,1241.22450129646,258.23259982714,363.534105354059
WK152513,Teylingen,Sassenheim West en Sassenheim Zuid en Sassenheim buiten,2014,42.6802207455,36235.3083864119,0.100646038762326,1.07477403451109,3.9045643153527,2280.30225867399,151.503076790929,87.2902628414358,1218.92159594571,251.786593368838,343.422828924768
WK152514,Teylingen,Sassenheim West en Sassenheim Zuid en Sassenheim buiten,2014,42.6802207455,36235.3083864119,0.100646038762326,1.07477403451109,3.9045643153527,2280.30225867399,151.503076790929,87.2902628414358,1218.92159594571,251.786593368838,343.422828924768
WK152515,Teylingen,Sassenheim West en Sassenheim Zuid en Sassenheim buiten,2014,42.6802207455,36235.3083864119,0.100646038762326,1.07477403451109,3.9045643153527,2280.30225867399,151.503076790929,87.2902628414358,1218.92159594571,251.786593368838,343.422828924768
WK152513,Teylingen,Sassenheim West en Sassenheim Zuid en Sassenheim buiten,2015,43.6886367392768,33990.2723012843,0.1165,1.07173295454545,4.08787034692327,2284.86976082195,156.938714406066,91.4031844987364,1328.22027969671,246.159534962089,99.6081371062827
WK152514,Teylingen,Sassenheim West en Sassenheim Zuid en Sassenheim buiten,2015,43.6886367392768,33990.2723012843,0.1165,1.07173295454545,4.08787034692327,2284.86976082195,156.938714406066,91.4031844987364,1328.22027969671,246.159534962089,99.6081371062827
WK152515,Teylingen,Sassenheim West en Sassenheim Zuid en Sassenheim buiten,2015,43.6886367392768,33990.2723012843,0.1165,1.07173295454545,4.08787034692327,2284.86976082195,156.938714406066,91.4031844987364,1328.22027969671,246.159534962089,99.6081371062827
WK152513,Teylingen,Sassenheim West en Sassenheim Zuid en Sassenheim buiten,2016,43.7612222119682,35082.4779917469,0.109003957783641,1.08955223880597,4.05729809829588,2306.76614871624,164.259012345679,99.0021004337673,1285.8376409743,253.476056056055,109.344579859953
WK152514,Teylingen,Sassenheim West en Sassenheim Zuid en Sassenheim buiten,2016,43.7612222119682,35082.4779917469,0.109003957783641,1.08955223880597,4.05729809829588,2306.76614871624,164.259012345679,99.0021004337673,1285.8376409743,253.476056056055,109.344579859953
WK152515,Teylingen,Sassenheim West en Sassenheim Zuid en Sassenheim buiten,2016,43.7612222119682,35082.4779917469,0.109003957783641,1.08955223880597,4.05729809829588,2306.76614871624,164.259012345679,99.0021004337673,1285.8376409743,253.476056056055,109.344579859953
WK152513,Teylingen,Sassenheim West en Sassenheim Zuid en Sassenheim buiten,2017,44.261551960972,37208.5575478142,0.108427796944308,1.04589707927677,4.15935278254474,2458.96420834026,165.718725701943,99.0946436285097,1433.43520352217,245.05515866423,102.928735670377
WK152514,Teylingen,Sassenheim West en Sassenheim Zuid en Sassenheim buiten,2017,44.261551960972,37208.5575478142,0.108427796944308,1.04589707927677,4.15935278254474,2458.96420834026,165.718725701943,99.0946436285097,1433.43520352217,245.05515866423,102.928735670377
WK152515,Teylingen,Sassenheim West en Sassenheim Zuid en Sassenheim buiten,2017,44.261551960972,37208.5575478142,0.108427796944308,1.04589707927677,4.15935278254474,2458.96420834026,165.718725701943,99.0946436285097,1433.43520352217,245.05515866423,102.928735670377
WK152513,Teylingen,Sassenheim West en Sassenheim Zuid en Sassenheim buiten,2018,44.7919130235041,38177.7342705297,0.0744645247657296,0.901256732495512,4.15147689977278,2372.28247588425,178.172489422914,108.494579455068,1293.12861905568,249.750661702488,137.83511592486
WK152514,Teylingen,Sassenheim West en Sassenheim Zuid en Sassenheim buiten,2018,44.7919130235041,38177.7342705297,0.0744645247657296,0.901256732495512,4.15147689977278,2372.28247588425,178.172489422914,108.494579455068,1293.12861905568,249.750661702488,137.83511592486
WK152515,Teylingen,Sassenheim West en Sassenheim Zuid en Sassenheim buiten,2018,44.7919130235041,38177.7342705297,0.0744645247657296,0.901256732495512,4.15147689977278,2372.28247588425,178.172489422914,108.494579455068,1293.12861905568,249.750661702488,137.83511592486
WK152513,Teylingen,Sassenheim West en Sassenheim Zuid en Sassenheim buiten,2019,45.0732584555182,41783.7936151855,0.088492597577389,0.920697858842189,4.15976331360947,2589.79651664402,185.929383491848,113.267121263587,1412.94578294837,261.653430706521,149.651438519022
WK152514,Teylingen,Sassenheim West en Sassenheim Zuid en Sassenheim buiten,2019,45.0732584555182,41783.7936151855,0.088492597577389,0.920697858842189,4.15976331360947,2589.79651664402,185.929383491848,113.267121263587,1412.94578294837,261.653430706521,149.651438519022
WK152515,Teylingen,Sassenheim West en Sassenheim Zuid en Sassenheim buiten,2019,45.0732584555182,41783.7936151855,0.088492597577389,0.920697858842189,4.15976331360947,2589.79651664402,185.929383491848,113.267121263587,1412.94578294837,261.653430706521,149.651438519022
WK152513,Teylingen,Sassenheim West en Sassenheim Zuid en Sassenheim buiten,2020,45.3748694305479,42394.8923473775,0.0884033613445378,0.935483870967742,4.06233491811939,2402.76056395448,186.522853745541,116.186517750977,1240.63570069645,303.642525904535,179.975860370307
WK152514,Teylingen,Sassenheim West en Sassenheim Zuid en Sassenheim buiten,2020,45.3748694305479,42394.8923473775,0.0884033613445378,0.935483870967742,4.06233491811939,2402.76056395448,186.522853745541,116.186517750977,1240.63570069645,303.642525904535,179.975860370307
WK152515,Teylingen,Sassenheim West en Sassenheim Zuid en Sassenheim buiten,2020,45.3748694305479,42394.8923473775,0.0884033613445378,0.935483870967742,4.06233491811939,2402.76056395448,186.522853745541,116.186517750977,1240.63570069645,303.642525904535,179.975860370307
WK152513,Teylingen,Sassenheim West en Sassenheim Zuid en Sassenheim buiten,2021,45.3804174013258,43672.315626078,0.104840060291408,1.06316590563166,4.02472027062191,2599.01432881356,199.056372881355,120.175259322034,1546.09188135593,286.084327118643,107.602450847458
WK152514,Teylingen,Sassenheim West en Sassenheim Zuid en Sassenheim buiten,2021,45.3804174013258,43672.315626078,0.104840060291408,1.06316590563166,4.02472027062191,2599.01432881356,199.056372881355,120.175259322034,1546.09188135593,286.084327118643,107.602450847458
WK152515,Teylingen,Sassenheim West en Sassenheim Zuid en Sassenheim buiten,2021,45.3804174013258,43672.315626078,0.104840060291408,1.06316590563166,4.02472027062191,2599.01432881356,199.056372881355,120.175259322034,1546.09188135593,286.084327118643,107.602450847458
WK152513,Teylingen,Sassenheim West en Sassenheim Zuid en Sassenheim buiten,2022,45.1047674246037,45314.4098494764,0.138072669826224,1.08753993610224,4.08740234375,2574.05767187249,206.12302688778,127.206502978586,1559.53018193528,306.609183706327,
WK152514,Teylingen,Sassenheim West en Sassenheim Zuid en Sassenheim buiten,2022,45.1047674246037,45314.4098494764,0.138072669826224,1.08753993610224,4.08740234375,2574.05767187249,206.12302688778,127.206502978586,1559.53018193528,306.609183706327,
WK152515,Teylingen,Sassenheim West en Sassenheim Zuid en Sassenheim buiten,2022,45.1047674246037,45314.4098494764,0.138072669826224,1.08753993610224,4.08740234375,2574.05767187249,206.12302688778,127.206502978586,1559.53018193528,306.609183706327,
WK152513,Teylingen,Sassenheim West en Sassenheim Zuid en Sassenheim buiten,2023,45.2898577328784,48830.7291835085,0.0833856783919598,0.928892215568862,4.01205400192864,,,,,,
WK152514,Teylingen,Sassenheim West en Sassenheim Zuid en Sassenheim buiten,2023,45.2898577328784,48830.7291835085,0.0833856783919598,0.928892215568862,4.01205400192864,,,,,,
WK152515,Teylingen,Sassenheim West en Sassenheim Zuid en Sassenheim buiten,2023,45.2898577328784,48830.7291835085,0.0833856783919598,0.928892215568862,4.01205400192864,,,,,,
WK152513,Teylingen,Sassenheim West en Sassenheim Zuid en Sassenheim buiten,2024,45.6422688808394,,0.108364103387382,0.53965960179833,,,,,,,
WK152514,Teylingen,Sassenheim West en Sassenheim Zuid en Sassenheim buiten,2024,45.6422688808394,,0.108364103387382,0.53965960179833,,,,,,,
WK152515,Teylingen,Sassenheim West en Sassenheim Zuid en Sassenheim buiten,2024,45.6422688808394,,0.108364103387382,0.53965960179833,,,,,,,
WK050326,Delft,Schieweg en Abtswoude en Ruiven,2009,38.9569624446392,,0.0896755162241888,0.552863436123348,3.72845227062095,1932.29654878049,111.932987804878,61.9141036585365,1016.27156097561,305.797329268293,289.347365853658
WK050327,Delft,Schieweg en Abtswoude en Ruiven,2009,38.9569624446392,,0.0896755162241888,0.552863436123348,3.72845227062095,1932.29654878049,111.932987804878,61.9141036585365,1016.27156097561,305.797329268293,289.347365853658
WK050329,Delft,Schieweg en Abtswoude en Ruiven,2009,38.9569624446392,,0.0896755162241888,0.552863436123348,3.72845227062095,1932.29654878049,111.932987804878,61.9141036585365,1016.27156097561,305.797329268293,289.347365853658
WK050326,Delft,Schieweg en Abtswoude en Ruiven,2010,38.9073739764734,,0.115429917550059,0.887966804979253,3.7296803652968,2053.67286499694,114.448924400738,56.6561954517517,1250.68083589428,310.731782421635,155.377916921197
WK050327,Delft,Schieweg en Abtswoude en Ruiven,2010,38.9073739764734,,0.115429917550059,0.887966804979253,3.7296803652968,2053.67286499694,114.448924400738,56.6561954517517,1250.68083589428,310.731782421635,155.377916921197
WK050329,Delft,Schieweg en Abtswoude en Ruiven,2010,38.9073739764734,,0.115429917550059,0.887966804979253,3.7296803652968,2053.67286499694,114.448924400738,56.6561954517517,1250.68083589428,310.731782421635,155.377916921197
WK050326,Delft,Schieweg en Abtswoude en Ruiven,2011,39.6151308880916,32037.9854338189,0.0939193257074052,0.894623655913979,3.87149758454106,1765.23593652769,129.156521468575,66.5255444928439,981.900989421282,317.388027380212,152.926172993155
WK050327,Delft,Schieweg en Abtswoude en Ruiven,2011,39.6151308880916,32037.9854338189,0.0939193257074052,0.894623655913979,3.87149758454106,1765.23593652769,129.156521468575,66.5255444928439,981.900989421282,317.388027380212,152.926172993155
WK050329,Delft,Schieweg en Abtswoude en Ruiven,2011,39.6151308880916,32037.9854338189,0.0939193257074052,0.894623655913979,3.87149758454106,1765.23593652769,129.156521468575,66.5255444928439,981.900989421282,317.388027380212,152.926172993155
WK050326,Delft,Schieweg en Abtswoude en Ruiven,2012,39.7330831323301,31286.9872854418,0.109704641350211,0.943434343434343,3.74780058651026,1704.77294264339,120.719756706176,63.2199189020588,994.544416718654,254.513867747973,152.618379052369
WK050327,Delft,Schieweg en Abtswoude en Ruiven,2012,39.7330831323301,31286.9872854418,0.109704641350211,0.943434343434343,3.74780058651026,1704.77294264339,120.719756706176,63.2199189020588,994.544416718654,254.513867747973,152.618379052369
WK050329,Delft,Schieweg en Abtswoude en Ruiven,2012,39.7330831323301,31286.9872854418,0.109704641350211,0.943434343434343,3.74780058651026,1704.77294264339,120.719756706176,63.2199189020588,994.544416718654,254.513867747973,152.618379052369
WK050326,Delft,Schieweg en Abtswoude en Ruiven,2013,40.1940714306229,31738.2695262484,0.0894259818731118,1.04656319290466,3.86051080550098,2110.92620861961,124.909987492183,65.866191369606,1370.23638524078,246.040631644778,145.655290443473
WK050327,Delft,Schieweg en Abtswoude en Ruiven,2013,40.1940714306229,31738.2695262484,0.0894259818731118,1.04656319290466,3.86051080550098,2110.92620861961,124.909987492183,65.866191369606,1370.23638524078,246.040631644778,145.655290443473
WK050329,Delft,Schieweg en Abtswoude en Ruiven,2013,40.1940714306229,31738.2695262484,0.0894259818731118,1.04656319290466,3.86051080550098,2110.92620861961,124.909987492183,65.866191369606,1370.23638524078,246.040631644778,145.655290443473
WK050326,Delft,Schieweg en Abtswoude en Ruiven,2014,40.5676039794566,33837.4860406091,0.123723723723724,0.997854077253219,3.87932739861523,1829.18842759478,130.433412057178,68.932044748291,1142.30167184587,249.834002486016,124.64359850839
WK050327,Delft,Schieweg en Abtswoude en Ruiven,2014,40.5676039794566,33837.4860406091,0.123723723723724,0.997854077253219,3.87932739861523,1829.18842759478,130.433412057178,68.932044748291,1142.30167184587,249.834002486016,124.64359850839
WK050329,Delft,Schieweg en Abtswoude en Ruiven,2014,40.5676039794566,33837.4860406091,0.123723723723724,0.997854077253219,3.87932739861523,1829.18842759478,130.433412057178,68.932044748291,1142.30167184587,249.834002486016,124.64359850839
WK050326,Delft,Schieweg en Abtswoude en Ruiven,2015,41.0909963799469,32259.1706070288,0.0995775497887749,0.889121338912134,3.90543259557344,1880.27483688833,134.833707653701,72.5182873274781,999.59895859473,238.003193224592,292.146537013802
WK050327,Delft,Schieweg en Abtswoude en Ruiven,2015,41.0909963799469,32259.1706070288,0.0995775497887749,0.889121338912134,3.90543259557344,1880.27483688833,134.833707653701,72.5182873274781,999.59895859473,238.003193224592,292.146537013802
WK050329,Delft,Schieweg en Abtswoude en Ruiven,2015,41.0909963799469,32259.1706070288,0.0995775497887749,0.889121338912134,3.90543259557344,1880.27483688833,134.833707653701,72.5182873274781,999.59895859473,238.003193224592,292.146537013802
WK050326,Delft,Schieweg en Abtswoude en Ruiven,2016,41.6579023775344,33237.5968891769,0.0965978128797084,0.846335697399527,3.99503968253968,2056.49365069357,136.051413249211,74.0744731861198,1268.5310725552,234.528132492114,140.872654476671
WK050327,Delft,Schieweg en Abtswoude en Ruiven,2016,41.6579023775344,33237.5968891769,0.0965978128797084,0.846335697399527,3.99503968253968,2056.49365069357,136.051413249211,74.0744731861198,1268.5310725552,234.528132492114,140.872654476671
WK050329,Delft,Schieweg en Abtswoude en Ruiven,2016,41.6579023775344,33237.5968891769,0.0965978128797084,0.846335697399527,3.99503968253968,2056.49365069357,136.051413249211,74.0744731861198,1268.5310725552,234.528132492114,140.872654476671
WK050326,Delft,Schieweg en Abtswoude en Ruiven,2017,42.2436136344115,35976.8505523067,0.104486785494776,1.01856148491879,4.05876288659794,2263.41452806122,138.111345663265,74.4962818877551,1420.48800382653,237.534693877551,140.243258928571
WK050327,Delft,Schieweg en Abtswoude en Ruiven,2017,42.2436136344115,35976.8505523067,0.104486785494776,1.01856148491879,4.05876288659794,2263.41452806122,138.111345663265,74.4962818877551,1420.48800382653,237.534693877551,140.243258928571
WK050329,Delft,Schieweg en Abtswoude en Ruiven,2017,42.2436136344115,35976.8505523067,0.104486785494776,1.01856148491879,4.05876288659794,2263.41452806122,138.111345663265,74.4962818877551,1420.48800382653,237.534693877551,140.243258928571
WK050326,Delft,Schieweg en Abtswoude en Ruiven,2018,42.2880861859372,43382.0890052356,0.107011070110701,0.910313901345291,4.17136886102403,2127.05820051414,150.66310411311,91.9061375321335,1284.98348971722,227.972287917738,139.698457583548
WK050327,Delft,Schieweg en Abtswoude en Ruiven,2018,42.2880861859372,43382.0890052356,0.107011070110701,0.910313901345291,4.17136886102403,2127.05820051414,150.66310411311,91.9061375321335,1284.98348971722,227.972287917738,139.698457583548
WK050329,Delft,Schieweg en Abtswoude en Ruiven,2018,42.2880861859372,43382.0890052356,0.107011070110701,0.910313901345291,4.17136886102403,2127.05820051414,150.66310411311,91.9061375321335,1284.98348971722,227.972287917738,139.698457583548
WK050326,Delft,Schieweg en Abtswoude en Ruiven,2019,43.2489851316659,39464.1415584416,0.0922509225092251,0.913875598086124,4.05722891566265,2127.52527549082,151.968385053832,91.0456618112731,1237.5109119696,222.794604179861,174.161937935402
WK050327,Delft,Schieweg en Abtswoude en Ruiven,2019,43.2489851316659,39464.1415584416,0.0922509225092251,0.913875598086124,4.05722891566265,2127.52527549082,151.968385053832,91.0456618112731,1237.5109119696,222.794604179861,174.161937935402
WK050329,Delft,Schieweg en Abtswoude en Ruiven,2019,43.2489851316659,39464.1415584416,0.0922509225092251,0.913875598086124,4.05722891566265,2127.52527549082,151.968385053832,91.0456618112731,1237.5109119696,222.794604179861,174.161937935402
WK050326,Delft,Schieweg en Abtswoude en Ruiven,2020,41.6423187049141,40672.0764872521,0.185789473684211,1.15431164901664,3.89266055045872,1839.6497249191,154.380075512406,93.4402966558792,1042.52292340885,206.340167206041,145.380992448759
WK050327,Delft,Schieweg en Abtswoude en Ruiven,2020,41.6423187049141,40672.0764872521,0.185789473684211,1.15431164901664,3.89266055045872,1839.6497249191,154.380075512406,93.4402966558792,1042.52292340885,206.340167206041,145.380992448759
WK050329,Delft,Schieweg en Abtswoude en Ruiven,2020,41.6423187049141,40672.0764872521,0.185789473684211,1.15431164901664,3.89266055045872,1839.6497249191,154.380075512406,93.4402966558792,1042.52292340885,206.340167206041,145.380992448759
WK050326,Delft,Schieweg en Abtswoude en Ruiven,2021,42.2219970459305,50342.735763098,0.0964769647696477,0.941908713692946,3.93920145190563,2149.67610741971,176.484097452935,109.853349944629,1254.36802325581,233.491063122924,127.351722037652
WK050327,Delft,Schieweg en Abtswoude en Ruiven,2021,42.2219970459305,50342.735763098,0.0964769647696477,0.941908713692946,3.93920145190563,2149.67610741971,176.484097452935,109.853349944629,1254.36802325581,233.491063122924,127.351722037652
WK050329,Delft,Schieweg en Abtswoude en Ruiven,2021,42.2219970459305,50342.735763098,0.0964769647696477,0.941908713692946,3.93920145190563,2149.67610741971,176.484097452935,109.853349944629,1254.36802325581,233.491063122924,127.351722037652
WK050326,Delft,Schieweg en Abtswoude en Ruiven,2022,42.1071886945886,43083.7115275412,0.107142857142857,1.0041067761807,3.953125,2123.09924476295,179.636929437707,109.473809261301,1377.28410694598,226.242249173098,
WK050327,Delft,Schieweg en Abtswoude en Ruiven,2022,42.1071886945886,43083.7115275412,0.107142857142857,1.0041067761807,3.953125,2123.09924476295,179.636929437707,109.473809261301,1377.28410694598,226.242249173098,
WK050329,Delft,Schieweg en Abtswoude en Ruiven,2022,42.1071886945886,43083.7115275412,0.107142857142857,1.0041067761807,3.953125,2123.09924476295,179.636929437707,109.473809261301,1377.28410694598,226.242249173098,
WK050326,Delft,Schieweg en Abtswoude en Ruiven,2023,42.1019415656299,44846.488372093,0.139720558882236,1.05426356589147,3.80016722408027,,,,,,
WK050327,Delft,Schieweg en Abtswoude en Ruiven,2023,42.1019415656299,44846.488372093,0.139720558882236,1.05426356589147,3.80016722408027,,,,,,
WK050329,Delft,Schieweg en Abtswoude en Ruiven,2023,42.1019415656299,44846.488372093,0.139720558882236,1.05426356589147,3.80016722408027,,,,,,
WK050326,Delft,Schieweg en Abtswoude en Ruiven,2024,42.3510846418749,,0.123130608175474,0.619142572283151,,,,,,,
WK050327,Delft,Schieweg en Abtswoude en Ruiven,2024,42.3510846418749,,0.123130608175474,0.619142572283151,,,,,,,
WK050329,Delft,Schieweg en Abtswoude en Ruiven,2024,42.3510846418749,,0.123130608175474,0.619142572283151,,,,,,,
WK063703,Zoetermeer,Seghwaert,2009,37.8447536186775,,0.0946890286512928,0.583886255924171,3.79828571428571,1926.90127367118,125.196511092755,73.7759812367235,937.548683620485,325.566748878924,300.619893221639
WK063703,Zoetermeer,Seghwaert,2010,37.9811065188726,,0.102937761263353,0.739461883408072,3.91882429571731,2074.90282980097,125.798105269369,66.8248698884761,1053.55438720718,331.124913554021,293.697298185875
WK063703,Zoetermeer,Seghwaert,2011,38.4093907977086,26613.6344034211,0.0875315972018106,0.787992027902342,3.9891954787234,2182.54070581258,134.667215925948,71.5267430131137,1140.28449830891,321.193398208036,304.373715302491
WK063703,Zoetermeer,Seghwaert,2012,38.5056009189039,26539.1607540806,0.0917976800329741,0.844534800287013,3.92350965575147,2137.49426235335,128.634316120235,70.6705661943436,1189.48973142823,276.724571055909,264.597169688352
WK063703,Zoetermeer,Seghwaert,2013,38.8352745129381,26780.5118975355,0.0936848997083507,0.943980608672233,3.90025023729399,2252.41478294712,128.145860086248,69.1103581696214,1229.21152850982,263.568503833254,322.346170887971
WK063703,Zoetermeer,Seghwaert,2014,38.7951827392928,27462.2764197981,0.0848092238202781,0.938461538461538,3.85533081933493,2224.92975650613,136.746640536174,75.6831649811512,1203.00243971038,257.527281431392,310.091970685014
WK063703,Zoetermeer,Seghwaert,2015,39.0072192769197,27720.9847454512,0.0871776461437205,0.97953897953898,3.90802517024394,2195.37020480694,140.638798288435,78.8157554390396,1171.35341348762,260.369173747965,251.127500752967
WK063703,Zoetermeer,Seghwaert,2016,39.0310123476897,28813.4060910595,0.104365458015267,1.05349482715115,3.88347676419966,2285.5170546589,141.287891483104,79.643711061761,1249.77590240682,276.831926655062,236.615554088918
WK063703,Zoetermeer,Seghwaert,2017,39.3021152031317,29358.9642330383,0.095198028727688,1.00313152400835,3.95792964999564,2392.285923798,141.448639250075,78.3236395524638,1304.78996431811,272.509644390686,231.444786211067
WK063703,Zoetermeer,Seghwaert,2018,39.5132636453997,29529.0405969783,0.0874130069594432,0.988292948543425,4.00209077445771,2451.45215958475,151.158951593433,86.0470768952198,1262.63172320135,292.136259053596,278.250729719942
WK063703,Zoetermeer,Seghwaert,2019,39.7332327353292,31017.7126847291,0.0866312741312741,0.979965655409273,3.99162183614075,2620.7194496359,158.925472694175,90.4238895631064,1394.08737135923,304.680867111651,300.667439320388
WK063703,Zoetermeer,Seghwaert,2020,39.7687104566038,32298.1206630924,0.0916817359855335,0.997589070452719,3.91972789115646,2598.71174637813,162.106553918895,93.6894950597079,1349.595571316,296.269278656724,349.532068254834
WK063703,Zoetermeer,Seghwaert,2021,39.9088644745476,33383.71486118,0.0861127956337174,1.01438215438802,3.94025809944951,2708.24195709148,183.431698665203,108.435142926798,1481.34142317304,313.722626318034,198.13289632474
WK063703,Zoetermeer,Seghwaert,2022,40.022134279969,35396.9376852767,0.0838912007719679,0.947998831434414,4.0554272517321,2605.57119118632,192.024240063301,118.051080406597,1602.00934932132,316.610276340617,
WK063703,Zoetermeer,Seghwaert,2023,40.0241710032973,38021.034811489,0.0766825043603777,0.964285714285714,3.99839156465017,,,,,,
WK063703,Zoetermeer,Seghwaert,2024,40.5234345069194,,0.0738275525158769,0.530105031753786,,,,,,,
WK054602,Leiden,Stationsdistrict,2009,34.9282715614018,,0.171387421987518,0.684717208182912,3.16694915254237,1467.23375138122,105.113729281768,56.4755635359116,759.701762430939,236.703502762431,199.040447513812
WK054602,Leiden,Stationsdistrict,2010,35.0723189728039,,0.175318315377081,0.883054892601432,3.21013289036545,1592.27267720829,108.381364383562,53.0185589041096,766.445232876712,279.396043835616,269.05387131952
WK054602,Leiden,Stationsdistrict,2011,34.9977072299923,27462.0938888889,0.203561116458133,1.05727923627685,3.24424778761062,1497.74877079979,122.565244229737,63.6253301127214,691.605201288246,241.189538378959,263.41949006978
WK054602,Leiden,Stationsdistrict,2012,35.0764532204608,28083.640865111,0.141298958849777,0.997146932952924,3.11861471861472,1634.56408427876,119.371118918919,65.1545513513513,761.109686486488,224.87767027027,370.399859535386
WK054602,Leiden,Stationsdistrict,2013,34.4024052876784,28184.6300283286,0.15047619047619,1.16244411326379,3.06267281105991,1506.88852557127,120.736619411124,65.4355179934569,840.179034896401,207.264236641221,193.43704570185
WK054602,Leiden,Stationsdistrict,2014,34.3033786101258,28926.5424581006,0.134898710865562,1.09408194233687,3.07992565055762,1693.41282397408,132.961551351351,75.1623135135136,834.655886486487,223.893210810811,273.181252699784
WK054602,Leiden,Stationsdistrict,2015,34.7286829475074,28722.1392333709,0.220963172804533,1.08994082840237,3.1772030651341,1577.4200487013,131.739208672087,73.4932682926829,707.022292682927,211.441143631436,213.285995670996
WK054602,Leiden,Stationsdistrict,2016,35.0326061667448,29136.3967452301,0.158662900188324,1.12059620596206,3.29166666666667,1900.24185124865,139.715760043431,81.0850651465797,937.125168295332,216.152079261672,299.146482084691
WK054602,Leiden,Stationsdistrict,2017,35.069365557017,29836.3280721533,0.164761904761905,1.15147058823529,3.16952380952381,1620.97867391305,138.8555,78.924945652174,752.776902173913,204.001516304348,266.967875
WK054602,Leiden,Stationsdistrict,2018,35.2617239961309,30407.3454038997,0.144052044609665,1.09929078014184,3.17263544536272,1886.34493283181,145.797474476088,83.8960773777537,890.318812466416,184.602982267598,366.845534658786
WK054602,Leiden,Stationsdistrict,2019,35.3862421399091,32310.7996613995,0.163593380614657,1.1607898448519,3.20283018867925,1957.2826056338,154.55161971831,91.0646641386784,898.864723726977,203.61275731311,345.432242686891
WK054602,Leiden,Stationsdistrict,2020,34.828658975962,34194.9946419873,0.291060291060291,1.42421441774492,2.98902953586498,1608.30590992647,156.015583639706,93.869140625,676.906668198529,189.557890625,319.093409926471
WK054602,Leiden,Stationsdistrict,2021,34.8810492806305,35937.2262247839,0.195786864931846,1.27122381477398,3.01175482787573,1914.07605395519,168.980224051212,100.23447645176,1054.43406035665,175.965299497028,230.40247828075
WK054602,Leiden,Stationsdistrict,2022,33.9781777725692,36272.4007155635,0.239809034153507,1.21830985915493,2.95252679938744,1674.01771952259,165.393546462063,98.1493478260871,1072.79339727195,176.605959079284,
WK054602,Leiden,Stationsdistrict,2023,34.0531596692387,37829.847826087,0.195799216803133,1.17102803738318,2.960058097313,,,,,,
WK054602,Leiden,Stationsdistrict,2024,33.8759414096856,,0.253875968992248,0.884043927648579,,,,,,,
WK054609,Leiden,Stevenshofdistrict,2009,38.0234271748564,,0.0530514887316993,0.443838108231014,3.79718504845408,1806.94988138687,134.027209958506,82.3735701244821,967.566473029042,286.308720331949,210.82326061712
WK054609,Leiden,Stevenshofdistrict,2010,38.6214956331435,,0.0574329948393541,0.598740440845704,3.89813302217036,1870.86756566251,137.689553684213,78.501045052632,980.623154526316,290.656811789473,245.792676009063
WK054609,Leiden,Stevenshofdistrict,2011,39.1679119338777,27803.9886022795,0.0590813316477033,0.693971468016567,3.91018529446477,1822.53198844815,149.639981311588,86.3748394495411,979.302958715595,289.012308868499,183.276242249214
WK054609,Leiden,Stevenshofdistrict,2012,39.7247392153601,27866.9543956997,0.0641834299352199,0.740939597315436,3.97719319415953,1868.44810474884,149.222748949308,90.8176919118274,1080.29893044,246.801169053951,182.98320589748
WK054609,Leiden,Stevenshofdistrict,2013,40.2723223079542,28067.3893335653,0.0632911392405063,0.81478102189781,4.07370857699805,2091.20529928516,150.772345998104,91.2951279400365,1247.14951925562,237.073901955716,203.352977349066
WK054609,Leiden,Stevenshofdistrict,2014,40.767682103201,29112.2280301701,0.0696011715048669,0.862360801781737,4.09263599358579,2088.51135732871,159.350777305456,97.7065481044478,1220.45908041988,241.240050316648,214.05487424111
WK054609,Leiden,Stevenshofdistrict,2015,41.3210809760219,29456.8769053527,0.0730816077953715,0.853679653679654,4.18127415534223,2142.33150490539,155.284147901517,92.9060203276962,1184.2372662753,268.73563042145,176.662809215137
WK054609,Leiden,Stevenshofdistrict,2016,41.7311091937624,30484.8687567373,0.082399647110719,0.914164904862579,4.1860085405677,2190.39642793752,160.548863152289,98.0921352502666,1235.15469559816,244.391278842742,173.791424387646
WK054609,Leiden,Stevenshofdistrict,2017,42.0761914249743,31143.8339396144,0.0814761989659476,0.946373626373626,4.24958487674032,2267.88712515713,167.537155683246,103.461091757946,1267.71562937691,248.244481953673,178.481585562938
WK054609,Leiden,Stevenshofdistrict,2018,42.3920503662412,31732.2069218092,0.0790605951954105,0.912838127951911,4.26791158536585,2435.48883330323,178.8908650894,113.026022214194,1403.5059156583,256.672532057069,169.552942929384
WK054609,Leiden,Stevenshofdistrict,2019,42.6853374815292,33197.4999082064,0.0694831460674157,0.983094262295082,4.19681264576315,2497.19119340819,186.932365085115,117.710383918871,1365.27703730532,273.299508330314,244.436767475553
WK054609,Leiden,Stevenshofdistrict,2020,42.9153909613846,34030.3902167871,0.0659880021814216,0.906896551724138,4.11472533405318,2469.38445433684,186.811277650299,120.715354749885,1369.41666085361,292.378927030749,196.292988526847
WK054609,Leiden,Stevenshofdistrict,2021,43.1881651539512,35688.7470922118,0.0763749314818198,0.993624325649828,4.17135243171219,2660.23525242272,206.787510844491,132.054191970465,1560.54752561145,302.123816335948,156.537277341947
WK054609,Leiden,Stevenshofdistrict,2022,43.3439377659978,37354.0070559837,0.0704404805242082,0.924674070497344,4.2441351888668,2715.18165990409,217.833450756177,142.438600147548,1708.58539376614,339.335276650684,
WK054609,Leiden,Stevenshofdistrict,2023,43.8226705908035,40463.231513671,0.062384983437615,0.895157264103844,4.14162003730349,,,,,,
WK054609,Leiden,Stevenshofdistrict,2024,44.368076879437,,0.0857196331648886,0.544408048666355,,,,,,,
WK191604,Leidschendam-Voorburg,Stompwijk,2009,40.3701673743453,,0.0654088050314465,0.477801268498943,3.83059110298598,1656.27226926333,122.61139347734,71.2106480304955,996.7163871241,275.488297331639,93.1520279424217
WK191604,Leidschendam-Voorburg,Stompwijk,2010,40.5042627259752,,0.0735294117647059,0.634297520661157,3.83363042186572,1868.1521656051,119.568889361702,59.0912936170213,1046.18009361702,281.71969787234,220.541333333333
WK191604,Leidschendam-Voorburg,Stompwijk,2011,40.8094304479203,29825.2807244502,0.064708386547467,0.672727272727273,3.88199879590608,1840.99688278231,133.491249463289,68.399939888364,1074.76163160154,298.360459424646,145.939214255045
WK191604,Leidschendam-Voorburg,Stompwijk,2012,40.9654299697002,32919.6054100472,0.0733672603901612,0.733598409542744,3.80841708542714,1882.90638034188,124.743557075673,64.7781487815305,1186.93830696879,243.474296707995,163.283064102564
WK191604,Leidschendam-Voorburg,Stompwijk,2013,41.4219301597621,30447.1213822894,0.0699062233589088,0.724669603524229,3.7140127388535,1778.12882832618,128.937093173036,67.800094461142,1095.50657793044,238.05092314298,111.748291845494
WK191604,Leidschendam-Voorburg,Stompwijk,2014,41.7874160231311,36988.6983920035,0.0512163892445583,0.717948717948718,3.78849840255591,1875.89091770788,134.662852826931,71.3151316357357,1201.48571860164,240.24470867501,103.28760017234
WK191604,Leidschendam-Voorburg,Stompwijk,2015,42.3093838305824,33777.5675909879,0.0869936034115139,0.806262230919765,3.91122384273938,2047.93253115599,135.236536312849,71.2919639020197,1254.76460678986,240.383386334336,83.9125655350237
WK191604,Leidschendam-Voorburg,Stompwijk,2016,42.3394656360203,34341.343547691,0.0745446844557391,0.891949152542373,3.95957043588124,2357.02811111111,140.713683760684,76.8381452991454,1475.43955555556,248.216482905983,89.914735042735
WK191604,Leidschendam-Voorburg,Stompwijk,2017,42.6399950005023,37518.0115929583,0.0530335171828596,0.778061224489796,4.03831417624521,2379.55921761436,154.119828986746,88.7018298418127,1385.25043180846,262.197336468577,88.5265754595981
WK191604,Leidschendam-Voorburg,Stompwijk,2018,42.6997103319677,36289.8276751182,0.0801349641501476,0.868686868686869,3.91974522292994,2201.57159914711,152.76458848614,86.2158166311301,1242.75932622601,241.186004264392,88.3924093816631
WK191604,Leidschendam-Voorburg,Stompwijk,2019,42.7659111300255,43352.6086583798,0.0924229808492923,0.860424028268551,3.94255050505051,2344.83696421053,164.621886315789,95.4004168421054,1384.66924210527,282.62824,105.034235789474
WK191604,Leidschendam-Voorburg,Stompwijk,2020,42.7578569869757,40563.2877576777,0.101617586063874,0.922939068100358,3.86511627906977,2164.00600167295,177.461668757842,109.224245085738,1155.25380175659,296.162162275198,163.816750313676
WK191604,Leidschendam-Voorburg,Stompwijk,2021,43.1450153232569,42824.3084555651,0.0961864406779661,0.903660886319846,3.90322580645161,2462.8270947099,192.634052901024,118.014283276451,1533.84877133105,282.151322525597,49.1320435153584
WK191604,Leidschendam-Voorburg,Stompwijk,2022,43.3326406711161,47556.6529562982,0.0726280436607892,0.807053941908714,3.94904037061549,2222.37112670067,199.546215986394,123.725463435374,1309.39133078231,313.420267857143,
WK191604,Leidschendam-Voorburg,Stompwijk,2023,43.5941269259446,46910.9914784832,0.0570948782535684,0.751152073732719,3.74142312579415,,,,,,
WK191604,Leidschendam-Voorburg,Stompwijk,2024,44.182301041283,,0.0800169348010161,0.474597798475868,,,,,,,
WK053708,Katwijk,Valkenburg,2009,35.1836401760323,,0.100683371298405,0.605494505494505,3.40666026256804,1619.28548654245,119.204637681159,67.5381090407177,795.080066712677,221.225208189556,283.278355187486
WK053708,Katwijk,Valkenburg,2010,35.3883673977703,,0.066815144766147,0.629213483146067,3.5028427037271,1700.76409622302,124.415483434753,65.5234910975884,932.402684246115,220.695086770341,206.414058003597
WK053708,Katwijk,Valkenburg,2011,35.1744543476156,29318.4871358707,0.118281801203569,0.899909008189263,3.47284929835265,1674.94068077084,133.071133696563,70.0825523889356,953.681601005868,213.852506286672,165.055504817763
WK053708,Katwijk,Valkenburg,2012,35.5411282458096,29274.9035669847,0.0601626016260163,0.707459207459207,3.38824604141291,1670.30527555828,131.74504100041,73.4180811808119,976.064602296023,215.457394423944,134.253765621799
WK053708,Katwijk,Valkenburg,2013,35.6068135136379,29946.1192867391,0.0528211284513806,0.72969837587007,3.51386724836398,1909.09173448832,135.633565672844,76.7474294923449,1143.05635576148,187.216728444803,183.719242546334
WK053708,Katwijk,Valkenburg,2014,35.2770663978908,31782.9752417795,0.11253534401508,0.954802259887006,3.41452742123687,1726.31663371983,146.290501805741,85.5444953430914,977.773558258886,169.42930051321,154.760937084205
WK053708,Katwijk,Valkenburg,2015,35.2028239348045,31125.0565895845,0.0957875457875458,0.905090595340811,3.40343722691523,1783.87489098301,140.44489558307,78.8769672888562,1016.52669746812,185.440835335427,152.120408351811
WK053708,Katwijk,Valkenburg,2016,35.3574218330437,32644.1206148282,0.115255435743327,1.06449044585987,3.41586339851281,1681.70458794149,149.385950767035,87.7306439529072,955.670829468425,167.415645736711,113.912404566536
WK053708,Katwijk,Valkenburg,2017,35.3359994566609,33419.3447666195,0.102626123013131,0.951625693893735,3.39329268292683,1679.86363810853,147.619537602512,84.8581661141162,940.57411969988,163.344323852731,119.853695690106
WK053708,Katwijk,Valkenburg,2018,35.3789510345543,35001.6334934798,0.0810765630224005,0.90064620355412,3.49011336672818,1959.52783870423,161.366885439514,97.3846094145438,1165.68434452505,163.845910241269,154.853733760756
WK053708,Katwijk,Valkenburg,2019,35.7035900228407,36686.6693030153,0.0951073792992088,0.95392077607114,3.4693515704154,1858.50737886179,169.653783739838,102.077494308943,1033.15157886179,172.867894308943,175.845536585366
WK053708,Katwijk,Valkenburg,2020,35.8641490667758,37917.209261052,0.0823324905183312,0.91855583543241,3.43487394957983,1870.22284850413,166.292877148313,101.809384150223,1001.72441756843,184.048572565245,190.269581476766
WK053708,Katwijk,Valkenburg,2021,36.2752724325596,39310.1465336979,0.0563180312352106,0.8134765625,3.46033376123235,1893.3380241615,187.372548084565,113.851119058973,1029.64267366079,191.664096328088,117.4600921952
WK053708,Katwijk,Valkenburg,2022,36.5506722578486,42129.4407299742,0.0501265022137887,0.733791748526523,3.52602739726027,1975.28010063898,190.042146964857,116.948447284345,1205.84131629393,207.904241214057,
WK053708,Katwijk,Valkenburg,2023,36.8490667126655,45023.5522267206,0.0586005370399621,0.787744227353464,3.49840569045867,,,,,,
WK053708,Katwijk,Valkenburg,2024,37.456463346923,,0.0667410003185728,0.400923861102262,,,,,,,
WK056905,Nieuwkoop,Verlaat,2009,36.0189166200088,,0.0791855203619909,0.520361990950226,3.22452830188679,1359.92710677382,101.409563719862,50.8910562571756,849.56570608496,176.167887485649,64.1380137772675
WK056905,Nieuwkoop,Verlaat,2010,36.8008580035157,,0.104597701149425,0.511811023622047,3.44299065420561,1515.94680280047,111.525729411765,53.3469882352941,940.466623529412,240.064788235294,45.4927421236873
WK056905,Nieuwkoop,Verlaat,2011,36.9287683782509,34638.8231707317,0.0613931523022432,0.569060773480663,3.28759398496241,1543.61137231504,121.781050119332,59.0810262529833,863.152863961813,233.206897374702,142.199307875895
WK056905,Nieuwkoop,Verlaat,2012,37.9644150385954,39016.8438256659,0.0798569725864124,0.896551724137931,3.32745098039216,1712.10985628743,116.070191616766,58.2535808383234,1109.8834011976,228.798359281437,54.8260838323353
WK056905,Nieuwkoop,Verlaat,2013,38.7038607583387,38640.3089533417,0.0435323383084577,0.442307692307692,3.40471512770138,1737.0397125,117.5809,58.0307125,1114.8850625,212.704075,41.6375875
WK056905,Nieuwkoop,Verlaat,2014,39.3321238230331,56642.8756476684,0.0455696202531646,0.627329192546584,3.40495867768595,1944.5111913815,125.909708491762,64.2626996197719,1158.07614702155,240.8536121673,234.738681875792
WK056905,Nieuwkoop,Verlaat,2015,39.4022797091209,56205.81625,0.0768292682926829,0.879310344827586,3.359918200409,1413.37885365853,125.560682926829,63.1945731707317,776.739743902439,235.560170731708,54.1493048780488
WK056905,Nieuwkoop,Verlaat,2016,39.7660938743643,38773.9567901235,0.0543478260869565,0.844444444444444,3.40631163708087,1457.42082125604,135.291147342995,73.1437439613528,796.743574879227,238.930640096618,86.5809299516908
WK056905,Nieuwkoop,Verlaat,2017,40.3463519383693,41288.144638404,0.0758873929008568,0.855721393034826,3.402,1924.96272392638,143.467165644172,79.7664907975461,1216.06468711656,283.939214723926,53.8437914110429
WK056905,Nieuwkoop,Verlaat,2018,41.6105978410513,40825.9556962025,0.0523690773067332,0.709876543209877,3.48697394789579,1782.55051186017,149.642734082397,83.5020224719102,1040.92036204744,330.982322097378,54.1070911360799
WK056905,Nieuwkoop,Verlaat,2019,42.2778225992456,43418.7141057934,0.0738007380073801,0.89119170984456,3.52509652509652,2069.44905055487,161.322737361282,92.9362268803947,1149.05512946979,360.973834771887,81.7219975339087
WK056905,Nieuwkoop,Verlaat,2020,42.6034912942399,46434.4576923077,0.0599250936329588,0.812834224598931,3.45621181262729,2682.213525,167.4885625,100.5935875,1595.0213,262.239,78.8727125
WK056905,Nieuwkoop,Verlaat,2021,42.9346350755516,49687.9790301442,0.0809768637532134,0.873015873015873,3.36708860759494,2086.13304123711,167.530244845361,92.4730283505155,1330.59782216495,257.090953608247,55.3704639175258
WK056905,Nieuwkoop,Verlaat,2022,43.2263615682321,51218.6020278834,0.0572472594397077,0.654639175257732,3.39341085271318,2001.84505548705,175.484389642417,101.357595561036,1188.29192355117,269.044895191122,
WK056905,Nieuwkoop,Verlaat,2023,44.1458911758106,55727.9381188119,0.0628778718258767,0.830917874396135,3.56809338521401,,,,,,
WK056905,Nieuwkoop,Verlaat,2024,44.51192107786,,0.0904704463208685,0.611580217129071,,,,,,,
WK191609,Leidschendam-Voorburg,Voorburg Midden,2009,47.7541771218118,,0.103698534542917,0.709508196721311,4.61586031284103,2551.34506996002,135.598514922175,84.058816221619,1373.25600599743,430.19660002856,356.413032552827
WK191609,Leidschendam-Voorburg,Voorburg Midden,2010,47.8258647200194,,0.124789680314077,0.909259259259259,4.73766898063573,2622.73932980095,134.196078120496,70.3945113865668,1503.15740703373,420.175216200634,285.379309752256
WK191609,Leidschendam-Voorburg,Voorburg Midden,2011,47.3387136866657,38801.5218337444,0.114293659621802,0.945171339563863,4.83055246570263,2650.70503269832,139.65295221843,72.2196459044368,1480.8855019909,403.040206200226,310.330854421382
WK191609,Leidschendam-Voorburg,Voorburg Midden,2012,47.0466902020624,28727.9965831435,0.122802197802198,1.02454704850964,4.75980754996299,2649.71953205756,135.045445128779,72.290344344905,1614.99740481522,351.477814949608,279.974527168599
WK191609,Leidschendam-Voorburg,Voorburg Midden,2013,47.0808967314084,29382.1259312321,0.106822880771881,1.07979734008866,4.67394192446385,2837.91167298246,136.694475239167,73.2443472144062,1654.51260551491,335.957999437253,312.085661754386
WK191609,Leidschendam-Voorburg,Voorburg Midden,2014,46.9597532977781,29867.6710954064,0.12181148547265,1.04908338261384,4.70158550396376,2854.6436321807,145.089333333333,79.4209079497913,1691.75533751743,337.356164574617,287.071706636921
WK191609,Leidschendam-Voorburg,Voorburg Midden,2015,47.0263726482083,29102.5397607319,0.109825802939575,1.01291512915129,4.65550959007146,3069.59590473545,147.83491596055,81.4862022503121,1678.46238505348,344.693936657868,286.731083182891
WK191609,Leidschendam-Voorburg,Voorburg Midden,2016,46.7808267643576,30454.7808389866,0.125016642258022,1.07903587443946,4.70289449112979,3087.67873735994,153.286050293836,87.2198100314336,1618.94025420254,334.539517561843,308.377901065865
WK191609,Leidschendam-Voorburg,Voorburg Midden,2017,46.9119787443874,31657.4288480155,0.120430679250299,1.125,4.68383188186293,2964.07028021978,157.48546565934,90.3338379120878,1555.01723763736,325.902048076923,247.36765521978
WK191609,Leidschendam-Voorburg,Voorburg Midden,2018,46.529859605618,30920.3994820771,0.13263296126067,1.18211920529801,4.63237233842095,3174.50916857874,169.752962613038,101.934825212579,1686.00376029154,316.127809420974,286.775957619112
WK191609,Leidschendam-Voorburg,Voorburg Midden,2019,46.0569667052859,32908.2032870807,0.118164188752424,1.13590033975085,4.53890977443609,3220.34403667285,182.798401541323,112.345499601382,1764.34353042786,329.684545575338,271.087783683231
WK191609,Leidschendam-Voorburg,Voorburg Midden,2020,45.9218956239338,33549.6225758994,0.109590809345553,1.05745062836625,4.37050709150962,2868.57941199789,184.94292679704,114.138029862579,1486.67052457717,332.387280655392,251.751025369979
WK191609,Leidschendam-Voorburg,Voorburg Midden,2021,45.6254339770021,35140.7346568055,0.135266301642608,1.1309462915601,4.3322166387493,3085.01454035445,200.950772663521,124.696352161163,1773.36848144843,302.487641208721,172.695083513961
WK191609,Leidschendam-Voorburg,Voorburg Midden,2022,45.3627198783355,37117.1735355106,0.112306740878169,1.09226519337017,4.42360458560421,2923.74897517505,207.781960534691,130.987722469765,1766.68834754934,311.380725652451,
WK191609,Leidschendam-Voorburg,Voorburg Midden,2023,44.8980756970248,40000.5715557817,0.12280701754386,1.1058705469142,4.15453360640477,,,,,,
WK191609,Leidschendam-Voorburg,Voorburg Midden,2024,45.3476753635822,,0.109623326242022,0.566207759699625,,,,,,,
WK191611,Leidschendam-Voorburg,Voorburg Noord,2009,36.2126414416701,,0.142268647932912,0.785467128027682,3.68265524625268,2044.9436967476,112.636541341892,63.4788919455907,1091.4220174232,276.219940394314,362.903600549702
WK191611,Leidschendam-Voorburg,Voorburg Noord,2010,36.0666386875576,,0.12906564163217,0.925720060636685,3.73983739837398,1846.17399877714,112.449736233226,56.2432932284436,1067.27590004627,262.165616227056,197.423283399572
WK191611,Leidschendam-Voorburg,Voorburg Noord,2011,36.2343508310424,26616.8873548792,0.107754130078881,0.938087341072416,3.82709966405375,1782.29969636558,122.093086362939,61.3540589047402,982.579214603466,246.408705322903,230.73419567551
WK191611,Leidschendam-Voorburg,Voorburg Noord,2012,35.8772695254781,26510.7475057559,0.130365197148261,1.06559839759639,3.67627785058978,1878.7811940966,117.76213870246,61.6923683818046,1151.6926323639,219.2891349739,181.765784138342
WK191611,Leidschendam-Voorburg,Voorburg Noord,2013,35.6353779805082,27003.0839752303,0.124574829931973,1.05921052631579,3.54974852394489,1957.74425149701,119.619283206554,62.7722644821531,1217.70311293154,199.405561732007,192.820972688769
WK191611,Leidschendam-Voorburg,Voorburg Noord,2014,35.8257895090951,27797.3695749441,0.11047083626142,1.09259259259259,3.60935799782372,1917.37519745407,127.591689814815,68.822873263889,1154.82355613426,200.353096064815,192.390946043686
WK191611,Leidschendam-Voorburg,Voorburg Noord,2015,35.9839161138815,28490.0744350908,0.120528879610299,1.09603658536585,3.62829736211031,1868.62319145887,124.62190305464,65.0980983794633,1048.86836942493,214.09731392514,190.120673545429
WK191611,Leidschendam-Voorburg,Voorburg Noord,2016,36.3456365694718,29379.8441346582,0.124929893438026,1.18522427440633,3.67130356742203,2033.63397060943,131.751824207493,72.3091585014411,1124.07349711816,223.504646974064,216.716048119867
WK191611,Leidschendam-Voorburg,Voorburg Noord,2017,36.5208398570365,30319.1920083807,0.120626924153373,1.1218045112782,3.655413009228,1934.57205083514,134.704852578068,74.5386840958602,1083.31302832244,211.143145969499,181.042092955701
WK191611,Leidschendam-Voorburg,Voorburg Noord,2018,36.5014279789051,31130.5126948775,0.119050922714028,1.09533267130089,3.68,2103.69387297454,145.677916666667,87.0749146412039,1180.64922743055,223.239852430555,210.718246527778
WK191611,Leidschendam-Voorburg,Voorburg Noord,2019,36.3491119260856,32867.4333529932,0.116584564860427,1.12518124697922,3.58903498997103,2199.13558500783,159.490788086077,97.9598190109731,1229.89911500641,211.623497221034,234.63162747613
WK191611,Leidschendam-Voorburg,Voorburg Noord,2020,36.6229043279367,34456.9795560748,0.124844977263332,1.16598150051387,3.55040418449834,2012.63663468423,162.874745811256,100.793312329944,1063.98345267077,214.755543462695,233.614916225118
WK191611,Leidschendam-Voorburg,Voorburg Noord,2021,36.7715104235157,36521.8727915194,0.133056133056133,1.19456574478409,3.50152189182861,2160.32660865814,176.456356968215,109.204993527973,1239.00415216454,198.790906083704,140.844841075795
WK191611,Leidschendam-Voorburg,Voorburg Noord,2022,36.7016379633052,38974.0221265221,0.133168248727473,1.13871733966746,3.50463954318344,1892.18147307968,181.371392677674,114.706422110552,1146.11592677674,200.742297200287,
WK191611,Leidschendam-Voorburg,Voorburg Noord,2023,36.9994476587342,41072.769207728,0.112367392518146,1.0787037037037,3.40460370194589,,,,,,
WK191611,Leidschendam-Voorburg,Voorburg Noord,2024,37.5326713667461,,0.13876212207644,0.700513405590416,,,,,,,
WK191613,Leidschendam-Voorburg,Voorburg Oud,2009,41.1868544646387,,0.10479525862069,0.684711481261154,3.96301264852434,2114.43017463617,117.372880510118,66.2178569448295,1180.080085944,311.6248502911,277.15628967429
WK191613,Leidschendam-Voorburg,Voorburg Oud,2010,40.9990454796409,,0.0995389205315975,0.78448275862069,3.98574455788865,2035.27674787693,112.882257883672,51.9884919411359,1186.22650315347,317.056911002102,191.059509954058
WK191613,Leidschendam-Voorburg,Voorburg Oud,2011,41.2355097811937,41663.291737408,0.0986779337603925,0.859315589353612,4.02826855123675,2031.66224390243,119.217846089503,54.3186532831452,1149.55015614109,316.560140805799,213.587673867596
WK191613,Leidschendam-Voorburg,Voorburg Oud,2012,41.6361019730885,40533.2985010707,0.0849148081451725,0.840273037542662,3.98309519017911,2048.33489977414,115.643969756924,55.1557193329561,1267.00465517241,252.691946014697,198.868543195934
WK191613,Leidschendam-Voorburg,Voorburg Oud,2013,41.6988441721739,41895.0893162393,0.0879227053140097,0.854368932038835,3.91264508246793,2132.25341672522,118.095559150373,56.6197988465323,1358.78721057814,230.481844141229,160.706966971188
WK191613,Leidschendam-Voorburg,Voorburg Oud,2014,41.7040347074472,45511.8585428206,0.0978857770455794,0.913869537682077,3.90801790801791,2095.45596893802,126.90400140056,63.4564271708685,1223.17743837535,233.829766106443,163.866794459214
WK191613,Leidschendam-Voorburg,Voorburg Oud,2015,41.7549305046973,43687.9357102751,0.0937414965986395,0.954007884362681,3.95765275257108,2329.35853915454,130.58368588855,66.290989742168,1377.62538813418,247.933214582756,141.049886347886
WK191613,Leidschendam-Voorburg,Voorburg Oud,2016,41.9512078444347,47135.6014035088,0.0988981091008026,0.998095238095238,3.85988791032826,2278.58022557432,133.684400774979,69.3681732632163,1302.68832964295,237.23948380847,141.438235538334
WK191613,Leidschendam-Voorburg,Voorburg Oud,2017,42.1428164906334,49254.0695285011,0.0932734204793028,0.9702154626109,3.87525150905433,2165.94052587762,138.725913695019,72.9927709171637,1242.46114333287,222.719734979881,141.700845011794
WK191613,Leidschendam-Voorburg,Voorburg Oud,2018,42.4141375915329,47009.4355776045,0.0795048143053645,0.906315058986815,3.9061683745228,2200.0290600449,148.119925645342,80.8049663299661,1271.49730218855,238.233780864197,113.360312850729
WK191613,Leidschendam-Voorburg,Voorburg Oud,2019,43.1916077271135,52286.6049468977,0.0936445823775469,0.992916934964585,3.90428312889604,2353.73032147274,161.258545129825,92.0146050281632,1298.02420936942,243.348755323533,205.276926775656
WK191613,Leidschendam-Voorburg,Voorburg Oud,2020,43.3973419783943,51174.6529509559,0.106382978723404,0.945086705202312,3.81497797356828,2303.80105162262,163.562104614543,93.7237792687934,1274.81307134055,243.386838285636,208.432297685883
WK191613,Leidschendam-Voorburg,Voorburg Oud,2021,43.4074534065741,54843.2687482576,0.0855861975275098,0.946018893387314,3.83546189868029,2395.17996274833,179.989372240618,104.993072571743,1356.0194812362,247.654118377483,129.16982615894
WK191613,Leidschendam-Voorburg,Voorburg Oud,2022,43.6117153286625,56472.0674889135,0.0980021598272138,0.966775244299674,3.86037814253065,2488.04753507566,187.442481430536,111.586066024759,1553.0064690509,275.352773039889,
WK191613,Leidschendam-Voorburg,Voorburg Oud,2023,43.6536775886034,61128.3330098433,0.087508440243079,0.932473910374463,3.78963602714374,,,,,,
WK191613,Leidschendam-Voorburg,Voorburg Oud,2024,44.1935514873593,,0.0858404637041126,0.497239856472537,,,,,,,
WK191612,Leidschendam-Voorburg,Voorburg West / Park Leeuwenbergh,2009,39.9486377435957,,0.103468547912992,0.591679506933744,3.85057795319989,1808.8496657096,114.776376692655,64.9290172343044,936.147025030776,306.543440705785,198.573609515997
WK191612,Leidschendam-Voorburg,Voorburg West / Park Leeuwenbergh,2010,40.0068531679239,,0.0963094533254391,0.7834179357022,3.90265742345465,1945.75719660948,116.390461377871,56.9938643006265,1073.69484133612,316.673175365345,175.028530080628
WK191612,Leidschendam-Voorburg,Voorburg West / Park Leeuwenbergh,2011,40.3569075564296,39385.2751552795,0.0844986016779864,0.655951346655083,4.04502087060227,2094.80109060751,122.908342667497,58.9112445550716,1174.17658162207,312.601814976146,202.657229939872
WK191612,Leidschendam-Voorburg,Voorburg West / Park Leeuwenbergh,2012,40.3039260548394,39891.0295760083,0.082104424073336,0.738476011288805,3.90648120745783,1898.51669608044,113.851119096508,54.9620451745383,1125.59675564682,258.537911704312,149.722758054587
WK191612,Leidschendam-Voorburg,Voorburg West / Park Leeuwenbergh,2013,39.4716152072727,41039.1670471052,0.0783373301358913,0.889830508474576,3.64470443349754,1954.50244329896,115.085077367443,55.3038023519702,1197.57115535383,221.919391376109,190.194181443299
WK191612,Leidschendam-Voorburg,Voorburg West / Park Leeuwenbergh,2014,39.7097823920432,45214.1409910844,0.0811082112025698,0.808358817533129,3.6272811630065,2043.26477225673,127.722882584386,65.4453737833921,1267.97232553324,195.285924622075,169.241296066253
WK191612,Leidschendam-Voorburg,Voorburg West / Park Leeuwenbergh,2015,39.9554738668816,42860.5373443983,0.089662027833002,0.859504132231405,3.725625,2022.09018073526,127.187626874872,64.1796445448941,1143.07019313746,224.24092664886,108.009028547957
WK191612,Leidschendam-Voorburg,Voorburg West / Park Leeuwenbergh,2016,40.1754302503771,44877.5811965812,0.102393095331503,0.907290729072907,3.61401897765534,1976.08913245702,131.096519716886,68.3178988877654,1112.39715672397,209.331773508594,135.10396562184
WK191612,Leidschendam-Voorburg,Voorburg West / Park Leeuwenbergh,2017,40.2223778790016,47996.4011022658,0.0893314928022086,0.931671283471837,3.63284420855448,1902.1020806321,133.077678282009,68.9107718800648,1056.50219408428,234.907589141004,100.97647082658
WK191612,Leidschendam-Voorburg,Voorburg West / Park Leeuwenbergh,2018,40.3108852164615,46438.3192261185,0.0788138899726883,0.898477157360406,3.73112623762376,2121.66265166735,142.381691442346,79.5314704700686,1188.70510445962,236.58264564082,163.617579349136
WK191612,Leidschendam-Voorburg,Voorburg West / Park Leeuwenbergh,2019,39.87232592939,51733.8231529959,0.117043121149897,0.990129081245254,3.58670694864048,2049.21931905864,151.122989969136,86.0676331018518,1144.37264853395,214.607862654321,143.035875771605
WK191612,Leidschendam-Voorburg,Voorburg West / Park Leeuwenbergh,2020,40.050627426078,50743.4845797995,0.0857838546544297,0.883093525179856,3.47539432176656,1963.78843900559,151.560154172287,85.5457698978609,1075.40945268838,227.699290807477,121.614237810753
WK191612,Leidschendam-Voorburg,Voorburg West / Park Leeuwenbergh,2021,40.34773251345,52696.8729484456,0.085253887952033,0.970397779833488,3.48538911104276,1900.90480858469,164.722304717711,92.7114694508898,1027.89236852281,221.748497679815,65.7967788089714
WK191612,Leidschendam-Voorburg,Voorburg West / Park Leeuwenbergh,2022,40.494931667731,56558.1435212086,0.0755382331106162,0.818181818181818,3.56494096276113,2009.25325769231,171.149405769232,99.6580903846152,1204.05399038462,224.688515384615,
WK191612,Leidschendam-Voorburg,Voorburg West / Park Leeuwenbergh,2023,41.0927078147064,59785.389530408,0.0737842370039128,0.797038327526132,3.56463195691203,,,,,,
WK191612,Leidschendam-Voorburg,Voorburg West / Park Leeuwenbergh,2024,41.7178032249923,,0.0835866261398176,0.475864690231851,,,,,,,
WK152503,Teylingen,Voorhout Buiten en Voorhout Hooghkamer,2009,35.9096404211346,,0.0919869174161897,0.588129496402878,3.4043048283886,1660.85674543947,135.831438640132,84.9304311774459,913.506073797678,255.88416252073,123.286616915423
WK152504,Teylingen,Voorhout Buiten en Voorhout Hooghkamer,2009,35.9096404211346,,0.0919869174161897,0.588129496402878,3.4043048283886,1660.85674543947,135.831438640132,84.9304311774459,913.506073797678,255.88416252073,123.286616915423
WK152503,Teylingen,Voorhout Buiten en Voorhout Hooghkamer,2010,36.099976024414,,0.0732919254658385,0.675619834710744,3.37426210153483,1561.87378991596,128.289407281964,69.8133573243013,842.482125317527,245.984521591872,137.970323529412
WK152504,Teylingen,Voorhout Buiten en Voorhout Hooghkamer,2010,36.099976024414,,0.0732919254658385,0.675619834710744,3.37426210153483,1561.87378991596,128.289407281964,69.8133573243013,842.482125317527,245.984521591872,137.970323529412
WK152503,Teylingen,Voorhout Buiten en Voorhout Hooghkamer,2011,36.2317405284281,32802.5451462484,0.0701827242524917,0.664621676891616,3.40758579169175,1591.1192013451,142.925586380832,80.3681210592688,841.653160992014,242.281635140816,139.062269861286
WK152504,Teylingen,Voorhout Buiten en Voorhout Hooghkamer,2011,36.2317405284281,32802.5451462484,0.0701827242524917,0.664621676891616,3.40758579169175,1591.1192013451,142.925586380832,80.3681210592688,841.653160992014,242.281635140816,139.062269861286
WK152503,Teylingen,Voorhout Buiten en Voorhout Hooghkamer,2012,36.8837647030077,33425.364318466,0.0978481526593585,0.828877005347594,3.41771394374626,1727.15764488286,149.924412006579,92.234810855263,938.382697368422,218.761143092105,206.533407316071
WK152504,Teylingen,Voorhout Buiten en Voorhout Hooghkamer,2012,36.8837647030077,33425.364318466,0.0978481526593585,0.828877005347594,3.41771394374626,1727.15764488286,149.924412006579,92.234810855263,938.382697368422,218.761143092105,206.533407316071
WK152503,Teylingen,Voorhout Buiten en Voorhout Hooghkamer,2013,37.4173996718351,34128.8278092158,0.0885623510722796,0.888446215139442,3.45393532641855,1810.6159382518,148.618062575211,89.8093341355798,931.774424388287,192.313204973927,291.063243785084
WK152504,Teylingen,Voorhout Buiten en Voorhout Hooghkamer,2013,37.4173996718351,34128.8278092158,0.0885623510722796,0.888446215139442,3.45393532641855,1810.6159382518,148.618062575211,89.8093341355798,931.774424388287,192.313204973927,291.063243785084
WK152503,Teylingen,Voorhout Buiten en Voorhout Hooghkamer,2014,37.94437012218,36501.8306581059,0.0661966314140227,0.921908893709328,3.48819875776398,1694.10039666799,153.434795715986,92.8108726695757,957.021336771122,207.004672748909,164.432784609282
WK152504,Teylingen,Voorhout Buiten en Voorhout Hooghkamer,2014,37.94437012218,36501.8306581059,0.0661966314140227,0.921908893709328,3.48819875776398,1694.10039666799,153.434795715986,92.8108726695757,957.021336771122,207.004672748909,164.432784609282
WK152503,Teylingen,Voorhout Buiten en Voorhout Hooghkamer,2015,37.550920574479,35921.67174465,0.195304162219851,1.26724137931034,3.35530726256983,1642.37764028777,150.20640647482,89.4907589928056,819.999107913669,181.481672661871,222.830895683453
WK152504,Teylingen,Voorhout Buiten en Voorhout Hooghkamer,2015,37.550920574479,35921.67174465,0.195304162219851,1.26724137931034,3.35530726256983,1642.37764028777,150.20640647482,89.4907589928056,819.999107913669,181.481672661871,222.830895683453
WK152503,Teylingen,Voorhout Buiten en Voorhout Hooghkamer,2016,37.3550030182048,36699.9157075152,0.156978653530378,1.05317919075145,3.32615384615385,1560.22907702523,153.888668216539,93.4444569910328,805.964516771837,164.711919628031,117.659432270916
WK152504,Teylingen,Voorhout Buiten en Voorhout Hooghkamer,2016,37.3550030182048,36699.9157075152,0.156978653530378,1.05317919075145,3.32615384615385,1560.22907702523,153.888668216539,93.4444569910328,805.964516771837,164.711919628031,117.659432270916
WK152503,Teylingen,Voorhout Buiten en Voorhout Hooghkamer,2017,36.922080447448,38163.0994350282,0.23312380431812,1.18857589984351,3.40881849315068,1823.98543670537,155.202830292979,93.8029795467113,938.550063571034,190.648466003316,268.619955776672
WK152504,Teylingen,Voorhout Buiten en Voorhout Hooghkamer,2017,36.922080447448,38163.0994350282,0.23312380431812,1.18857589984351,3.40881849315068,1823.98543670537,155.202830292979,93.8029795467113,938.550063571034,190.648466003316,268.619955776672
WK152503,Teylingen,Voorhout Buiten en Voorhout Hooghkamer,2018,36.2989349357195,37449.7137727622,0.144304423029404,0.996548748921484,3.43004769475358,1877.80530969031,168.374280719281,105.195287212787,1070.20828921079,188.897190309691,147.13974025974
WK152504,Teylingen,Voorhout Buiten en Voorhout Hooghkamer,2018,36.2989349357195,37449.7137727622,0.144304423029404,0.996548748921484,3.43004769475358,1877.80530969031,168.374280719281,105.195287212787,1070.20828921079,188.897190309691,147.13974025974
WK152503,Teylingen,Voorhout Buiten en Voorhout Hooghkamer,2019,35.9200863360408,40079.9795119705,0.151935556052808,1.0400641025641,3.37558348294434,1886.69115948567,171.35457252425,105.683176178659,1065.92443491992,177.278206632078,171.717728400632
WK152504,Teylingen,Voorhout Buiten en Voorhout Hooghkamer,2019,35.9200863360408,40079.9795119705,0.151935556052808,1.0400641025641,3.37558348294434,1886.69115948567,171.35457252425,105.683176178659,1065.92443491992,177.278206632078,171.717728400632
WK152503,Teylingen,Voorhout Buiten en Voorhout Hooghkamer,2020,35.7659790147095,40819.3058210252,0.112684989429175,1.00083194675541,3.26051024074739,1874.36358043154,170.199175389874,105.894872890408,1041.05201239052,185.53001495407,161.398681905576
WK152504,Teylingen,Voorhout Buiten en Voorhout Hooghkamer,2020,35.7659790147095,40819.3058210252,0.112684989429175,1.00083194675541,3.26051024074739,1874.36358043154,170.199175389874,105.894872890408,1041.05201239052,185.53001495407,161.398681905576
WK152503,Teylingen,Voorhout Buiten en Voorhout Hooghkamer,2021,35.9537528287512,43657.2503149937,0.0986290157560876,0.898100172711572,3.28366370471634,2009.73474782968,194.60906779661,122.6222054568,1194.19483670938,187.230403059115,87.7676023150062
WK152504,Teylingen,Voorhout Buiten en Voorhout Hooghkamer,2021,35.9537528287512,43657.2503149937,0.0986290157560876,0.898100172711572,3.28366370471634,2009.73474782968,194.60906779661,122.6222054568,1194.19483670938,187.230403059115,87.7676023150062
WK152503,Teylingen,Voorhout Buiten en Voorhout Hooghkamer,2022,35.9226960233094,45300.368852459,0.103341703689395,0.872156862745098,3.31004366812227,2043.19729248238,196.968621769773,125.482173061864,1278.7435238841,201.021677760376,
WK152504,Teylingen,Voorhout Buiten en Voorhout Hooghkamer,2022,35.9226960233094,45300.368852459,0.103341703689395,0.872156862745098,3.31004366812227,2043.19729248238,196.968621769773,125.482173061864,1278.7435238841,201.021677760376,
WK152503,Teylingen,Voorhout Buiten en Voorhout Hooghkamer,2023,36.5712586476919,48485.135989011,0.0737908621678455,0.881081081081081,3.25712553062462,,,,,,
WK152504,Teylingen,Voorhout Buiten en Voorhout Hooghkamer,2023,36.5712586476919,48485.135989011,0.0737908621678455,0.881081081081081,3.25712553062462,,,,,,
WK152503,Teylingen,Voorhout Buiten en Voorhout Hooghkamer,2024,36.8427097966097,,0.0795389048991354,0.46359269932757,,,,,,,
WK152504,Teylingen,Voorhout Buiten en Voorhout Hooghkamer,2024,36.8427097966097,,0.0795389048991354,0.46359269932757,,,,,,,
WK152502,Teylingen,Voorhout Oosthout,2009,31.6330780260554,,0.0640623183350773,0.519583843329253,3.19315362989912,1292.83053941909,123.217746412051,72.1445546198553,607.037136757206,269.717211481438,105.51984943687
WK152502,Teylingen,Voorhout Oosthout,2010,32.1433741074551,,0.0641324626865672,0.613550815558344,3.25805915586574,1447.79283139673,125.295681249254,68.5831672428177,665.220333770413,262.58770771248,204.62297367797
WK152502,Teylingen,Voorhout Oosthout,2011,32.7497349363114,32519.0758265453,0.0481772359629586,0.611796982167353,3.29440512301989,1441.86320242771,142.536709508509,81.7249446626203,645.192393192904,263.656353683208,199.044393668928
WK152502,Teylingen,Voorhout Oosthout,2012,33.4400051128497,33111.0897791722,0.0486505681818182,0.641172265904217,3.20101203978363,1428.07806285235,139.612791311653,83.7145697827914,712.01615024601,195.329901596064,159.244805085762
WK152502,Teylingen,Voorhout Oosthout,2013,34.1295686629093,33888.6275584795,0.0556552962298025,0.734279918864097,3.19918120327519,1545.2443128708,143.791089036947,86.4765184736519,792.053554209568,176.835892186554,202.923799491464
WK152502,Teylingen,Voorhout Oosthout,2014,34.7461812361821,35821.9565432099,0.0519700265893159,0.673089274245344,3.17574074074074,1632.15246515041,149.248441780821,89.9821245107634,850.360741193736,173.363520058708,214.790981902666
WK152502,Teylingen,Voorhout Oosthout,2015,35.4975385031664,35954.7827650341,0.0782831362029021,0.794841735052755,3.25683161004431,1556.14655636499,146.83304347826,86.6471627964425,798.462126976283,194.82242465415,150.189576490925
WK152502,Teylingen,Voorhout Oosthout,2016,36.087108992121,37210.0340709077,0.070698361867225,0.817197835237523,3.3047320935371,1569.10446205691,151.382280614155,91.317401073524,868.331586568468,191.769322182,111.993563404893
WK152502,Teylingen,Voorhout Oosthout,2017,36.5616553651893,38966.4572117826,0.074767513949163,0.837195828505214,3.24087316522394,1597.29677528939,149.906698540513,88.9792652239555,888.68952315048,189.404958480121,112.619402365375
WK152502,Teylingen,Voorhout Oosthout,2018,37.1708829408351,38541.8312852023,0.0606060606060606,0.811320754716981,3.34747360482655,1614.81544705136,161.958126823081,98.8572365250468,899.615628408368,187.976507292328,105.742131896005
WK152502,Teylingen,Voorhout Oosthout,2019,37.8550717429786,41898.7752168846,0.0584787871066378,0.808327351040919,3.38723161694851,1761.7234004128,168.307672858617,102.432036893705,934.943148864809,198.949195046439,162.642893446853
WK152502,Teylingen,Voorhout Oosthout,2020,38.2833460383966,41988.9988331389,0.0774531070562715,0.78071722516167,3.27483844911147,1713.63567605997,167.809990951396,102.678350568769,895.200904860393,191.704693640124,160.127170372285
WK152502,Teylingen,Voorhout Oosthout,2021,38.8787595768472,43830.2508194572,0.0615483870967742,0.827972027972028,3.40176777822419,2093.87322972442,188.203773018153,116.689989552044,1194.48177223456,201.117688389709,168.088460232467
WK152502,Teylingen,Voorhout Oosthout,2022,39.4737795073169,46402.8831341301,0.0606495369766532,0.804505813953488,3.43717796274277,1893.83433342169,198.094211502784,126.28597535118,1163.22525178903,214.939407633184,
WK152502,Teylingen,Voorhout Oosthout,2023,40.0267269481964,49379.2008880517,0.0530623020063358,0.7280163599182,3.41594870767381,,,,,,
WK152502,Teylingen,Voorhout Oosthout,2024,40.6701467821553,,0.0777063236870311,0.488745980707395,,,,,,,
WK152501,Teylingen,Voorhout Oude Dorp,2009,44.7262002286646,,0.103918597098939,0.610948191593353,4.26518218623482,2131.73870118473,169.652600394997,117.161200351108,1102.54014483213,351.010309414087,225.136961386573
WK152501,Teylingen,Voorhout Oude Dorp,2010,44.7125743282048,,0.103697407564811,0.730656219392752,4.34023836549376,2076.0839612069,173.863857791225,110.005688350984,1083.48564296521,338.885234493192,189.763943965517
WK152501,Teylingen,Voorhout Oude Dorp,2011,44.9510869908403,28733.8388007821,0.0838861545046009,0.7560706401766,4.42077922077922,2069.22235675676,181.968224480969,113.683907871972,1145.03947015571,336.76169766436,130.160309189189
WK152501,Teylingen,Voorhout Oude Dorp,2012,45.0154715869249,28834.3558052434,0.0774054054054054,0.786565547128927,4.34700501622898,2098.28694808028,181.211149650961,118.231743019197,1177.79566317626,288.250835514835,169.40602530541
WK152501,Teylingen,Voorhout Oude Dorp,2013,45.3740380808746,29298.1665557773,0.066840844763771,0.764354066985646,4.39415169052696,2358.98598508117,183.686416502085,119.329809084924,1328.3454948431,278.863252139566,220.465785432207
WK152501,Teylingen,Voorhout Oude Dorp,2014,45.6490380564827,30779.2525784507,0.0732758620689655,0.847206385404789,4.49166414064868,2499.89014546245,191.654127225358,125.087184107686,1401.18887537994,282.949711246201,201.617553191489
WK152501,Teylingen,Voorhout Oude Dorp,2015,45.9081552520107,30563.3003719099,0.0801978069232423,0.881906825568797,4.50545454545455,2524.37509965338,191.33696490468,124.015617417678,1203.49991984402,289.143685008665,157.955485268631
WK152501,Teylingen,Voorhout Oude Dorp,2016,45.9407611516413,31858.7196343056,0.0942954448701575,0.965415019762846,4.50758035172832,2541.86148323301,195.868412561841,129.205074209508,1258.53258765326,300.734646160464,144.537897678418
WK152501,Teylingen,Voorhout Oude Dorp,2017,45.6733477593589,31684.535467128,0.0871220131105942,0.969247083775186,4.46888217522659,2616.01082907077,191.443819266838,123.68623827792,1303.46539215686,309.062772804774,167.716236146633
WK152501,Teylingen,Voorhout Oude Dorp,2018,45.7419580320649,32315.0290846878,0.0987861029719548,0.965681601525262,4.46939988116459,2852.78073026594,211.138366399324,139.429444913466,1490.89941325454,289.085314478683,190.38826298016
WK152501,Teylingen,Voorhout Oude Dorp,2019,46.0930241209473,33897.7310315431,0.0954574000418673,0.975283213182286,4.350207223209,2557.61268158784,213.739875422298,138.907400760136,1234.83287795608,288.307704814189,149.741733530405
WK152501,Teylingen,Voorhout Oude Dorp,2020,46.6713735192846,34761.5794312594,0.102299093018351,1.08543263964951,4.27709707822809,2637.43632978722,217.333306382979,144.958985106383,1352.87434255319,289.379953191489,118.005093617021
WK152501,Teylingen,Voorhout Oude Dorp,2021,46.5383844010867,36923.1402070751,0.0883534136546185,0.975663716814159,4.24306637581801,2774.198941076,238.657218189582,158.59457087959,1441.89799316823,286.241278821521,91.9954461998293
WK152501,Teylingen,Voorhout Oude Dorp,2022,46.3712328138476,38926.2823428449,0.08859962208692,0.968716289104639,4.24253393665158,2612.64373486297,239.142959422137,158.878871892925,1457.70620352666,297.530038240918,
WK152501,Teylingen,Voorhout Oude Dorp,2023,46.4335267467266,42030.9195427092,0.0806349206349206,0.945190156599553,4.12359890942139,,,,,,
WK152501,Teylingen,Voorhout Oude Dorp,2024,46.5873831136441,,0.0741611455439196,0.520410344090618,,,,,,,
WK050312,Delft,Vrijenban en Delftse Hout,2009,39.836326592017,,0.135071574642127,0.685714285714286,3.98361157910859,2400.73281477573,114.741250263992,64.2994994720171,1160.40085110876,340.438548046463,549.684258575198
WK050316,Delft,Vrijenban en Delftse Hout,2009,39.836326592017,,0.135071574642127,0.685714285714286,3.98361157910859,2400.73281477573,114.741250263992,64.2994994720171,1160.40085110876,340.438548046463,549.684258575198
WK050312,Delft,Vrijenban en Delftse Hout,2010,39.5970958103936,,0.145740365111562,0.862200117027501,4.04941247363664,2371.96302352326,119.022188057509,60.4044159932836,1226.07396998636,339.430979116383,452.930744380554
WK050316,Delft,Vrijenban en Delftse Hout,2010,39.5970958103936,,0.145740365111562,0.862200117027501,4.04941247363664,2371.96302352326,119.022188057509,60.4044159932836,1226.07396998636,339.430979116383,452.930744380554
WK050312,Delft,Vrijenban en Delftse Hout,2011,40.3318304567777,23637.7709813499,0.150666246983527,0.99721706864564,4.12624113475177,2404.20157991162,133.771277214917,70.6090784651867,1241.89631924984,332.916383918948,464.913975643927
WK050316,Delft,Vrijenban en Delftse Hout,2011,40.3318304567777,23637.7709813499,0.150666246983527,0.99721706864564,4.12624113475177,2404.20157991162,133.771277214917,70.6090784651867,1241.89631924984,332.916383918948,464.913975643927
WK050312,Delft,Vrijenban en Delftse Hout,2012,40.1129463118412,23986.447362564,0.149895178197065,0.976793893129771,4.10202767943354,2302.00051182796,128.081639750215,69.6048729543495,1190.12669681309,292.758056632215,459.864935483871
WK050316,Delft,Vrijenban en Delftse Hout,2012,40.1129463118412,23986.447362564,0.149895178197065,0.976793893129771,4.10202767943354,2302.00051182796,128.081639750215,69.6048729543495,1190.12669681309,292.758056632215,459.864935483871
WK050312,Delft,Vrijenban en Delftse Hout,2013,40.0784805493209,24344.0950540958,0.133976753839768,1.02146341463415,4.09111654441728,2398.30891404165,127.939696321643,68.9662564157397,1245.43894140291,276.179323139435,484.779577148959
WK050316,Delft,Vrijenban en Delftse Hout,2013,40.0784805493209,24344.0950540958,0.133976753839768,1.02146341463415,4.09111654441728,2398.30891404165,127.939696321643,68.9662564157397,1245.43894140291,276.179323139435,484.779577148959
WK050312,Delft,Vrijenban en Delftse Hout,2014,40.0907017554632,25635.2366674043,0.132024514386621,1.01473414477899,4.05813953488372,2347.68883648808,138.091919332406,77.2167497592808,1252.02652080881,261.161532042366,424.738698534916
WK050316,Delft,Vrijenban en Delftse Hout,2014,40.0907017554632,25635.2366674043,0.132024514386621,1.01473414477899,4.05813953488372,2347.68883648808,138.091919332406,77.2167497592808,1252.02652080881,261.161532042366,424.738698534916
WK050312,Delft,Vrijenban en Delftse Hout,2015,39.3813360762962,24949.7200730711,0.154747715534366,1.07641099855282,4.04385113268608,2344.24163058116,135.832027167151,74.3639506428859,1159.90143301535,258.259899419328,390.264016367968
WK050316,Delft,Vrijenban en Delftse Hout,2015,39.3813360762962,24949.7200730711,0.154747715534366,1.07641099855282,4.04385113268608,2344.24163058116,135.832027167151,74.3639506428859,1159.90143301535,258.259899419328,390.264016367968
WK050312,Delft,Vrijenban en Delftse Hout,2016,39.540741175961,25925.5384372367,0.132850004898599,0.919530102790015,4.05628045904732,2589.67726339561,137.075793797495,75.7705001026901,1309.48063360033,278.703315875949,468.277697598029
WK050316,Delft,Vrijenban en Delftse Hout,2016,39.540741175961,25925.5384372367,0.132850004898599,0.919530102790015,4.05628045904732,2589.67726339561,137.075793797495,75.7705001026901,1309.48063360033,278.703315875949,468.277697598029
WK050312,Delft,Vrijenban en Delftse Hout,2017,39.9954644752848,26611.7827659574,0.125393081761006,0.964986417144582,4.08359974424552,2641.98811256219,139.36364738806,77.250816749586,1335.5412240879,279.176302860697,453.851998341626
WK050316,Delft,Vrijenban en Delftse Hout,2017,39.9954644752848,26611.7827659574,0.125393081761006,0.964986417144582,4.08359974424552,2641.98811256219,139.36364738806,77.250816749586,1335.5412240879,279.176302860697,453.851998341626
WK050312,Delft,Vrijenban en Delftse Hout,2018,40.2066515738567,26731.7716023042,0.115766696173896,0.884776119402985,4.16127490039841,2704.40879883924,149.725566379934,90.0365001554581,1439.93594051197,289.432202300757,366.203071820914
WK050316,Delft,Vrijenban en Delftse Hout,2018,40.2066515738567,26731.7716023042,0.115766696173896,0.884776119402985,4.16127490039841,2704.40879883924,149.725566379934,90.0365001554581,1439.93594051197,289.432202300757,366.203071820914
WK050312,Delft,Vrijenban en Delftse Hout,2019,40.1676454417868,30743.9115638886,0.134797803295057,0.988955223880597,4.08286221935067,2621.06461384259,153.009337412956,89.9596507702043,1283.35192762186,301.568270732222,415.754946191179
WK050316,Delft,Vrijenban en Delftse Hout,2019,40.1676454417868,30743.9115638886,0.134797803295057,0.988955223880597,4.08286221935067,2621.06461384259,153.009337412956,89.9596507702043,1283.35192762186,301.568270732222,415.754946191179
WK050312,Delft,Vrijenban en Delftse Hout,2020,40.5204388652901,29692.4504714365,0.134113781063873,1.02229007633588,4.02237021857924,2648.5235168491,156.894253058597,93.3501813693918,1338.72383880661,297.973238892465,399.607385705087
WK050316,Delft,Vrijenban en Delftse Hout,2020,40.5204388652901,29692.4504714365,0.134113781063873,1.02229007633588,4.02237021857924,2648.5235168491,156.894253058597,93.3501813693918,1338.72383880661,297.973238892465,399.607385705087
WK050312,Delft,Vrijenban en Delftse Hout,2021,40.6730146566149,31475.4663057888,0.149825783972125,1.03733919046125,4.04848279369385,2704.18334691251,172.921907161234,104.967871998284,1399.49388078902,270.817835548885,370.767301672384
WK050316,Delft,Vrijenban en Delftse Hout,2021,40.6730146566149,31475.4663057888,0.149825783972125,1.03733919046125,4.04848279369385,2704.18334691251,172.921907161234,104.967871998284,1399.49388078902,270.817835548885,370.767301672384
WK050312,Delft,Vrijenban en Delftse Hout,2022,40.6578531095804,33244.8686813187,0.131279235306081,1.00506756756757,4.06536810828656,2462.62699220002,175.296785981408,105.496543434129,1500.93771449941,272.086628913346,
WK050316,Delft,Vrijenban en Delftse Hout,2022,40.6578531095804,33244.8686813187,0.131279235306081,1.00506756756757,4.06536810828656,2462.62699220002,175.296785981408,105.496543434129,1500.93771449941,272.086628913346,
WK050312,Delft,Vrijenban en Delftse Hout,2023,40.1416623837606,36641.6746436928,0.138472099637148,1.06916167664671,3.92981346822637,,,,,,
WK050316,Delft,Vrijenban en Delftse Hout,2023,40.1416623837606,36641.6746436928,0.138472099637148,1.06916167664671,3.92981346822637,,,,,,
WK050312,Delft,Vrijenban en Delftse Hout,2024,40.2749051520679,,0.118846694796062,0.626682740606791,,,,,,,
WK050316,Delft,Vrijenban en Delftse Hout,2024,40.2749051520679,,0.118846694796062,0.626682740606791,,,,,,,
WK152521,Teylingen,Warmond en Warmond buiten,2009,44.492024686846,,0.109062681932855,0.581209031318281,4.12476370510397,1874.5765605851,142.349401067404,91.5371476576403,1001.98451472623,352.267888910852,143.464054160901
WK152522,Teylingen,Warmond en Warmond buiten,2009,44.492024686846,,0.109062681932855,0.581209031318281,4.12476370510397,1874.5765605851,142.349401067404,91.5371476576403,1001.98451472623,352.267888910852,143.464054160901
WK152521,Teylingen,Warmond en Warmond buiten,2010,44.763682064492,,0.0844219146032365,0.649321266968326,4.31256830601093,1998.94416285998,138.652916417315,78.7585397965293,1036.03555356074,353.038473967684,222.817652432969
WK152522,Teylingen,Warmond en Warmond buiten,2010,44.763682064492,,0.0844219146032365,0.649321266968326,4.31256830601093,1998.94416285998,138.652916417315,78.7585397965293,1036.03555356074,353.038473967684,222.817652432969
WK152521,Teylingen,Warmond en Warmond buiten,2011,45.3492178217916,42635.6148919135,0.113200156678418,0.75,4.4243755146857,1980.61740187288,155.908220761109,90.3628750747156,1072.42387726639,345.73262602112,161.429350468221
WK152522,Teylingen,Warmond en Warmond buiten,2011,45.3492178217916,42635.6148919135,0.113200156678418,0.75,4.4243755146857,1980.61740187288,155.908220761109,90.3628750747156,1072.42387726639,345.73262602112,161.429350468221
WK152521,Teylingen,Warmond en Warmond buiten,2012,45.2007995557028,41554.5521791283,0.116120218579235,0.717086834733894,4.20988339811216,1919.22306505832,150.340368025326,89.5609180846859,1136.9372041947,270.437016224772,123.827621119241
WK152522,Teylingen,Warmond en Warmond buiten,2012,45.2007995557028,41554.5521791283,0.116120218579235,0.717086834733894,4.20988339811216,1919.22306505832,150.340368025326,89.5609180846859,1136.9372041947,270.437016224772,123.827621119241
WK152521,Teylingen,Warmond en Warmond buiten,2013,45.3404710238779,34931.8514,0.107478465152702,0.849882720875684,4.26742209631728,2164.71946117274,154.827209671027,92.5709334126041,1201.6170947285,255.49822235434,213.719469096672
WK152522,Teylingen,Warmond en Warmond buiten,2013,45.3404710238779,34931.8514,0.107478465152702,0.849882720875684,4.26742209631728,2164.71946117274,154.827209671027,92.5709334126041,1201.6170947285,255.49822235434,213.719469096672
WK152521,Teylingen,Warmond en Warmond buiten,2014,45.6521396930242,41404.8413253756,0.075730110775428,0.866471734892788,4.2968659315148,2163.05221360016,169.975977128853,105.399795793344,1227.03893404125,261.153839085155,217.8114233204
WK152522,Teylingen,Warmond en Warmond buiten,2014,45.6521396930242,41404.8413253756,0.075730110775428,0.866471734892788,4.2968659315148,2163.05221360016,169.975977128853,105.399795793344,1227.03893404125,261.153839085155,217.8114233204
WK152521,Teylingen,Warmond en Warmond buiten,2015,45.9396110459259,38565.4996928118,0.105242176599561,1.00706713780919,4.28832429346275,2160.0244388373,167.877198223657,102.897957206298,1142.15910577311,274.824755752928,159.343112636253
WK152522,Teylingen,Warmond en Warmond buiten,2015,45.9396110459259,38565.4996928118,0.105242176599561,1.00706713780919,4.28832429346275,2160.0244388373,167.877198223657,102.897957206298,1142.15910577311,274.824755752928,159.343112636253
WK152521,Teylingen,Warmond en Warmond buiten,2016,46.1163564545511,39267.6283981598,0.0846765966129361,0.928508384819064,4.27097539282538,2234.11235184802,170.506840801156,105.716805698948,1248.80272145365,256.739609746025,131.914908114805
WK152522,Teylingen,Warmond en Warmond buiten,2016,46.1163564545511,39267.6283981598,0.0846765966129361,0.928508384819064,4.27097539282538,2234.11235184802,170.506840801156,105.716805698948,1248.80272145365,256.739609746025,131.914908114805
WK152521,Teylingen,Warmond en Warmond buiten,2017,45.4882141145551,43806.3896515311,0.0992145514675486,1.083,4.13498952409458,2166.32881192275,173.72685768262,106.753916876575,1153.4934697733,256.501979429051,147.949968513854
WK152522,Teylingen,Warmond en Warmond buiten,2017,45.4882141145551,43806.3896515311,0.0992145514675486,1.083,4.13498952409458,2166.32881192275,173.72685768262,106.753916876575,1153.4934697733,256.501979429051,147.949968513854
WK152521,Teylingen,Warmond en Warmond buiten,2018,45.6425944009109,46055.4870280532,0.0971334295731079,0.98819255222525,4.2078853046595,2319.7071431557,193.390081504703,124.525086729363,1290.91714524556,233.149642633229,197.698978056427
WK152522,Teylingen,Warmond en Warmond buiten,2018,45.6425944009109,46055.4870280532,0.0971334295731079,0.98819255222525,4.2078853046595,2319.7071431557,193.390081504703,124.525086729363,1290.91714524556,233.149642633229,197.698978056427
WK152521,Teylingen,Warmond en Warmond buiten,2019,46.2058686052346,45408.1701020196,0.0950539385304295,0.990774907749078,4.22119013062409,2507.01106413694,205.394704062694,133.754965972366,1376.54300268096,248.583204784492,194.346813776036
WK152522,Teylingen,Warmond en Warmond buiten,2019,46.2058686052346,45408.1701020196,0.0950539385304295,0.990774907749078,4.22119013062409,2507.01106413694,205.394704062694,133.754965972366,1376.54300268096,248.583204784492,194.346813776036
WK152521,Teylingen,Warmond en Warmond buiten,2020,46.1265815683893,46848.0391608392,0.120422948893675,0.996774193548387,4.12140953509032,2327.94133055721,209.785859607376,139.4482193139,1230.6946321634,248.314836406901,246.5850743605
WK152522,Teylingen,Warmond en Warmond buiten,2020,46.1265815683893,46848.0391608392,0.120422948893675,0.996774193548387,4.12140953509032,2327.94133055721,209.785859607376,139.4482193139,1230.6946321634,248.314836406901,246.5850743605
WK152521,Teylingen,Warmond en Warmond buiten,2021,46.1120686985198,45502.5623520126,0.0814986481266898,0.945772058823529,4.11290322580645,2481.34924461839,228.108751467711,150.800052837573,1399.94945401174,266.700589041095,115.462698630137
WK152522,Teylingen,Warmond en Warmond buiten,2021,46.1120686985198,45502.5623520126,0.0814986481266898,0.945772058823529,4.11290322580645,2481.34924461839,228.108751467711,150.800052837573,1399.94945401174,266.700589041095,115.462698630137
WK152521,Teylingen,Warmond en Warmond buiten,2022,45.8307956886992,52059.2234526399,0.0868257846269498,0.892700087950748,4.11600796133068,2457.34206290291,242.332445790194,160.995522563002,1499.17531549131,282.075751123265,
WK152522,Teylingen,Warmond en Warmond buiten,2022,45.8307956886992,52059.2234526399,0.0868257846269498,0.892700087950748,4.11600796133068,2457.34206290291,242.332445790194,160.995522563002,1499.17531549131,282.075751123265,
WK152521,Teylingen,Warmond en Warmond buiten,2023,46.4322263302518,54444.2222440945,0.0771001150747986,0.86443661971831,4.04213169642857,,,,,,
WK152522,Teylingen,Warmond en Warmond buiten,2023,46.4322263302518,54444.2222440945,0.0771001150747986,0.86443661971831,4.04213169642857,,,,,,
WK152521,Teylingen,Warmond en Warmond buiten,2024,46.9719596020364,,0.087709062621548,0.5536756126021,,,,,,,
WK152522,Teylingen,Warmond en Warmond buiten,2024,46.9719596020364,,0.087709062621548,0.5536756126021,,,,,,,
WK048403,Alphen aan den Rijn,Zegersloot,2009,37.5347914619419,,0.0957566654149456,0.592379583033789,3.69665244926974,1886.58065548779,133.359170796797,83.0364010674797,1017.28645539459,286.293929660693,239.363362233232
WK048403,Alphen aan den Rijn,Zegersloot,2010,37.8503672221044,,0.0883712156936716,0.697037037037037,3.82594978309452,1909.23798739737,137.584651564598,79.3137780764059,1003.4590007679,298.655909003648,231.670367576857
WK048403,Alphen aan den Rijn,Zegersloot,2011,38.2010524950127,26537.8781631656,0.0882436663820097,0.834642576590731,3.91677710045057,2035.26372795246,155.167230105465,92.6555637583894,1052.18573058485,294.824454458293,294.000353719325
WK048403,Alphen aan den Rijn,Zegersloot,2012,38.8550795748853,26596.6343947785,0.0860971847281142,0.855268552685527,3.87229144095341,2107.4467814531,156.445047554348,98.240731754658,1118.92538722826,270.626629464286,329.498269473276
WK048403,Alphen aan den Rijn,Zegersloot,2013,39.3274071498481,26711.6045332538,0.0833898962474547,0.840227088402271,3.9291185071717,2027.00540886026,155.324640624999,95.7701298828127,1109.32005664063,243.160999999999,268.093046448087
WK048403,Alphen aan den Rijn,Zegersloot,2014,39.7394644513834,27675.8456617353,0.0772536380505909,0.858285206574856,3.93799885974914,2152.23017295597,168.553509237422,106.697950078617,1249.4921639151,244.140143474843,238.044168632075
WK048403,Alphen aan den Rijn,Zegersloot,2015,40.1057561119469,27777.6491140254,0.0849323073926171,0.893021312160468,4.02793533749291,2216.41786722887,164.461560262822,101.686933411788,1184.68037756203,269.488763361774,217.867427927045
WK048403,Alphen aan den Rijn,Zegersloot,2016,40.1330397577742,28730.1677879305,0.0901058355180115,0.880981101728991,4.00438410408712,2198.55941423822,175.867100244499,113.406508557457,1156.37943667482,248.858588753057,219.715360844905
WK048403,Alphen aan den Rijn,Zegersloot,2017,40.2445932068104,29311.8615612648,0.088981008387159,0.936016949152542,4.03121484814398,2311.03110237749,183.097176128095,118.942152353226,1224.04345172247,255.492477438136,250.595012130034
WK048403,Alphen aan den Rijn,Zegersloot,2018,40.4301732533791,29579.9527909739,0.0862417075281223,0.957986870897155,4.08287526427061,2444.85319519752,190.625914020139,125.296729279629,1328.82627226956,248.656772850503,270.460860766847
WK048403,Alphen aan den Rijn,Zegersloot,2019,40.4613933133406,31403.4968084062,0.0784351145038168,0.888985255854293,3.97366220735786,2469.83867230281,198.797848016139,129.450675377077,1357.28141800365,249.71434335671,262.405800749351
WK048403,Alphen aan den Rijn,Zegersloot,2020,40.8307074504499,32341.9254798277,0.0810448760884126,0.941700044503783,3.98595920780372,2526.66401618028,202.196256380622,133.620232110181,1301.30933545218,264.836333429645,339.527441009342
WK048403,Alphen aan den Rijn,Zegersloot,2021,41.059240951748,33750.0234872611,0.0678326408348633,0.892942870859338,3.98932700859769,2692.01911578537,218.918030966988,143.614725873991,1495.69775635408,270.29340149966,244.096311227968
WK048403,Alphen aan den Rijn,Zegersloot,2022,41.4100640266335,35751.2057040644,0.0650927815019916,0.879878357830715,3.96953068592058,2465.98220252669,229.088854176868,151.717630986191,1499.9064998531,293.478029575947,
WK048403,Alphen aan den Rijn,Zegersloot,2023,41.4492255435012,39334.9521303009,0.0721958772863641,0.900237529691211,3.96198444150888,,,,,,
WK048403,Alphen aan den Rijn,Zegersloot,2024,41.67041917861,,0.0679792340092076,0.501420315407973,,,,,,,
WK063800,Zoeterwoude,Zoeterwoude-Dorp en Westeinde en Zuidbuurt en Weipoort,2009,41.2146684010707,,0.0757768489914592,0.46703733121525,3.69568711492097,1746.76915464671,128.29473155588,79.9269795471148,1004.08967129292,280.722176771366,124.459477816323
WK063801,Zoeterwoude,Zoeterwoude-Dorp en Westeinde en Zuidbuurt en Weipoort,2009,41.2146684010707,,0.0757768489914592,0.46703733121525,3.69568711492097,1746.76915464671,128.29473155588,79.9269795471148,1004.08967129292,280.722176771366,124.459477816323
WK063802,Zoeterwoude,Zoeterwoude-Dorp en Westeinde en Zuidbuurt en Weipoort,2009,41.2146684010707,,0.0757768489914592,0.46703733121525,3.69568711492097,1746.76915464671,128.29473155588,79.9269795471148,1004.08967129292,280.722176771366,124.459477816323
WK063803,Zoeterwoude,Zoeterwoude-Dorp en Westeinde en Zuidbuurt en Weipoort,2009,41.2146684010707,,0.0757768489914592,0.46703733121525,3.69568711492097,1746.76915464671,128.29473155588,79.9269795471148,1004.08967129292,280.722176771366,124.459477816323
WK063800,Zoeterwoude,Zoeterwoude-Dorp en Westeinde en Zuidbuurt en Weipoort,2010,41.5318331825294,,0.0782750498278674,0.566273932253314,3.73345734786075,1776.67559541151,130.559341744376,72.2644121411595,1004.61757542513,286.487162186871,138.851849963583
WK063801,Zoeterwoude,Zoeterwoude-Dorp en Westeinde en Zuidbuurt en Weipoort,2010,41.5318331825294,,0.0782750498278674,0.566273932253314,3.73345734786075,1776.67559541151,130.559341744376,72.2644121411595,1004.61757542513,286.487162186871,138.851849963583
WK063802,Zoeterwoude,Zoeterwoude-Dorp en Westeinde en Zuidbuurt en Weipoort,2010,41.5318331825294,,0.0782750498278674,0.566273932253314,3.73345734786075,1776.67559541151,130.559341744376,72.2644121411595,1004.61757542513,286.487162186871,138.851849963583
WK063803,Zoeterwoude,Zoeterwoude-Dorp en Westeinde en Zuidbuurt en Weipoort,2010,41.5318331825294,,0.0782750498278674,0.566273932253314,3.73345734786075,1776.67559541151,130.559341744376,72.2644121411595,1004.61757542513,286.487162186871,138.851849963583
WK063800,Zoeterwoude,Zoeterwoude-Dorp en Westeinde en Zuidbuurt en Weipoort,2011,41.864983611904,29969.0520124977,0.0696248196248196,0.569073783359498,3.85032362459547,1811.36639920304,146.407210650244,83.4268139829745,1008.12934432168,267.0645915595,175.347897120087
WK063801,Zoeterwoude,Zoeterwoude-Dorp en Westeinde en Zuidbuurt en Weipoort,2011,41.864983611904,29969.0520124977,0.0696248196248196,0.569073783359498,3.85032362459547,1811.36639920304,146.407210650244,83.4268139829745,1008.12934432168,267.0645915595,175.347897120087
WK063802,Zoeterwoude,Zoeterwoude-Dorp en Westeinde en Zuidbuurt en Weipoort,2011,41.864983611904,29969.0520124977,0.0696248196248196,0.569073783359498,3.85032362459547,1811.36639920304,146.407210650244,83.4268139829745,1008.12934432168,267.0645915595,175.347897120087
WK063803,Zoeterwoude,Zoeterwoude-Dorp en Westeinde en Zuidbuurt en Weipoort,2011,41.864983611904,29969.0520124977,0.0696248196248196,0.569073783359498,3.85032362459547,1811.36639920304,146.407210650244,83.4268139829745,1008.12934432168,267.0645915595,175.347897120087
WK063800,Zoeterwoude,Zoeterwoude-Dorp en Westeinde en Zuidbuurt en Weipoort,2012,42.2728016813435,30113.750686939,0.0785056848944234,0.636706948640483,3.77396319692392,1670.49741251133,142.234064200217,84.010311933261,959.392738483856,240.896692056584,119.754674524025
WK063801,Zoeterwoude,Zoeterwoude-Dorp en Westeinde en Zuidbuurt en Weipoort,2012,42.2728016813435,30113.750686939,0.0785056848944234,0.636706948640483,3.77396319692392,1670.49741251133,142.234064200217,84.010311933261,959.392738483856,240.896692056584,119.754674524025
WK063802,Zoeterwoude,Zoeterwoude-Dorp en Westeinde en Zuidbuurt en Weipoort,2012,42.2728016813435,30113.750686939,0.0785056848944234,0.636706948640483,3.77396319692392,1670.49741251133,142.234064200217,84.010311933261,959.392738483856,240.896692056584,119.754674524025
WK063803,Zoeterwoude,Zoeterwoude-Dorp en Westeinde en Zuidbuurt en Weipoort,2012,42.2728016813435,30113.750686939,0.0785056848944234,0.636706948640483,3.77396319692392,1670.49741251133,142.234064200217,84.010311933261,959.392738483856,240.896692056584,119.754674524025
WK063800,Zoeterwoude,Zoeterwoude-Dorp en Westeinde en Zuidbuurt en Weipoort,2013,42.7272189856769,30815.6808980493,0.105052708106143,0.763341067285383,3.84738733757257,2048.86892980857,147.171960247995,88.5027005835163,1231.45824762947,219.910860685631,207.227684594348
WK063801,Zoeterwoude,Zoeterwoude-Dorp en Westeinde en Zuidbuurt en Weipoort,2013,42.7272189856769,30815.6808980493,0.105052708106143,0.763341067285383,3.84738733757257,2048.86892980857,147.171960247995,88.5027005835163,1231.45824762947,219.910860685631,207.227684594348
WK063802,Zoeterwoude,Zoeterwoude-Dorp en Westeinde en Zuidbuurt en Weipoort,2013,42.7272189856769,30815.6808980493,0.105052708106143,0.763341067285383,3.84738733757257,2048.86892980857,147.171960247995,88.5027005835163,1231.45824762947,219.910860685631,207.227684594348
WK063803,Zoeterwoude,Zoeterwoude-Dorp en Westeinde en Zuidbuurt en Weipoort,2013,42.7272189856769,30815.6808980493,0.105052708106143,0.763341067285383,3.84738733757257,2048.86892980857,147.171960247995,88.5027005835163,1231.45824762947,219.910860685631,207.227684594348
WK063800,Zoeterwoude,Zoeterwoude-Dorp en Westeinde en Zuidbuurt en Weipoort,2014,43.0179674578498,32347.7618164968,0.0865926869201383,0.767350157728707,3.80445195829811,2039.22366520788,155.884396425966,95.2116210795039,1242.88364150255,222.109427425238,151.381493435449
WK063801,Zoeterwoude,Zoeterwoude-Dorp en Westeinde en Zuidbuurt en Weipoort,2014,43.0179674578498,32347.7618164968,0.0865926869201383,0.767350157728707,3.80445195829811,2039.22366520788,155.884396425966,95.2116210795039,1242.88364150255,222.109427425238,151.381493435449
WK063802,Zoeterwoude,Zoeterwoude-Dorp en Westeinde en Zuidbuurt en Weipoort,2014,43.0179674578498,32347.7618164968,0.0865926869201383,0.767350157728707,3.80445195829811,2039.22366520788,155.884396425966,95.2116210795039,1242.88364150255,222.109427425238,151.381493435449
WK063803,Zoeterwoude,Zoeterwoude-Dorp en Westeinde en Zuidbuurt en Weipoort,2014,43.0179674578498,32347.7618164968,0.0865926869201383,0.767350157728707,3.80445195829811,2039.22366520788,155.884396425966,95.2116210795039,1242.88364150255,222.109427425238,151.381493435449
WK063800,Zoeterwoude,Zoeterwoude-Dorp en Westeinde en Zuidbuurt en Weipoort,2015,43.4111116411362,32133.0590514855,0.0684458968772694,0.745358090185676,3.85486624928856,2053.94772528274,156.501134622401,95.9042046698284,1153.26404779278,224.189447282015,166.180662167092
WK063801,Zoeterwoude,Zoeterwoude-Dorp en Westeinde en Zuidbuurt en Weipoort,2015,43.4111116411362,32133.0590514855,0.0684458968772694,0.745358090185676,3.85486624928856,2053.94772528274,156.501134622401,95.9042046698284,1153.26404779278,224.189447282015,166.180662167092
WK063802,Zoeterwoude,Zoeterwoude-Dorp en Westeinde en Zuidbuurt en Weipoort,2015,43.4111116411362,32133.0590514855,0.0684458968772694,0.745358090185676,3.85486624928856,2053.94772528274,156.501134622401,95.9042046698284,1153.26404779278,224.189447282015,166.180662167092
WK063803,Zoeterwoude,Zoeterwoude-Dorp en Westeinde en Zuidbuurt en Weipoort,2015,43.4111116411362,32133.0590514855,0.0684458968772694,0.745358090185676,3.85486624928856,2053.94772528274,156.501134622401,95.9042046698284,1153.26404779278,224.189447282015,166.180662167092
WK063800,Zoeterwoude,Zoeterwoude-Dorp en Westeinde en Zuidbuurt en Weipoort,2016,43.4275205669525,32933.7805454545,0.101462196861626,0.903252032520325,3.84140005468964,2031.6583040831,167.887338825215,106.610470988538,1116.00908488539,227.6451504298,139.000007163324
WK063801,Zoeterwoude,Zoeterwoude-Dorp en Westeinde en Zuidbuurt en Weipoort,2016,43.4275205669525,32933.7805454545,0.101462196861626,0.903252032520325,3.84140005468964,2031.6583040831,167.887338825215,106.610470988538,1116.00908488539,227.6451504298,139.000007163324
WK063802,Zoeterwoude,Zoeterwoude-Dorp en Westeinde en Zuidbuurt en Weipoort,2016,43.4275205669525,32933.7805454545,0.101462196861626,0.903252032520325,3.84140005468964,2031.6583040831,167.887338825215,106.610470988538,1116.00908488539,227.6451504298,139.000007163324
WK063803,Zoeterwoude,Zoeterwoude-Dorp en Westeinde en Zuidbuurt en Weipoort,2016,43.4275205669525,32933.7805454545,0.101462196861626,0.903252032520325,3.84140005468964,2031.6583040831,167.887338825215,106.610470988538,1116.00908488539,227.6451504298,139.000007163324
WK063800,Zoeterwoude,Zoeterwoude-Dorp en Westeinde en Zuidbuurt en Weipoort,2017,43.7772088527967,34486.4721867591,0.105197132616487,0.943227899432279,3.8587319243604,2204.42006663065,178.810875202593,115.829340896813,1266.57163155051,233.321977309563,117.63038897893
WK063801,Zoeterwoude,Zoeterwoude-Dorp en Westeinde en Zuidbuurt en Weipoort,2017,43.7772088527967,34486.4721867591,0.105197132616487,0.943227899432279,3.8587319243604,2204.42006663065,178.810875202593,115.829340896813,1266.57163155051,233.321977309563,117.63038897893
WK063802,Zoeterwoude,Zoeterwoude-Dorp en Westeinde en Zuidbuurt en Weipoort,2017,43.7772088527967,34486.4721867591,0.105197132616487,0.943227899432279,3.8587319243604,2204.42006663065,178.810875202593,115.829340896813,1266.57163155051,233.321977309563,117.63038897893
WK063803,Zoeterwoude,Zoeterwoude-Dorp en Westeinde en Zuidbuurt en Weipoort,2017,43.7772088527967,34486.4721867591,0.105197132616487,0.943227899432279,3.8587319243604,2204.42006663065,178.810875202593,115.829340896813,1266.57163155051,233.321977309563,117.63038897893
WK063800,Zoeterwoude,Zoeterwoude-Dorp en Westeinde en Zuidbuurt en Weipoort,2018,44.1765913375991,33972.0597945708,0.0625788999098287,0.857142857142857,3.87572654303903,2241.206669083,185.943814787966,120.950500181225,1265.19768394346,248.75188836535,137.157950344328
WK063801,Zoeterwoude,Zoeterwoude-Dorp en Westeinde en Zuidbuurt en Weipoort,2018,44.1765913375991,33972.0597945708,0.0625788999098287,0.857142857142857,3.87572654303903,2241.206669083,185.943814787966,120.950500181225,1265.19768394346,248.75188836535,137.157950344328
WK063802,Zoeterwoude,Zoeterwoude-Dorp en Westeinde en Zuidbuurt en Weipoort,2018,44.1765913375991,33972.0597945708,0.0625788999098287,0.857142857142857,3.87572654303903,2241.206669083,185.943814787966,120.950500181225,1265.19768394346,248.75188836535,137.157950344328
WK063803,Zoeterwoude,Zoeterwoude-Dorp en Westeinde en Zuidbuurt en Weipoort,2018,44.1765913375991,33972.0597945708,0.0625788999098287,0.857142857142857,3.87572654303903,2241.206669083,185.943814787966,120.950500181225,1265.19768394346,248.75188836535,137.157950344328
WK063800,Zoeterwoude,Zoeterwoude-Dorp en Westeinde en Zuidbuurt en Weipoort,2019,44.6228436487196,38422.2622107969,0.0740072202166065,0.965415019762846,3.86136107986502,2305.46996012325,183.712983505529,115.893454776147,1339.90646547036,223.239795178539,134.618573500091
WK063801,Zoeterwoude,Zoeterwoude-Dorp en Westeinde en Zuidbuurt en Weipoort,2019,44.6228436487196,38422.2622107969,0.0740072202166065,0.965415019762846,3.86136107986502,2305.46996012325,183.712983505529,115.893454776147,1339.90646547036,223.239795178539,134.618573500091
WK063802,Zoeterwoude,Zoeterwoude-Dorp en Westeinde en Zuidbuurt en Weipoort,2019,44.6228436487196,38422.2622107969,0.0740072202166065,0.965415019762846,3.86136107986502,2305.46996012325,183.712983505529,115.893454776147,1339.90646547036,223.239795178539,134.618573500091
WK063803,Zoeterwoude,Zoeterwoude-Dorp en Westeinde en Zuidbuurt en Weipoort,2019,44.6228436487196,38422.2622107969,0.0740072202166065,0.965415019762846,3.86136107986502,2305.46996012325,183.712983505529,115.893454776147,1339.90646547036,223.239795178539,134.618573500091
WK063800,Zoeterwoude,Zoeterwoude-Dorp en Westeinde en Zuidbuurt en Weipoort,2020,45.0656788938032,37980.3255899705,0.0812375610638683,0.85726872246696,3.84306784660767,2185.19766011644,182.321715793303,117.158074963611,1242.31631368268,230.641593886463,140.115791484716
WK063801,Zoeterwoude,Zoeterwoude-Dorp en Westeinde en Zuidbuurt en Weipoort,2020,45.0656788938032,37980.3255899705,0.0812375610638683,0.85726872246696,3.84306784660767,2185.19766011644,182.321715793303,117.158074963611,1242.31631368268,230.641593886463,140.115791484716
WK063802,Zoeterwoude,Zoeterwoude-Dorp en Westeinde en Zuidbuurt en Weipoort,2020,45.0656788938032,37980.3255899705,0.0812375610638683,0.85726872246696,3.84306784660767,2185.19766011644,182.321715793303,117.158074963611,1242.31631368268,230.641593886463,140.115791484716
WK063803,Zoeterwoude,Zoeterwoude-Dorp en Westeinde en Zuidbuurt en Weipoort,2020,45.0656788938032,37980.3255899705,0.0812375610638683,0.85726872246696,3.84306784660767,2185.19766011644,182.321715793303,117.158074963611,1242.31631368268,230.641593886463,140.115791484716
WK063800,Zoeterwoude,Zoeterwoude-Dorp en Westeinde en Zuidbuurt en Weipoort,2021,45.0787493227008,38838.6959628439,0.133941093969144,1.04570527974783,3.96955036994878,2263.30037566137,202.75350617284,128.245636684303,1304.31265255732,233.657620811288,84.1335626102293
WK063801,Zoeterwoude,Zoeterwoude-Dorp en Westeinde en Zuidbuurt en Weipoort,2021,45.0787493227008,38838.6959628439,0.133941093969144,1.04570527974783,3.96955036994878,2263.30037566137,202.75350617284,128.245636684303,1304.31265255732,233.657620811288,84.1335626102293
WK063802,Zoeterwoude,Zoeterwoude-Dorp en Westeinde en Zuidbuurt en Weipoort,2021,45.0787493227008,38838.6959628439,0.133941093969144,1.04570527974783,3.96955036994878,2263.30037566137,202.75350617284,128.245636684303,1304.31265255732,233.657620811288,84.1335626102293
WK063803,Zoeterwoude,Zoeterwoude-Dorp en Westeinde en Zuidbuurt en Weipoort,2021,45.0787493227008,38838.6959628439,0.133941093969144,1.04570527974783,3.96955036994878,2263.30037566137,202.75350617284,128.245636684303,1304.31265255732,233.657620811288,84.1335626102293
WK063800,Zoeterwoude,Zoeterwoude-Dorp en Westeinde en Zuidbuurt en Weipoort,2022,45.0115689179982,40655.5504246284,0.0755754036413604,0.94853683148335,3.94793388429752,2391.18483301278,224.938573177129,151.030800839307,1446.49849274349,269.785002622836,
WK063801,Zoeterwoude,Zoeterwoude-Dorp en Westeinde en Zuidbuurt en Weipoort,2022,45.0115689179982,40655.5504246284,0.0755754036413604,0.94853683148335,3.94793388429752,2391.18483301278,224.938573177129,151.030800839307,1446.49849274349,269.785002622836,
WK063802,Zoeterwoude,Zoeterwoude-Dorp en Westeinde en Zuidbuurt en Weipoort,2022,45.0115689179982,40655.5504246284,0.0755754036413604,0.94853683148335,3.94793388429752,2391.18483301278,224.938573177129,151.030800839307,1446.49849274349,269.785002622836,
WK063803,Zoeterwoude,Zoeterwoude-Dorp en Westeinde en Zuidbuurt en Weipoort,2022,45.0115689179982,40655.5504246284,0.0755754036413604,0.94853683148335,3.94793388429752,2391.18483301278,224.938573177129,151.030800839307,1446.49849274349,269.785002622836,
WK063800,Zoeterwoude,Zoeterwoude-Dorp en Westeinde en Zuidbuurt en Weipoort,2023,45.2858153509737,43147.8479521884,0.0734211877460209,0.896243291592129,3.84134745992937,,,,,,
WK063801,Zoeterwoude,Zoeterwoude-Dorp en Westeinde en Zuidbuurt en Weipoort,2023,45.2858153509737,43147.8479521884,0.0734211877460209,0.896243291592129,3.84134745992937,,,,,,
WK063802,Zoeterwoude,Zoeterwoude-Dorp en Westeinde en Zuidbuurt en Weipoort,2023,45.2858153509737,43147.8479521884,0.0734211877460209,0.896243291592129,3.84134745992937,,,,,,
WK063803,Zoeterwoude,Zoeterwoude-Dorp en Westeinde en Zuidbuurt en Weipoort,2023,45.2858153509737,43147.8479521884,0.0734211877460209,0.896243291592129,3.84134745992937,,,,,,
WK063800,Zoeterwoude,Zoeterwoude-Dorp en Westeinde en Zuidbuurt en Weipoort,2024,45.6477537078533,,0.0867132867132867,0.510489510489511,,,,,,,
WK063801,Zoeterwoude,Zoeterwoude-Dorp en Westeinde en Zuidbuurt en Weipoort,2024,45.6477537078533,,0.0867132867132867,0.510489510489511,,,,,,,
WK063802,Zoeterwoude,Zoeterwoude-Dorp en Westeinde en Zuidbuurt en Weipoort,2024,45.6477537078533,,0.0867132867132867,0.510489510489511,,,,,,,
WK063803,Zoeterwoude,Zoeterwoude-Dorp en Westeinde en Zuidbuurt en Weipoort,2024,45.6477537078533,,0.0867132867132867,0.510489510489511,,,,,,,
WK063804,Zoeterwoude,Zoeterwoude-Rijndijk en Westeinde en Gelderswoude en Verspreide huizen,2009,38.887063065152,,0.0768953068592058,0.561904761904762,3.52004219409283,1899.91352876912,124.531926438456,73.5963911143486,976.74005462491,235.001023306628,349.885203932993
WK063809,Zoeterwoude,Zoeterwoude-Rijndijk en Westeinde en Gelderswoude en Verspreide huizen,2009,38.887063065152,,0.0768953068592058,0.561904761904762,3.52004219409283,1899.91352876912,124.531926438456,73.5963911143486,976.74005462491,235.001023306628,349.885203932993
WK063810,Zoeterwoude,Zoeterwoude-Rijndijk en Westeinde en Gelderswoude en Verspreide huizen,2009,38.887063065152,,0.0768953068592058,0.561904761904762,3.52004219409283,1899.91352876912,124.531926438456,73.5963911143486,976.74005462491,235.001023306628,349.885203932993
WK063804,Zoeterwoude,Zoeterwoude-Rijndijk en Westeinde en Gelderswoude en Verspreide huizen,2010,39.2289792884793,,0.0534351145038168,0.564102564102564,3.51307022039979,1886.13145688073,124.621220951678,69.3009516783475,980.335333825157,275.478708963482,299.796535779817
WK063809,Zoeterwoude,Zoeterwoude-Rijndijk en Westeinde en Gelderswoude en Verspreide huizen,2010,39.2289792884793,,0.0534351145038168,0.564102564102564,3.51307022039979,1886.13145688073,124.621220951678,69.3009516783475,980.335333825157,275.478708963482,299.796535779817
WK063810,Zoeterwoude,Zoeterwoude-Rijndijk en Westeinde en Gelderswoude en Verspreide huizen,2010,39.2289792884793,,0.0534351145038168,0.564102564102564,3.51307022039979,1886.13145688073,124.621220951678,69.3009516783475,980.335333825157,275.478708963482,299.796535779817
WK063804,Zoeterwoude,Zoeterwoude-Rijndijk en Westeinde en Gelderswoude en Verspreide huizen,2011,39.5470271394836,30200.3862962963,0.054367524465386,0.589641434262948,3.60092927207021,1837.87535766424,150.95699270073,86.8944562043794,978.800715328469,271.099372262774,230.888452554745
WK063809,Zoeterwoude,Zoeterwoude-Rijndijk en Westeinde en Gelderswoude en Verspreide huizen,2011,39.5470271394836,30200.3862962963,0.054367524465386,0.589641434262948,3.60092927207021,1837.87535766424,150.95699270073,86.8944562043794,978.800715328469,271.099372262774,230.888452554745
WK063810,Zoeterwoude,Zoeterwoude-Rijndijk en Westeinde en Gelderswoude en Verspreide huizen,2011,39.5470271394836,30200.3862962963,0.054367524465386,0.589641434262948,3.60092927207021,1837.87535766424,150.95699270073,86.8944562043794,978.800715328469,271.099372262774,230.888452554745
WK063804,Zoeterwoude,Zoeterwoude-Rijndijk en Westeinde en Gelderswoude en Verspreide huizen,2012,40.2574904371931,30297.164851671,0.0473197781885397,0.706004140786749,3.49367088607595,1898.8939472707,149.078024507984,89.7456034162644,1194.94522465652,236.399105087263,106.066034162644
WK063809,Zoeterwoude,Zoeterwoude-Rijndijk en Westeinde en Gelderswoude en Verspreide huizen,2012,40.2574904371931,30297.164851671,0.0473197781885397,0.706004140786749,3.49367088607595,1898.8939472707,149.078024507984,89.7456034162644,1194.94522465652,236.399105087263,106.066034162644
WK063810,Zoeterwoude,Zoeterwoude-Rijndijk en Westeinde en Gelderswoude en Verspreide huizen,2012,40.2574904371931,30297.164851671,0.0473197781885397,0.706004140786749,3.49367088607595,1898.8939472707,149.078024507984,89.7456034162644,1194.94522465652,236.399105087263,106.066034162644
WK063804,Zoeterwoude,Zoeterwoude-Rijndijk en Westeinde en Gelderswoude en Verspreide huizen,2013,40.4353675916561,30869.5757800892,0.0740875912408759,0.736301369863014,3.59012875536481,1951.14547915143,155.614332235638,95.6733991950239,1190.28082327113,213.872012440542,146.606371616679
WK063809,Zoeterwoude,Zoeterwoude-Rijndijk en Westeinde en Gelderswoude en Verspreide huizen,2013,40.4353675916561,30869.5757800892,0.0740875912408759,0.736301369863014,3.59012875536481,1951.14547915143,155.614332235638,95.6733991950239,1190.28082327113,213.872012440542,146.606371616679
WK063810,Zoeterwoude,Zoeterwoude-Rijndijk en Westeinde en Gelderswoude en Verspreide huizen,2013,40.4353675916561,30869.5757800892,0.0740875912408759,0.736301369863014,3.59012875536481,1951.14547915143,155.614332235638,95.6733991950239,1190.28082327113,213.872012440542,146.606371616679
WK063804,Zoeterwoude,Zoeterwoude-Rijndijk en Westeinde en Gelderswoude en Verspreide huizen,2014,40.6519949400268,31989.7419596111,0.065712187958884,0.724913494809689,3.59003831417625,1782.61875783266,156.646041282713,94.3109509767784,1045.68814596388,209.803276815333,158.015683744932
WK063809,Zoeterwoude,Zoeterwoude-Rijndijk en Westeinde en Gelderswoude en Verspreide huizen,2014,40.6519949400268,31989.7419596111,0.065712187958884,0.724913494809689,3.59003831417625,1782.61875783266,156.646041282713,94.3109509767784,1045.68814596388,209.803276815333,158.015683744932
WK063810,Zoeterwoude,Zoeterwoude-Rijndijk en Westeinde en Gelderswoude en Verspreide huizen,2014,40.6519949400268,31989.7419596111,0.065712187958884,0.724913494809689,3.59003831417625,1782.61875783266,156.646041282713,94.3109509767784,1045.68814596388,209.803276815333,158.015683744932
WK063804,Zoeterwoude,Zoeterwoude-Rijndijk en Westeinde en Gelderswoude en Verspreide huizen,2015,41.1411313793901,31205.6989126359,0.0589535740604274,0.816017316017316,3.73279569892473,2070.671102071,162.393113905325,99.0000998520712,1216.15964866864,224.086124260354,145.463598372781
WK063809,Zoeterwoude,Zoeterwoude-Rijndijk en Westeinde en Gelderswoude en Verspreide huizen,2015,41.1411313793901,31205.6989126359,0.0589535740604274,0.816017316017316,3.73279569892473,2070.671102071,162.393113905325,99.0000998520712,1216.15964866864,224.086124260354,145.463598372781
WK063810,Zoeterwoude,Zoeterwoude-Rijndijk en Westeinde en Gelderswoude en Verspreide huizen,2015,41.1411313793901,31205.6989126359,0.0589535740604274,0.816017316017316,3.73279569892473,2070.671102071,162.393113905325,99.0000998520712,1216.15964866864,224.086124260354,145.463598372781
WK063804,Zoeterwoude,Zoeterwoude-Rijndijk en Westeinde en Gelderswoude en Verspreide huizen,2016,40.2425958334057,32977.6178343949,0.127991675338189,0.931880108991826,3.66411824668705,1959.71582287308,165.060693863319,102.040516039051,1164.61805090655,212.460951882845,101.341492329149
WK063809,Zoeterwoude,Zoeterwoude-Rijndijk en Westeinde en Gelderswoude en Verspreide huizen,2016,40.2425958334057,32977.6178343949,0.127991675338189,0.931880108991826,3.66411824668705,1959.71582287308,165.060693863319,102.040516039051,1164.61805090655,212.460951882845,101.341492329149
WK063810,Zoeterwoude,Zoeterwoude-Rijndijk en Westeinde en Gelderswoude en Verspreide huizen,2016,40.2425958334057,32977.6178343949,0.127991675338189,0.931880108991826,3.66411824668705,1959.71582287308,165.060693863319,102.040516039051,1164.61805090655,212.460951882845,101.341492329149
WK063804,Zoeterwoude,Zoeterwoude-Rijndijk en Westeinde en Gelderswoude en Verspreide huizen,2017,40.0166483737398,33567.39608382,0.106096328730212,1.06115702479339,3.61300152361605,1961.48631239389,172.326780984719,107.837028862479,1082.17101867572,212.267157894737,188.50655008489
WK063809,Zoeterwoude,Zoeterwoude-Rijndijk en Westeinde en Gelderswoude en Verspreide huizen,2017,40.0166483737398,33567.39608382,0.106096328730212,1.06115702479339,3.61300152361605,1961.48631239389,172.326780984719,107.837028862479,1082.17101867572,212.267157894737,188.50655008489
WK063810,Zoeterwoude,Zoeterwoude-Rijndijk en Westeinde en Gelderswoude en Verspreide huizen,2017,40.0166483737398,33567.39608382,0.106096328730212,1.06115702479339,3.61300152361605,1961.48631239389,172.326780984719,107.837028862479,1082.17101867572,212.267157894737,188.50655008489
WK063804,Zoeterwoude,Zoeterwoude-Rijndijk en Westeinde en Gelderswoude en Verspreide huizen,2018,40.2210543830842,35564.5077181208,0.086570111915734,0.911714770797963,3.53300248138958,2081.98614413815,180.557150448356,114.276625705746,1205.64522417802,206.278080371969,163.574762537363
WK063809,Zoeterwoude,Zoeterwoude-Rijndijk en Westeinde en Gelderswoude en Verspreide huizen,2018,40.2210543830842,35564.5077181208,0.086570111915734,0.911714770797963,3.53300248138958,2081.98614413815,180.557150448356,114.276625705746,1205.64522417802,206.278080371969,163.574762537363
WK063810,Zoeterwoude,Zoeterwoude-Rijndijk en Westeinde en Gelderswoude en Verspreide huizen,2018,40.2210543830842,35564.5077181208,0.086570111915734,0.911714770797963,3.53300248138958,2081.98614413815,180.557150448356,114.276625705746,1205.64522417802,206.278080371969,163.574762537363
WK063804,Zoeterwoude,Zoeterwoude-Rijndijk en Westeinde en Gelderswoude en Verspreide huizen,2019,39.5475492698072,37138.4620578778,0.123791705643904,0.96617050067659,3.53968253968254,2116.54777358491,182.066849056604,113.743735849057,1208.07313522013,241.92960062893,109.765544025157
WK063809,Zoeterwoude,Zoeterwoude-Rijndijk en Westeinde en Gelderswoude en Verspreide huizen,2019,39.5475492698072,37138.4620578778,0.123791705643904,0.96617050067659,3.53968253968254,2116.54777358491,182.066849056604,113.743735849057,1208.07313522013,241.92960062893,109.765544025157
WK063810,Zoeterwoude,Zoeterwoude-Rijndijk en Westeinde en Gelderswoude en Verspreide huizen,2019,39.5475492698072,37138.4620578778,0.123791705643904,0.96617050067659,3.53968253968254,2116.54777358491,182.066849056604,113.743735849057,1208.07313522013,241.92960062893,109.765544025157
WK063804,Zoeterwoude,Zoeterwoude-Rijndijk en Westeinde en Gelderswoude en Verspreide huizen,2020,38.876315508085,38660.6099732858,0.135877421220006,1.10199296600234,3.53912213740458,2184.71204657933,184.910564774381,119.277135371179,1227.35809606987,204.37034643377,218.606384279476
WK063809,Zoeterwoude,Zoeterwoude-Rijndijk en Westeinde en Gelderswoude en Verspreide huizen,2020,38.876315508085,38660.6099732858,0.135877421220006,1.10199296600234,3.53912213740458,2184.71204657933,184.910564774381,119.277135371179,1227.35809606987,204.37034643377,218.606384279476
WK063810,Zoeterwoude,Zoeterwoude-Rijndijk en Westeinde en Gelderswoude en Verspreide huizen,2020,38.876315508085,38660.6099732858,0.135877421220006,1.10199296600234,3.53912213740458,2184.71204657933,184.910564774381,119.277135371179,1227.35809606987,204.37034643377,218.606384279476
WK063804,Zoeterwoude,Zoeterwoude-Rijndijk en Westeinde en Gelderswoude en Verspreide huizen,2021,39.0417732078885,41298.2622589532,0.14343163538874,1.16326530612245,3.39003436426117,2118.92841749933,194.918701053201,120.913472859843,1211.60187415609,199.337294085876,147.202411558196
WK063809,Zoeterwoude,Zoeterwoude-Rijndijk en Westeinde en Gelderswoude en Verspreide huizen,2021,39.0417732078885,41298.2622589532,0.14343163538874,1.16326530612245,3.39003436426117,2118.92841749933,194.918701053201,120.913472859843,1211.60187415609,199.337294085876,147.202411558196
WK063810,Zoeterwoude,Zoeterwoude-Rijndijk en Westeinde en Gelderswoude en Verspreide huizen,2021,39.0417732078885,41298.2622589532,0.14343163538874,1.16326530612245,3.39003436426117,2118.92841749933,194.918701053201,120.913472859843,1211.60187415609,199.337294085876,147.202411558196
WK063804,Zoeterwoude,Zoeterwoude-Rijndijk en Westeinde en Gelderswoude en Verspreide huizen,2022,39.3102900847096,44519.615843733,0.0610727562400425,0.878461538461539,3.47897774113768,1954.73586723769,208.426943254818,134.293565310492,1194.77779710921,205.250631691649,
WK063809,Zoeterwoude,Zoeterwoude-Rijndijk en Westeinde en Gelderswoude en Verspreide huizen,2022,39.3102900847096,44519.615843733,0.0610727562400425,0.878461538461539,3.47897774113768,1954.73586723769,208.426943254818,134.293565310492,1194.77779710921,205.250631691649,
WK063810,Zoeterwoude,Zoeterwoude-Rijndijk en Westeinde en Gelderswoude en Verspreide huizen,2022,39.3102900847096,44519.615843733,0.0610727562400425,0.878461538461539,3.47897774113768,1954.73586723769,208.426943254818,134.293565310492,1194.77779710921,205.250631691649,
WK063804,Zoeterwoude,Zoeterwoude-Rijndijk en Westeinde en Gelderswoude en Verspreide huizen,2023,38.8674680629668,46515.969953775,0.118799603174603,1.07395833333333,3.42395437262357,,,,,,
WK063809,Zoeterwoude,Zoeterwoude-Rijndijk en Westeinde en Gelderswoude en Verspreide huizen,2023,38.8674680629668,46515.969953775,0.118799603174603,1.07395833333333,3.42395437262357,,,,,,
WK063810,Zoeterwoude,Zoeterwoude-Rijndijk en Westeinde en Gelderswoude en Verspreide huizen,2023,38.8674680629668,46515.969953775,0.118799603174603,1.07395833333333,3.42395437262357,,,,,,
WK063804,Zoeterwoude,Zoeterwoude-Rijndijk en Westeinde en Gelderswoude en Verspreide huizen,2024,39.4899767983386,,0.0791472678265131,0.540063709875031,,,,,,,
WK063809,Zoeterwoude,Zoeterwoude-Rijndijk en Westeinde en Gelderswoude en Verspreide huizen,2024,39.4899767983386,,0.0791472678265131,0.540063709875031,,,,,,,
WK063810,Zoeterwoude,Zoeterwoude-Rijndijk en Westeinde en Gelderswoude en Verspreide huizen,2024,39.4899767983386,,0.0791472678265131,0.540063709875031,,,,,,,
WK051806,'s-Gravenhage,Zorgvliet en Van Stolkpark en Scheveningse Bosjes,2009,49.6389503323559,,0.156074014481094,0.632286995515695,4.80334190231362,2626.84102752293,133.368972477064,83.8715963302752,1374.65548623853,388.552165137615,375.495165137615
WK051810,'s-Gravenhage,Zorgvliet en Van Stolkpark en Scheveningse Bosjes,2009,49.6389503323559,,0.156074014481094,0.632286995515695,4.80334190231362,2626.84102752293,133.368972477064,83.8715963302752,1374.65548623853,388.552165137615,375.495165137615
WK051806,'s-Gravenhage,Zorgvliet en Van Stolkpark en Scheveningse Bosjes,2010,50.11680761906,,0.169765561843169,0.738297872340426,5.02190721649485,2418.1112010919,135.941154903758,74.1614665444546,1335.66303391384,431.901824014665,159.966806187443
WK051810,'s-Gravenhage,Zorgvliet en Van Stolkpark en Scheveningse Bosjes,2010,50.11680761906,,0.169765561843169,0.738297872340426,5.02190721649485,2418.1112010919,135.941154903758,74.1614665444546,1335.66303391384,431.901824014665,159.966806187443
WK051806,'s-Gravenhage,Zorgvliet en Van Stolkpark en Scheveningse Bosjes,2011,51.0053494381883,56622.785198556,0.140599001663893,0.791866028708134,4.83958602846054,2685.18558525346,141.956986175115,74.8786912442398,1508.77920737327,430.604866359447,245.164792626728
WK051810,'s-Gravenhage,Zorgvliet en Van Stolkpark en Scheveningse Bosjes,2011,51.0053494381883,56622.785198556,0.140599001663893,0.791866028708134,4.83958602846054,2685.18558525346,141.956986175115,74.8786912442398,1508.77920737327,430.604866359447,245.164792626728
WK051806,'s-Gravenhage,Zorgvliet en Van Stolkpark en Scheveningse Bosjes,2012,50.7086764352383,65513.7992667278,0.175742574257426,0.842767295597484,4.73929961089494,2819.83055505819,140.768480215827,78.8372661870505,1832.42354316547,345.785800359712,164.734350940018
WK051810,'s-Gravenhage,Zorgvliet en Van Stolkpark en Scheveningse Bosjes,2012,50.7086764352383,65513.7992667278,0.175742574257426,0.842767295597484,4.73929961089494,2819.83055505819,140.768480215827,78.8372661870505,1832.42354316547,345.785800359712,164.734350940018
WK051806,'s-Gravenhage,Zorgvliet en Van Stolkpark en Scheveningse Bosjes,2013,50.1604750459325,76141.4842007435,0.157590759075908,0.830508474576271,4.51102464332036,2686.19700361011,142.409089253187,78.3606921675774,1511.7031420765,360.84102003643,259.326435018051
WK051810,'s-Gravenhage,Zorgvliet en Van Stolkpark en Scheveningse Bosjes,2013,50.1604750459325,76141.4842007435,0.157590759075908,0.830508474576271,4.51102464332036,2686.19700361011,142.409089253187,78.3606921675774,1511.7031420765,360.84102003643,259.326435018051
WK051806,'s-Gravenhage,Zorgvliet en Van Stolkpark en Scheveningse Bosjes,2014,49.0006493631833,69796.2581521739,0.140723270440252,0.855504587155963,4.66893732970027,2769.31975111111,145.953166815344,80.650223015165,1435.16264049955,359.431498661909,436.325457777778
WK051810,'s-Gravenhage,Zorgvliet en Van Stolkpark en Scheveningse Bosjes,2014,49.0006493631833,69796.2581521739,0.140723270440252,0.855504587155963,4.66893732970027,2769.31975111111,145.953166815344,80.650223015165,1435.16264049955,359.431498661909,436.325457777778
WK051806,'s-Gravenhage,Zorgvliet en Van Stolkpark en Scheveningse Bosjes,2015,48.4030385955762,67652.2647569444,0.150346954510409,0.866510538641686,4.63984674329502,3021.12547023296,155.674210526316,89.616419327006,1560.28134598792,324.855893011217,257.916229508197
WK051810,'s-Gravenhage,Zorgvliet en Van Stolkpark en Scheveningse Bosjes,2015,48.4030385955762,67652.2647569444,0.150346954510409,0.866510538641686,4.63984674329502,3021.12547023296,155.674210526316,89.616419327006,1560.28134598792,324.855893011217,257.916229508197
WK051806,'s-Gravenhage,Zorgvliet en Van Stolkpark en Scheveningse Bosjes,2016,49.1460700404468,66345.8870703764,0.185347985347985,0.944558521560575,4.55489964580874,2976.70078797726,153.445353371243,86.8797644191714,1438.1660357433,311.532006498782,316.834402924452
WK051810,'s-Gravenhage,Zorgvliet en Van Stolkpark en Scheveningse Bosjes,2016,49.1460700404468,66345.8870703764,0.185347985347985,0.944558521560575,4.55489964580874,2976.70078797726,153.445353371243,86.8797644191714,1438.1660357433,311.532006498782,316.834402924452
WK051806,'s-Gravenhage,Zorgvliet en Van Stolkpark en Scheveningse Bosjes,2017,49.0329413013233,69780.6130108424,0.133283693224125,0.891566265060241,4.63426488456865,3038.77756218905,162.827437810945,95.7422636815923,1444.17589552239,307.955273631841,146.315621890547
WK051810,'s-Gravenhage,Zorgvliet en Van Stolkpark en Scheveningse Bosjes,2017,49.0329413013233,69780.6130108424,0.133283693224125,0.891566265060241,4.63426488456865,3038.77756218905,162.827437810945,95.7422636815923,1444.17589552239,307.955273631841,146.315621890547
WK051806,'s-Gravenhage,Zorgvliet en Van Stolkpark en Scheveningse Bosjes,2018,48.653832720553,72726.4357912179,0.15985401459854,0.97459584295612,4.55853658536585,3197.0814178482,171.623928273561,103.382793994996,1673.92218515429,325.727381150959,300.667247706422
WK051810,'s-Gravenhage,Zorgvliet en Van Stolkpark en Scheveningse Bosjes,2018,48.653832720553,72726.4357912179,0.15985401459854,0.97459584295612,4.55853658536585,3197.0814178482,171.623928273561,103.382793994996,1673.92218515429,325.727381150959,300.667247706422
WK051806,'s-Gravenhage,Zorgvliet en Van Stolkpark en Scheveningse Bosjes,2019,47.3784431207584,85737.4575059571,0.181946403385049,1.08539325842697,4.14218009478673,2256.70488170347,163.85570977918,94.7567586750788,1280.31735804416,254.249432176656,165.920220820189
WK051810,'s-Gravenhage,Zorgvliet en Van Stolkpark en Scheveningse Bosjes,2019,47.3784431207584,85737.4575059571,0.181946403385049,1.08539325842697,4.14218009478673,2256.70488170347,163.85570977918,94.7567586750788,1280.31735804416,254.249432176656,165.920220820189
WK051806,'s-Gravenhage,Zorgvliet en Van Stolkpark en Scheveningse Bosjes,2020,47.9934560218606,140383.019940916,0.151915455746367,1.06034482758621,4.02491506228766,2128.94265486726,164.635140117994,94.830494100295,1222.30744837758,252.582433628318,101.934159292035
WK051810,'s-Gravenhage,Zorgvliet en Van Stolkpark en Scheveningse Bosjes,2020,47.9934560218606,140383.019940916,0.151915455746367,1.06034482758621,4.02491506228766,2128.94265486726,164.635140117994,94.830494100295,1222.30744837758,252.582433628318,101.934159292035
WK051806,'s-Gravenhage,Zorgvliet en Van Stolkpark en Scheveningse Bosjes,2021,48.2076504976007,129470.494608196,0.158163265306122,1.01072961373391,4.07054871220605,2231.97631039531,180.596434846267,104.099407027819,1315.55164714495,231.880856515373,98.8868448023426
WK051810,'s-Gravenhage,Zorgvliet en Van Stolkpark en Scheveningse Bosjes,2021,48.2076504976007,129470.494608196,0.158163265306122,1.01072961373391,4.07054871220605,2231.97631039531,180.596434846267,104.099407027819,1315.55164714495,231.880856515373,98.8868448023426
WK051806,'s-Gravenhage,Zorgvliet en Van Stolkpark en Scheveningse Bosjes,2022,48.4601821724661,77138.3392476934,0.116666666666667,0.931034482758621,4.09534127843987,2346.19182788052,186.138413940256,108.784551920341,1410.02322190612,284.232610241821,
WK051810,'s-Gravenhage,Zorgvliet en Van Stolkpark en Scheveningse Bosjes,2022,48.4601821724661,77138.3392476934,0.116666666666667,0.931034482758621,4.09534127843987,2346.19182788052,186.138413940256,108.784551920341,1410.02322190612,284.232610241821,
WK051806,'s-Gravenhage,Zorgvliet en Van Stolkpark en Scheveningse Bosjes,2023,48.5199821011631,91011.7891396333,0.147004323656578,0.974609375,4.08547008547009,,,,,,
WK051810,'s-Gravenhage,Zorgvliet en Van Stolkpark en Scheveningse Bosjes,2023,48.5199821011631,91011.7891396333,0.147004323656578,0.974609375,4.08547008547009,,,,,,
WK051806,'s-Gravenhage,Zorgvliet en Van Stolkpark en Scheveningse Bosjes,2024,49.8047465579505,,0.130265716137395,0.577172503242542,,,,,,,
WK051810,'s-Gravenhage,Zorgvliet en Van Stolkpark en Scheveningse Bosjes,2024,49.8047465579505,,0.130265716137395,0.577172503242542,,,,,,,
